0 verbose cli C:\Program Files\nodejs\node.exe C:\Program Files\nodejs\node_modules\npm\bin\npm-cli.js
1 info using npm@11.6.2
2 info using node@v24.11.1
3 silly config load:file:C:\Program Files\nodejs\node_modules\npm\npmrc
4 silly config load:file:D:\dev\workspaces\js\bbortt.github.io\.npmrc
5 silly config load:file:C:\Users\timon\.npmrc
6 silly config load:file:C:\Users\timon\AppData\Roaming\npm\etc\npmrc
7 verbose title npm install
8 verbose argv "install" "--cache" ".npm"
9 verbose logfile logs-max:10 dir:D:\dev\workspaces\js\bbortt.github.io\.npm\_logs\2025-12-12T13_02_43_402Z-
10 verbose logfile D:\dev\workspaces\js\bbortt.github.io\.npm\_logs\2025-12-12T13_02_43_402Z-debug-0.log
11 silly logfile done cleaning log files
12 silly packumentCache heap:4496293888 maxSize:1124073472 maxEntrySize:562036736
13 silly idealTree buildDeps
14 silly fetch manifest bootstrap@5.3.8
15 silly packumentCache full:https://registry.npmjs.org/bootstrap cache-miss
16 http fetch GET 200 https://registry.npmjs.org/npm 1286ms
17 http fetch GET 200 https://registry.npmjs.org/bootstrap 188ms (cache miss)
18 silly packumentCache full:https://registry.npmjs.org/bootstrap set size:undefined disposed:false
19 silly fetch manifest @popperjs/core@^2.11.8
20 silly packumentCache full:https://registry.npmjs.org/@popperjs%2fcore cache-miss
21 http fetch GET 200 https://registry.npmjs.org/@popperjs%2fcore 110ms (cache miss)
22 silly packumentCache full:https://registry.npmjs.org/@popperjs%2fcore set size:undefined disposed:false
23 silly fetch manifest react-loadable@5.5.0
24 silly packumentCache full:https://registry.npmjs.org/react-loadable cache-miss
25 http fetch GET 200 https://registry.npmjs.org/react-loadable 76ms (cache miss)
26 silly packumentCache full:https://registry.npmjs.org/react-loadable set size:undefined disposed:false
27 silly fetch manifest react@19.2.3
28 silly packumentCache full:https://registry.npmjs.org/react cache-miss
29 http fetch GET 200 https://registry.npmjs.org/react 185ms (cache miss)
30 silly packumentCache full:https://registry.npmjs.org/react set size:undefined disposed:false
31 silly fetch manifest react-router-dom@7.10.1
32 silly packumentCache full:https://registry.npmjs.org/react-router-dom cache-miss
33 http fetch GET 200 https://registry.npmjs.org/react-router-dom 117ms (cache miss)
34 silly packumentCache full:https://registry.npmjs.org/react-router-dom set size:undefined disposed:false
35 silly fetch manifest react-dom@19.2.3
36 silly packumentCache full:https://registry.npmjs.org/react-dom cache-miss
37 http fetch GET 200 https://registry.npmjs.org/react-dom 210ms (cache miss)
38 silly packumentCache full:https://registry.npmjs.org/react-dom set size:undefined disposed:false
39 silly fetch manifest flow-bin@0.294.0
40 silly packumentCache full:https://registry.npmjs.org/flow-bin cache-miss
41 http fetch GET 200 https://registry.npmjs.org/flow-bin 254ms (cache miss)
42 silly packumentCache full:https://registry.npmjs.org/flow-bin set size:undefined disposed:false
43 silly fetch manifest gh-pages@6.3.0
44 silly packumentCache full:https://registry.npmjs.org/gh-pages cache-miss
45 http fetch GET 200 https://registry.npmjs.org/gh-pages 164ms (cache miss)
46 silly packumentCache full:https://registry.npmjs.org/gh-pages set size:undefined disposed:false
47 silly fetch manifest npm-check@6.0.1
48 silly packumentCache full:https://registry.npmjs.org/npm-check cache-miss
49 http fetch GET 200 https://registry.npmjs.org/npm-check 114ms (cache miss)
50 silly packumentCache full:https://registry.npmjs.org/npm-check set size:undefined disposed:false
51 silly placeDep ROOT bootstrap@5.3.8 OK for:  want: 5.3.8
52 silly placeDep ROOT @popperjs/core@2.11.8 OK for: bootstrap@5.3.8 want: ^2.11.8
53 silly placeDep ROOT flow-bin@0.294.0 OK for:  want: 0.294.0
54 silly placeDep ROOT gh-pages@6.3.0 OK for:  want: 6.3.0
55 silly placeDep ROOT npm-check@6.0.1 OK for:  want: 6.0.1
56 silly placeDep ROOT react-loadable@5.5.0 OK for:  want: 5.5.0
57 silly placeDep ROOT react-router-dom@7.10.1 OK for:  want: 7.10.1
58 silly fetch manifest fs-extra@^11.1.1
59 silly packumentCache full:https://registry.npmjs.org/fs-extra cache-miss
60 silly fetch manifest commander@^13.0.0
61 silly packumentCache full:https://registry.npmjs.org/commander cache-miss
62 silly fetch manifest filenamify@^4.3.0
63 silly packumentCache full:https://registry.npmjs.org/filenamify cache-miss
64 silly fetch manifest email-addresses@^5.0.0
65 silly packumentCache full:https://registry.npmjs.org/email-addresses cache-miss
66 silly fetch manifest ora@^5.3.0
67 silly packumentCache full:https://registry.npmjs.org/ora cache-miss
68 silly fetch manifest meow@^9.0.0
69 silly packumentCache full:https://registry.npmjs.org/meow cache-miss
70 silly fetch manifest is-ci@^2.0.0
71 silly packumentCache full:https://registry.npmjs.org/is-ci cache-miss
72 silly fetch manifest xtend@^4.0.2
73 silly packumentCache full:https://registry.npmjs.org/xtend cache-miss
74 silly fetch manifest giturl@^1.0.0
75 silly packumentCache full:https://registry.npmjs.org/giturl cache-miss
76 silly fetch manifest pkg-dir@^5.0.0
77 silly packumentCache full:https://registry.npmjs.org/pkg-dir cache-miss
78 silly fetch manifest depcheck@^1.3.1
79 silly packumentCache full:https://registry.npmjs.org/depcheck cache-miss
80 silly fetch manifest inquirer@^7.3.3
81 silly packumentCache full:https://registry.npmjs.org/inquirer cache-miss
82 silly fetch manifest node-emoji@^1.10.0
83 silly packumentCache full:https://registry.npmjs.org/node-emoji cache-miss
84 silly fetch manifest semver-diff@^3.1.1
85 silly packumentCache full:https://registry.npmjs.org/semver-diff cache-miss
86 silly fetch manifest package-json@^6.5.0
87 silly packumentCache full:https://registry.npmjs.org/package-json cache-miss
88 http fetch GET 200 https://registry.npmjs.org/fs-extra 120ms (cache miss)
89 silly packumentCache full:https://registry.npmjs.org/fs-extra set size:undefined disposed:false
90 silly fetch manifest preferred-pm@^3.0.3
91 silly packumentCache full:https://registry.npmjs.org/preferred-pm cache-miss
92 http fetch GET 200 https://registry.npmjs.org/commander 153ms (cache miss)
93 silly packumentCache full:https://registry.npmjs.org/commander set size:undefined disposed:false
94 silly fetch manifest callsite-record@^4.1.3
95 silly packumentCache full:https://registry.npmjs.org/callsite-record cache-miss
96 http fetch GET 200 https://registry.npmjs.org/callsite-record 72ms (cache miss)
97 silly packumentCache full:https://registry.npmjs.org/callsite-record set size:undefined disposed:false
98 silly fetch manifest update-notifier@^5.1.0
99 silly packumentCache full:https://registry.npmjs.org/update-notifier cache-miss
100 http fetch GET 200 https://registry.npmjs.org/preferred-pm 110ms (cache miss)
101 silly packumentCache full:https://registry.npmjs.org/preferred-pm set size:undefined disposed:false
102 silly fetch manifest rc-config-loader@^4.0.0
103 silly packumentCache full:https://registry.npmjs.org/rc-config-loader cache-miss
104 http fetch GET 200 https://registry.npmjs.org/xtend 267ms (cache miss)
105 silly packumentCache full:https://registry.npmjs.org/xtend set size:undefined disposed:false
106 silly fetch manifest react-router@7.10.1
107 silly packumentCache full:https://registry.npmjs.org/react-router cache-miss
108 http fetch GET 200 https://registry.npmjs.org/email-addresses 303ms (cache miss)
109 silly packumentCache full:https://registry.npmjs.org/email-addresses set size:undefined disposed:false
110 http fetch GET 200 https://registry.npmjs.org/filenamify 311ms (cache miss)
111 silly packumentCache full:https://registry.npmjs.org/filenamify set size:undefined disposed:false
112 http fetch GET 200 https://registry.npmjs.org/is-ci 324ms (cache miss)
113 silly packumentCache full:https://registry.npmjs.org/is-ci set size:undefined disposed:false
114 http fetch GET 200 https://registry.npmjs.org/meow 337ms (cache miss)
115 silly packumentCache full:https://registry.npmjs.org/meow set size:undefined disposed:false
116 http fetch GET 200 https://registry.npmjs.org/package-json 343ms (cache miss)
117 silly packumentCache full:https://registry.npmjs.org/package-json set size:undefined disposed:false
118 http fetch GET 200 https://registry.npmjs.org/ora 350ms (cache miss)
119 silly packumentCache full:https://registry.npmjs.org/ora set size:undefined disposed:false
120 http fetch GET 200 https://registry.npmjs.org/giturl 351ms (cache miss)
121 silly packumentCache full:https://registry.npmjs.org/giturl set size:undefined disposed:false
122 http fetch GET 200 https://registry.npmjs.org/rc-config-loader 123ms (cache miss)
123 silly packumentCache full:https://registry.npmjs.org/rc-config-loader set size:undefined disposed:false
124 http fetch GET 200 https://registry.npmjs.org/pkg-dir 364ms (cache miss)
125 silly packumentCache full:https://registry.npmjs.org/pkg-dir set size:undefined disposed:false
126 http fetch GET 200 https://registry.npmjs.org/update-notifier 137ms (cache miss)
127 silly packumentCache full:https://registry.npmjs.org/update-notifier set size:undefined disposed:false
128 http fetch GET 200 https://registry.npmjs.org/node-emoji 370ms (cache miss)
129 silly packumentCache full:https://registry.npmjs.org/node-emoji set size:undefined disposed:false
130 http fetch GET 200 https://registry.npmjs.org/semver-diff 378ms (cache miss)
131 silly packumentCache full:https://registry.npmjs.org/semver-diff set size:undefined disposed:false
132 http fetch GET 200 https://registry.npmjs.org/depcheck 391ms (cache miss)
133 silly packumentCache full:https://registry.npmjs.org/depcheck set size:undefined disposed:false
134 http fetch GET 200 https://registry.npmjs.org/inquirer 412ms (cache miss)
135 silly packumentCache full:https://registry.npmjs.org/inquirer set size:undefined disposed:false
136 http fetch GET 200 https://registry.npmjs.org/react-router 185ms (cache miss)
137 silly packumentCache full:https://registry.npmjs.org/react-router set size:undefined disposed:false
138 silly placeDep node_modules/gh-pages commander@13.1.0 OK for: gh-pages@6.3.0 want: ^13.0.0
139 silly placeDep ROOT email-addresses@5.0.0 OK for: gh-pages@6.3.0 want: ^5.0.0
140 silly placeDep ROOT filenamify@4.3.0 OK for: gh-pages@6.3.0 want: ^4.3.0
141 silly placeDep node_modules/gh-pages fs-extra@11.3.2 OK for: gh-pages@6.3.0 want: ^11.1.1
142 silly fetch manifest strip-outer@^1.0.1
143 silly packumentCache full:https://registry.npmjs.org/strip-outer cache-miss
144 silly fetch manifest trim-repeated@^1.0.0
145 silly packumentCache full:https://registry.npmjs.org/trim-repeated cache-miss
146 silly fetch manifest filename-reserved-regex@^2.0.0
147 silly packumentCache full:https://registry.npmjs.org/filename-reserved-regex cache-miss
148 http fetch GET 200 https://registry.npmjs.org/strip-outer 75ms (cache miss)
149 silly packumentCache full:https://registry.npmjs.org/strip-outer set size:undefined disposed:false
150 http fetch GET 200 https://registry.npmjs.org/filename-reserved-regex 88ms (cache miss)
151 silly packumentCache full:https://registry.npmjs.org/filename-reserved-regex set size:undefined disposed:false
152 http fetch GET 200 https://registry.npmjs.org/trim-repeated 90ms (cache miss)
153 silly packumentCache full:https://registry.npmjs.org/trim-repeated set size:undefined disposed:false
154 silly placeDep ROOT filename-reserved-regex@2.0.0 OK for: filenamify@4.3.0 want: ^2.0.0
155 silly placeDep ROOT strip-outer@1.0.1 OK for: filenamify@4.3.0 want: ^1.0.1
156 silly placeDep ROOT trim-repeated@1.0.0 OK for: filenamify@4.3.0 want: ^1.0.0
157 silly fetch manifest escape-string-regexp@^1.0.2
158 silly packumentCache full:https://registry.npmjs.org/escape-string-regexp cache-miss
159 silly fetch manifest escape-string-regexp@^1.0.2
160 silly packumentCache full:https://registry.npmjs.org/escape-string-regexp cache-miss
161 http fetch GET 200 https://registry.npmjs.org/escape-string-regexp 68ms (cache miss)
162 silly packumentCache full:https://registry.npmjs.org/escape-string-regexp set size:undefined disposed:false
163 http fetch GET 200 https://registry.npmjs.org/escape-string-regexp 70ms (cache miss)
164 silly packumentCache full:https://registry.npmjs.org/escape-string-regexp set size:undefined disposed:false
165 silly placeDep ROOT callsite-record@4.1.5 OK for: npm-check@6.0.1 want: ^4.1.3
166 silly placeDep ROOT depcheck@1.4.7 OK for: npm-check@6.0.1 want: ^1.3.1
167 silly placeDep ROOT giturl@1.0.3 OK for: npm-check@6.0.1 want: ^1.0.0
168 silly placeDep ROOT inquirer@7.3.3 OK for: npm-check@6.0.1 want: ^7.3.3
169 silly placeDep ROOT is-ci@2.0.0 OK for: npm-check@6.0.1 want: ^2.0.0
170 silly placeDep ROOT meow@9.0.0 OK for: npm-check@6.0.1 want: ^9.0.0
171 silly placeDep ROOT node-emoji@1.11.0 OK for: npm-check@6.0.1 want: ^1.10.0
172 silly placeDep ROOT ora@5.4.1 OK for: npm-check@6.0.1 want: ^5.3.0
173 silly placeDep ROOT package-json@6.5.0 OK for: npm-check@6.0.1 want: ^6.5.0
174 silly placeDep node_modules/npm-check pkg-dir@5.0.0 OK for: npm-check@6.0.1 want: ^5.0.0
175 silly placeDep ROOT preferred-pm@3.1.4 OK for: npm-check@6.0.1 want: ^3.0.3
176 silly placeDep ROOT rc-config-loader@4.1.3 OK for: npm-check@6.0.1 want: ^4.0.0
177 silly placeDep ROOT semver-diff@3.1.1 OK for: npm-check@6.0.1 want: ^3.1.1
178 silly placeDep ROOT update-notifier@5.1.0 OK for: npm-check@6.0.1 want: ^5.1.0
179 silly placeDep ROOT xtend@4.0.2 OK for: npm-check@6.0.1 want: ^4.0.2
180 silly fetch manifest @devexpress/error-stack-parser@^2.0.6
181 silly packumentCache full:https://registry.npmjs.org/@devexpress%2ferror-stack-parser cache-miss
182 silly fetch manifest @types/lodash@^4.14.72
183 silly packumentCache full:https://registry.npmjs.org/@types%2flodash cache-miss
184 silly fetch manifest callsite@^1.0.0
185 silly packumentCache full:https://registry.npmjs.org/callsite cache-miss
186 silly fetch manifest chalk@^2.4.0
187 silly packumentCache full:https://registry.npmjs.org/chalk cache-miss
188 silly fetch manifest highlight-es@^1.0.0
189 silly packumentCache full:https://registry.npmjs.org/highlight-es cache-miss
190 silly fetch manifest pinkie-promise@^2.0.0
191 silly packumentCache full:https://registry.npmjs.org/pinkie-promise cache-miss
192 silly fetch manifest callsite@^1.0.0
193 silly packumentCache full:https://registry.npmjs.org/callsite cache-miss
194 silly fetch manifest minimatch@^7.4.6
195 silly packumentCache full:https://registry.npmjs.org/minimatch cache-miss
196 silly fetch manifest deps-regex@^0.2.0
197 silly packumentCache full:https://registry.npmjs.org/deps-regex cache-miss
198 silly fetch manifest multimatch@^5.0.0
199 silly packumentCache full:https://registry.npmjs.org/multimatch cache-miss
200 silly fetch manifest findup-sync@^5.0.0
201 silly packumentCache full:https://registry.npmjs.org/findup-sync cache-miss
202 silly fetch manifest @vue/compiler-sfc@^3.3.4
203 silly packumentCache full:https://registry.npmjs.org/@vue%2fcompiler-sfc cache-miss
204 silly fetch manifest please-upgrade-node@^3.2.0
205 silly packumentCache full:https://registry.npmjs.org/please-upgrade-node cache-miss
206 silly fetch manifest require-package-name@^2.0.1
207 silly packumentCache full:https://registry.npmjs.org/require-package-name cache-miss
208 silly fetch manifest rxjs@^6.6.0
209 silly packumentCache full:https://registry.npmjs.org/rxjs cache-miss
210 http fetch GET 200 https://registry.npmjs.org/callsite 342ms (cache miss)
211 silly packumentCache full:https://registry.npmjs.org/callsite set size:undefined disposed:false
212 silly fetch manifest figures@^3.0.0
213 silly packumentCache full:https://registry.npmjs.org/figures cache-miss
214 http fetch GET 200 https://registry.npmjs.org/require-package-name 337ms (cache miss)
215 silly packumentCache full:https://registry.npmjs.org/require-package-name set size:undefined disposed:false
216 silly fetch manifest through@^2.3.6
217 silly packumentCache full:https://registry.npmjs.org/through cache-miss
218 http fetch GET 200 https://registry.npmjs.org/callsite 344ms (cache miss)
219 silly packumentCache full:https://registry.npmjs.org/callsite set size:undefined disposed:false
220 silly fetch manifest cli-width@^3.0.0
221 silly packumentCache full:https://registry.npmjs.org/cli-width cache-miss
222 http fetch GET 200 https://registry.npmjs.org/findup-sync 346ms (cache miss)
223 silly packumentCache full:https://registry.npmjs.org/findup-sync set size:undefined disposed:false
224 silly fetch manifest run-async@^2.4.0
225 silly packumentCache full:https://registry.npmjs.org/run-async cache-miss
226 http fetch GET 200 https://registry.npmjs.org/pinkie-promise 370ms (cache miss)
227 silly packumentCache full:https://registry.npmjs.org/pinkie-promise set size:undefined disposed:false
228 silly fetch manifest cli-cursor@^3.1.0
229 silly packumentCache full:https://registry.npmjs.org/cli-cursor cache-miss
230 http fetch GET 200 https://registry.npmjs.org/highlight-es 393ms (cache miss)
231 silly packumentCache full:https://registry.npmjs.org/highlight-es set size:undefined disposed:false
232 silly fetch manifest mute-stream@0.0.8
233 silly packumentCache full:https://registry.npmjs.org/mute-stream cache-miss
234 http fetch GET 200 https://registry.npmjs.org/deps-regex 394ms (cache miss)
235 silly packumentCache full:https://registry.npmjs.org/deps-regex set size:undefined disposed:false
236 silly fetch manifest external-editor@^3.0.3
237 silly packumentCache full:https://registry.npmjs.org/external-editor cache-miss
238 http fetch GET 200 https://registry.npmjs.org/multimatch 399ms (cache miss)
239 silly packumentCache full:https://registry.npmjs.org/multimatch set size:undefined disposed:false
240 silly fetch manifest ci-info@^2.0.0
241 silly packumentCache full:https://registry.npmjs.org/ci-info cache-miss
242 http fetch GET 200 https://registry.npmjs.org/please-upgrade-node 415ms (cache miss)
243 silly packumentCache full:https://registry.npmjs.org/please-upgrade-node set size:undefined disposed:false
244 silly fetch manifest type-fest@^0.18.0
245 silly packumentCache full:https://registry.npmjs.org/type-fest cache-miss
246 http fetch GET 200 https://registry.npmjs.org/@devexpress%2ferror-stack-parser 446ms (cache miss)
247 silly packumentCache full:https://registry.npmjs.org/@devexpress%2ferror-stack-parser set size:undefined disposed:false
248 silly fetch manifest decamelize@^1.2.0
249 silly packumentCache full:https://registry.npmjs.org/decamelize cache-miss
250 http fetch GET 200 https://registry.npmjs.org/@types%2flodash 484ms (cache miss)
251 silly packumentCache full:https://registry.npmjs.org/@types%2flodash set size:undefined disposed:false
252 silly fetch manifest read-pkg-up@^7.0.1
253 silly packumentCache full:https://registry.npmjs.org/read-pkg-up cache-miss
254 http fetch GET 200 https://registry.npmjs.org/chalk 525ms (cache miss)
255 silly packumentCache full:https://registry.npmjs.org/chalk set size:undefined disposed:false
256 silly fetch manifest trim-newlines@^3.0.0
257 silly packumentCache full:https://registry.npmjs.org/trim-newlines cache-miss
258 http fetch GET 200 https://registry.npmjs.org/minimatch 535ms (cache miss)
259 silly packumentCache full:https://registry.npmjs.org/minimatch set size:undefined disposed:false
260 silly fetch manifest camelcase-keys@^6.2.2
261 silly packumentCache full:https://registry.npmjs.org/camelcase-keys cache-miss
262 http fetch GET 200 https://registry.npmjs.org/figures 207ms (cache miss)
263 silly packumentCache full:https://registry.npmjs.org/figures set size:undefined disposed:false
264 silly fetch manifest hard-rejection@^2.1.0
265 silly packumentCache full:https://registry.npmjs.org/hard-rejection cache-miss
266 http fetch GET 200 https://registry.npmjs.org/through 209ms (cache miss)
267 silly packumentCache full:https://registry.npmjs.org/through set size:undefined disposed:false
268 silly fetch manifest @types/minimist@^1.2.0
269 silly packumentCache full:https://registry.npmjs.org/@types%2fminimist cache-miss
270 http fetch GET 200 https://registry.npmjs.org/run-async 211ms (cache miss)
271 silly packumentCache full:https://registry.npmjs.org/run-async set size:undefined disposed:false
272 silly fetch manifest decamelize-keys@^1.1.0
273 silly packumentCache full:https://registry.npmjs.org/decamelize-keys cache-miss
274 http fetch GET 200 https://registry.npmjs.org/cli-width 223ms (cache miss)
275 silly packumentCache full:https://registry.npmjs.org/cli-width set size:undefined disposed:false
276 silly fetch manifest minimist-options@4.1.0
277 silly packumentCache full:https://registry.npmjs.org/minimist-options cache-miss
278 http fetch GET 200 https://registry.npmjs.org/cli-cursor 209ms (cache miss)
279 silly packumentCache full:https://registry.npmjs.org/cli-cursor set size:undefined disposed:false
280 silly fetch manifest normalize-package-data@^3.0.0
281 silly packumentCache full:https://registry.npmjs.org/normalize-package-data cache-miss
282 http fetch GET 200 https://registry.npmjs.org/mute-stream 195ms (cache miss)
283 silly packumentCache full:https://registry.npmjs.org/mute-stream set size:undefined disposed:false
284 silly fetch manifest bl@^4.1.0
285 silly packumentCache full:https://registry.npmjs.org/bl cache-miss
286 http fetch GET 200 https://registry.npmjs.org/ci-info 213ms (cache miss)
287 silly packumentCache full:https://registry.npmjs.org/ci-info set size:undefined disposed:false
288 silly fetch manifest wcwidth@^1.0.1
289 silly packumentCache full:https://registry.npmjs.org/wcwidth cache-miss
290 http fetch GET 200 https://registry.npmjs.org/external-editor 223ms (cache miss)
291 silly packumentCache full:https://registry.npmjs.org/external-editor set size:undefined disposed:false
292 silly fetch manifest log-symbols@^4.1.0
293 silly packumentCache full:https://registry.npmjs.org/log-symbols cache-miss
294 http fetch GET 200 https://registry.npmjs.org/read-pkg-up 147ms (cache miss)
295 silly packumentCache full:https://registry.npmjs.org/read-pkg-up set size:undefined disposed:false
296 silly fetch manifest cli-spinners@^2.5.0
297 silly packumentCache full:https://registry.npmjs.org/cli-spinners cache-miss
298 http fetch GET 200 https://registry.npmjs.org/decamelize 216ms (cache miss)
299 silly packumentCache full:https://registry.npmjs.org/decamelize set size:undefined disposed:false
300 silly fetch manifest is-interactive@^1.0.0
301 silly packumentCache full:https://registry.npmjs.org/is-interactive cache-miss
302 http fetch GET 200 https://registry.npmjs.org/trim-newlines 133ms (cache miss)
303 silly packumentCache full:https://registry.npmjs.org/trim-newlines set size:undefined disposed:false
304 silly fetch manifest is-unicode-supported@^0.1.0
305 silly packumentCache full:https://registry.npmjs.org/is-unicode-supported cache-miss
306 http fetch GET 200 https://registry.npmjs.org/hard-rejection 141ms (cache miss)
307 silly packumentCache full:https://registry.npmjs.org/hard-rejection set size:undefined disposed:false
308 silly fetch manifest got@^9.6.0
309 silly packumentCache full:https://registry.npmjs.org/got cache-miss
310 http fetch GET 200 https://registry.npmjs.org/@types%2fminimist 182ms (cache miss)
311 silly packumentCache full:https://registry.npmjs.org/@types%2fminimist set size:undefined disposed:false
312 silly fetch manifest semver@^6.2.0
313 silly packumentCache full:https://registry.npmjs.org/semver cache-miss
314 http fetch GET 200 https://registry.npmjs.org/decamelize-keys 174ms (cache miss)
315 silly packumentCache full:https://registry.npmjs.org/decamelize-keys set size:undefined disposed:false
316 silly fetch manifest registry-url@^5.0.0
317 silly packumentCache full:https://registry.npmjs.org/registry-url cache-miss
318 http fetch GET 200 https://registry.npmjs.org/minimist-options 177ms (cache miss)
319 silly packumentCache full:https://registry.npmjs.org/minimist-options set size:undefined disposed:false
320 silly fetch manifest registry-auth-token@^4.0.0
321 silly packumentCache full:https://registry.npmjs.org/registry-auth-token cache-miss
322 http fetch GET 200 https://registry.npmjs.org/camelcase-keys 238ms (cache miss)
323 silly packumentCache full:https://registry.npmjs.org/camelcase-keys set size:undefined disposed:false
324 silly fetch manifest find-up@^5.0.0
325 silly packumentCache full:https://registry.npmjs.org/find-up cache-miss
326 http fetch GET 200 https://registry.npmjs.org/normalize-package-data 204ms (cache miss)
327 silly packumentCache full:https://registry.npmjs.org/normalize-package-data set size:undefined disposed:false
328 silly fetch manifest find-up@^5.0.0
329 silly packumentCache full:https://registry.npmjs.org/find-up cache-miss
330 http fetch GET 200 https://registry.npmjs.org/wcwidth 179ms (cache miss)
331 silly packumentCache full:https://registry.npmjs.org/wcwidth set size:undefined disposed:false
332 silly fetch manifest which-pm@^2.2.0
333 silly packumentCache full:https://registry.npmjs.org/which-pm cache-miss
334 http fetch GET 200 https://registry.npmjs.org/is-unicode-supported 158ms (cache miss)
335 silly packumentCache full:https://registry.npmjs.org/is-unicode-supported set size:undefined disposed:false
336 silly fetch manifest find-yarn-workspace-root2@1.2.16
337 silly packumentCache full:https://registry.npmjs.org/find-yarn-workspace-root2 cache-miss
338 http fetch GET 200 https://registry.npmjs.org/log-symbols 203ms (cache miss)
339 silly packumentCache full:https://registry.npmjs.org/log-symbols set size:undefined disposed:false
340 silly fetch manifest js-yaml@^4.1.0
341 silly packumentCache full:https://registry.npmjs.org/js-yaml cache-miss
342 http fetch GET 200 https://registry.npmjs.org/is-interactive 170ms (cache miss)
343 silly packumentCache full:https://registry.npmjs.org/is-interactive set size:undefined disposed:false
344 silly fetch manifest semver@^6.3.0
345 silly packumentCache full:https://registry.npmjs.org/semver cache-miss
346 http fetch GET 200 https://registry.npmjs.org/bl 247ms (cache miss)
347 silly packumentCache full:https://registry.npmjs.org/bl set size:undefined disposed:false
348 silly fetch manifest pupa@^2.1.1
349 silly packumentCache full:https://registry.npmjs.org/pupa cache-miss
350 http fetch GET 200 https://registry.npmjs.org/@vue%2fcompiler-sfc 845ms (cache miss)
351 silly packumentCache full:https://registry.npmjs.org/@vue%2fcompiler-sfc set size:undefined disposed:false
352 silly fetch manifest boxen@^5.0.0
353 silly packumentCache full:https://registry.npmjs.org/boxen cache-miss
354 http fetch GET 200 https://registry.npmjs.org/cli-spinners 232ms (cache miss)
355 silly packumentCache full:https://registry.npmjs.org/cli-spinners set size:undefined disposed:false
356 silly fetch manifest is-npm@^5.0.0
357 silly packumentCache full:https://registry.npmjs.org/is-npm cache-miss
358 http fetch GET 200 https://registry.npmjs.org/type-fest 471ms (cache miss)
359 silly packumentCache full:https://registry.npmjs.org/type-fest set size:undefined disposed:false
360 silly fetch manifest has-yarn@^2.1.0
361 silly packumentCache full:https://registry.npmjs.org/has-yarn cache-miss
362 http fetch GET 200 https://registry.npmjs.org/which-pm 119ms (cache miss)
363 silly packumentCache full:https://registry.npmjs.org/which-pm set size:undefined disposed:false
364 silly fetch manifest configstore@^5.0.1
365 silly packumentCache full:https://registry.npmjs.org/configstore cache-miss
366 http fetch GET 200 https://registry.npmjs.org/registry-auth-token 170ms (cache miss)
367 silly packumentCache full:https://registry.npmjs.org/registry-auth-token set size:undefined disposed:false
368 silly fetch manifest import-lazy@^2.1.0
369 silly packumentCache full:https://registry.npmjs.org/import-lazy cache-miss
370 http fetch GET 200 https://registry.npmjs.org/rxjs 925ms (cache miss)
371 silly packumentCache full:https://registry.npmjs.org/rxjs set size:undefined disposed:false
372 silly fetch manifest xdg-basedir@^4.0.0
373 silly packumentCache full:https://registry.npmjs.org/xdg-basedir cache-miss
374 http fetch GET 200 https://registry.npmjs.org/find-up 151ms (cache miss)
375 silly packumentCache full:https://registry.npmjs.org/find-up set size:undefined disposed:false
376 silly fetch manifest is-yarn-global@^0.3.0
377 silly packumentCache full:https://registry.npmjs.org/is-yarn-global cache-miss
378 http fetch GET 200 https://registry.npmjs.org/registry-url 203ms (cache miss)
379 silly packumentCache full:https://registry.npmjs.org/registry-url set size:undefined disposed:false
380 silly fetch manifest latest-version@^5.1.0
381 silly packumentCache full:https://registry.npmjs.org/latest-version cache-miss
382 http fetch GET 200 https://registry.npmjs.org/find-up 171ms (cache miss)
383 silly packumentCache full:https://registry.npmjs.org/find-up set size:undefined disposed:false
384 silly fetch manifest is-installed-globally@^0.4.0
385 silly packumentCache full:https://registry.npmjs.org/is-installed-globally cache-miss
386 http fetch GET 200 https://registry.npmjs.org/semver 220ms (cache miss)
387 silly packumentCache full:https://registry.npmjs.org/semver set size:undefined disposed:false
388 http fetch GET 200 https://registry.npmjs.org/js-yaml 145ms (cache miss)
389 silly packumentCache full:https://registry.npmjs.org/js-yaml set size:undefined disposed:false
390 http fetch GET 200 https://registry.npmjs.org/find-yarn-workspace-root2 156ms (cache miss)
391 silly packumentCache full:https://registry.npmjs.org/find-yarn-workspace-root2 set size:undefined disposed:false
392 http fetch GET 200 https://registry.npmjs.org/is-npm 118ms (cache miss)
393 silly packumentCache full:https://registry.npmjs.org/is-npm set size:undefined disposed:false
394 http fetch GET 200 https://registry.npmjs.org/semver 161ms (cache miss)
395 silly packumentCache full:https://registry.npmjs.org/semver set size:undefined disposed:false
396 http fetch GET 200 https://registry.npmjs.org/boxen 139ms (cache miss)
397 silly packumentCache full:https://registry.npmjs.org/boxen set size:undefined disposed:false
398 http fetch GET 200 https://registry.npmjs.org/pupa 158ms (cache miss)
399 silly packumentCache full:https://registry.npmjs.org/pupa set size:undefined disposed:false
400 http fetch GET 200 https://registry.npmjs.org/got 308ms (cache miss)
401 silly packumentCache full:https://registry.npmjs.org/got set size:undefined disposed:false
402 http fetch GET 200 https://registry.npmjs.org/has-yarn 131ms (cache miss)
403 silly packumentCache full:https://registry.npmjs.org/has-yarn set size:undefined disposed:false
404 http fetch GET 200 https://registry.npmjs.org/configstore 120ms (cache miss)
405 silly packumentCache full:https://registry.npmjs.org/configstore set size:undefined disposed:false
406 http fetch GET 200 https://registry.npmjs.org/import-lazy 117ms (cache miss)
407 silly packumentCache full:https://registry.npmjs.org/import-lazy set size:undefined disposed:false
408 http fetch GET 200 https://registry.npmjs.org/xdg-basedir 106ms (cache miss)
409 silly packumentCache full:https://registry.npmjs.org/xdg-basedir set size:undefined disposed:false
410 http fetch GET 200 https://registry.npmjs.org/is-installed-globally 89ms (cache miss)
411 silly packumentCache full:https://registry.npmjs.org/is-installed-globally set size:undefined disposed:false
412 http fetch GET 200 https://registry.npmjs.org/latest-version 101ms (cache miss)
413 silly packumentCache full:https://registry.npmjs.org/latest-version set size:undefined disposed:false
414 http fetch GET 200 https://registry.npmjs.org/is-yarn-global 122ms (cache miss)
415 silly packumentCache full:https://registry.npmjs.org/is-yarn-global set size:undefined disposed:false
416 silly placeDep ROOT @devexpress/error-stack-parser@2.0.6 OK for: callsite-record@4.1.5 want: ^2.0.6
417 silly placeDep ROOT @types/lodash@4.17.21 OK for: callsite-record@4.1.5 want: ^4.14.72
418 silly placeDep ROOT callsite@1.0.0 OK for: callsite-record@4.1.5 want: ^1.0.0
419 silly placeDep node_modules/callsite-record chalk@2.4.2 OK for: callsite-record@4.1.5 want: ^2.4.0
420 silly placeDep ROOT highlight-es@1.0.3 OK for: callsite-record@4.1.5 want: ^1.0.0
421 silly placeDep ROOT pinkie-promise@2.0.1 OK for: callsite-record@4.1.5 want: ^2.0.0
422 silly fetch manifest ansi-styles@^3.2.1
423 silly packumentCache full:https://registry.npmjs.org/ansi-styles cache-miss
424 silly fetch manifest supports-color@^5.3.0
425 silly packumentCache full:https://registry.npmjs.org/supports-color cache-miss
426 silly fetch manifest escape-string-regexp@^1.0.5
427 silly packumentCache full:https://registry.npmjs.org/escape-string-regexp cache-miss
428 silly fetch manifest is-es2016-keyword@^1.0.0
429 silly packumentCache full:https://registry.npmjs.org/is-es2016-keyword cache-miss
430 silly fetch manifest js-tokens@^3.0.0
431 silly packumentCache full:https://registry.npmjs.org/js-tokens cache-miss
432 silly fetch manifest pinkie@^2.0.0
433 silly packumentCache full:https://registry.npmjs.org/pinkie cache-miss
434 http cache https://registry.npmjs.org/escape-string-regexp 46ms (cache hit)
435 silly packumentCache full:https://registry.npmjs.org/escape-string-regexp set size:22244 disposed:false
436 http fetch GET 200 https://registry.npmjs.org/is-es2016-keyword 76ms (cache miss)
437 silly packumentCache full:https://registry.npmjs.org/is-es2016-keyword set size:undefined disposed:false
438 http fetch GET 200 https://registry.npmjs.org/pinkie 86ms (cache miss)
439 silly packumentCache full:https://registry.npmjs.org/pinkie set size:undefined disposed:false
440 http fetch GET 200 https://registry.npmjs.org/js-tokens 90ms (cache miss)
441 silly packumentCache full:https://registry.npmjs.org/js-tokens set size:undefined disposed:false
442 http fetch GET 200 https://registry.npmjs.org/supports-color 103ms (cache miss)
443 silly packumentCache full:https://registry.npmjs.org/supports-color set size:undefined disposed:false
444 http fetch GET 200 https://registry.npmjs.org/ansi-styles 106ms (cache miss)
445 silly packumentCache full:https://registry.npmjs.org/ansi-styles set size:undefined disposed:false
446 silly placeDep ROOT @vue/compiler-sfc@3.5.25 OK for: depcheck@1.4.7 want: ^3.3.4
447 silly placeDep ROOT deps-regex@0.2.0 OK for: depcheck@1.4.7 want: ^0.2.0
448 silly placeDep ROOT findup-sync@5.0.0 OK for: depcheck@1.4.7 want: ^5.0.0
449 silly placeDep node_modules/depcheck minimatch@7.4.6 OK for: depcheck@1.4.7 want: ^7.4.6
450 silly placeDep ROOT multimatch@5.0.0 OK for: depcheck@1.4.7 want: ^5.0.0
451 silly placeDep ROOT please-upgrade-node@3.2.0 OK for: depcheck@1.4.7 want: ^3.2.0
452 silly placeDep ROOT require-package-name@2.0.1 OK for: depcheck@1.4.7 want: ^2.0.1
453 silly fetch manifest @vue/shared@3.5.25
454 silly packumentCache full:https://registry.npmjs.org/@vue%2fshared cache-miss
455 silly fetch manifest magic-string@^0.30.21
456 silly packumentCache full:https://registry.npmjs.org/magic-string cache-miss
457 silly fetch manifest estree-walker@^2.0.2
458 silly packumentCache full:https://registry.npmjs.org/estree-walker cache-miss
459 silly fetch manifest @vue/compiler-dom@3.5.25
460 silly packumentCache full:https://registry.npmjs.org/@vue%2fcompiler-dom cache-miss
461 silly fetch manifest @vue/compiler-ssr@3.5.25
462 silly packumentCache full:https://registry.npmjs.org/@vue%2fcompiler-ssr cache-miss
463 silly fetch manifest @vue/compiler-core@3.5.25
464 silly packumentCache full:https://registry.npmjs.org/@vue%2fcompiler-core cache-miss
465 silly fetch manifest detect-file@^1.0.0
466 silly packumentCache full:https://registry.npmjs.org/detect-file cache-miss
467 silly fetch manifest resolve-dir@^1.0.1
468 silly packumentCache full:https://registry.npmjs.org/resolve-dir cache-miss
469 silly fetch manifest brace-expansion@^2.0.1
470 silly packumentCache full:https://registry.npmjs.org/brace-expansion cache-miss
471 silly fetch manifest @types/minimatch@^3.0.3
472 silly packumentCache full:https://registry.npmjs.org/@types%2fminimatch cache-miss
473 silly fetch manifest array-differ@^3.0.0
474 silly packumentCache full:https://registry.npmjs.org/array-differ cache-miss
475 silly fetch manifest arrify@^2.0.1
476 silly packumentCache full:https://registry.npmjs.org/arrify cache-miss
477 silly fetch manifest semver-compare@^1.0.0
478 silly packumentCache full:https://registry.npmjs.org/semver-compare cache-miss
479 http fetch GET 200 https://registry.npmjs.org/detect-file 74ms (cache miss)
480 silly packumentCache full:https://registry.npmjs.org/detect-file set size:undefined disposed:false
481 http fetch GET 200 https://registry.npmjs.org/arrify 123ms (cache miss)
482 silly packumentCache full:https://registry.npmjs.org/arrify set size:undefined disposed:false
483 http fetch GET 200 https://registry.npmjs.org/array-differ 126ms (cache miss)
484 silly packumentCache full:https://registry.npmjs.org/array-differ set size:undefined disposed:false
485 http fetch GET 200 https://registry.npmjs.org/semver-compare 127ms (cache miss)
486 silly packumentCache full:https://registry.npmjs.org/semver-compare set size:undefined disposed:false
487 http fetch GET 200 https://registry.npmjs.org/brace-expansion 134ms (cache miss)
488 silly packumentCache full:https://registry.npmjs.org/brace-expansion set size:undefined disposed:false
489 http fetch GET 200 https://registry.npmjs.org/resolve-dir 136ms (cache miss)
490 silly packumentCache full:https://registry.npmjs.org/resolve-dir set size:undefined disposed:false
491 http fetch GET 200 https://registry.npmjs.org/@types%2fminimatch 136ms (cache miss)
492 silly packumentCache full:https://registry.npmjs.org/@types%2fminimatch set size:undefined disposed:false
493 http fetch GET 200 https://registry.npmjs.org/estree-walker 144ms (cache miss)
494 silly packumentCache full:https://registry.npmjs.org/estree-walker set size:undefined disposed:false
495 http fetch GET 200 https://registry.npmjs.org/magic-string 150ms (cache miss)
496 silly packumentCache full:https://registry.npmjs.org/magic-string set size:undefined disposed:false
497 http fetch GET 200 https://registry.npmjs.org/@vue%2fcompiler-core 162ms (cache miss)
498 silly packumentCache full:https://registry.npmjs.org/@vue%2fcompiler-core set size:undefined disposed:false
499 http fetch GET 200 https://registry.npmjs.org/@vue%2fcompiler-dom 167ms (cache miss)
500 silly packumentCache full:https://registry.npmjs.org/@vue%2fcompiler-dom set size:undefined disposed:false
501 http fetch GET 200 https://registry.npmjs.org/@vue%2fshared 183ms (cache miss)
502 silly packumentCache full:https://registry.npmjs.org/@vue%2fshared set size:undefined disposed:false
503 http fetch GET 200 https://registry.npmjs.org/@vue%2fcompiler-ssr 190ms (cache miss)
504 silly packumentCache full:https://registry.npmjs.org/@vue%2fcompiler-ssr set size:undefined disposed:false
505 silly placeDep ROOT @vue/compiler-core@3.5.25 OK for: @vue/compiler-sfc@3.5.25 want: 3.5.25
506 silly placeDep ROOT @vue/compiler-dom@3.5.25 OK for: @vue/compiler-sfc@3.5.25 want: 3.5.25
507 silly placeDep ROOT @vue/compiler-ssr@3.5.25 OK for: @vue/compiler-sfc@3.5.25 want: 3.5.25
508 silly placeDep ROOT @vue/shared@3.5.25 OK for: @vue/compiler-sfc@3.5.25 want: 3.5.25
509 silly placeDep node_modules/@vue/compiler-sfc estree-walker@2.0.2 OK for: @vue/compiler-sfc@3.5.25 want: ^2.0.2
510 silly placeDep node_modules/@vue/compiler-sfc magic-string@0.30.21 OK for: @vue/compiler-sfc@3.5.25 want: ^0.30.21
511 silly fetch manifest entities@^4.5.0
512 silly packumentCache full:https://registry.npmjs.org/entities cache-miss
513 http fetch GET 200 https://registry.npmjs.org/entities 51ms (cache miss)
514 silly packumentCache full:https://registry.npmjs.org/entities set size:undefined disposed:false
515 silly placeDep node_modules/@vue/compiler-core entities@4.5.0 OK for: @vue/compiler-core@3.5.25 want: ^4.5.0
516 silly placeDep node_modules/@vue/compiler-core estree-walker@2.0.2 OK for: @vue/compiler-core@3.5.25 want: ^2.0.2
517 silly placeDep ROOT detect-file@1.0.0 OK for: findup-sync@5.0.0 want: ^1.0.0
518 silly placeDep ROOT resolve-dir@1.0.1 OK for: findup-sync@5.0.0 want: ^1.0.1
519 silly fetch manifest expand-tilde@^2.0.0
520 silly packumentCache full:https://registry.npmjs.org/expand-tilde cache-miss
521 silly fetch manifest global-modules@^1.0.0
522 silly packumentCache full:https://registry.npmjs.org/global-modules cache-miss
523 http fetch GET 200 https://registry.npmjs.org/expand-tilde 46ms (cache miss)
524 silly packumentCache full:https://registry.npmjs.org/expand-tilde set size:undefined disposed:false
525 http fetch GET 200 https://registry.npmjs.org/global-modules 49ms (cache miss)
526 silly packumentCache full:https://registry.npmjs.org/global-modules set size:undefined disposed:false
527 silly placeDep node_modules/highlight-es chalk@2.4.2 OK for: highlight-es@1.0.3 want: ^2.4.0
528 silly placeDep ROOT is-es2016-keyword@1.0.0 OK for: highlight-es@1.0.3 want: ^1.0.0
529 silly placeDep node_modules/highlight-es js-tokens@3.0.2 OK for: highlight-es@1.0.3 want: ^3.0.0
530 silly placeDep ROOT cli-cursor@3.1.0 OK for: inquirer@7.3.3 want: ^3.1.0
531 silly placeDep ROOT cli-width@3.0.0 OK for: inquirer@7.3.3 want: ^3.0.0
532 silly placeDep ROOT external-editor@3.1.0 OK for: inquirer@7.3.3 want: ^3.0.3
533 silly placeDep ROOT figures@3.2.0 OK for: inquirer@7.3.3 want: ^3.0.0
534 silly placeDep ROOT mute-stream@0.0.8 OK for: inquirer@7.3.3 want: 0.0.8
535 silly placeDep ROOT run-async@2.4.1 OK for: inquirer@7.3.3 want: ^2.4.0
536 silly placeDep ROOT rxjs@6.6.7 OK for: inquirer@7.3.3 want: ^6.6.0
537 silly placeDep ROOT through@2.3.8 OK for: inquirer@7.3.3 want: ^2.3.6
538 silly fetch manifest restore-cursor@^3.1.0
539 silly packumentCache full:https://registry.npmjs.org/restore-cursor cache-miss
540 silly fetch manifest chardet@^0.7.0
541 silly packumentCache full:https://registry.npmjs.org/chardet cache-miss
542 silly fetch manifest iconv-lite@^0.4.24
543 silly packumentCache full:https://registry.npmjs.org/iconv-lite cache-miss
544 silly fetch manifest tmp@^0.0.33
545 silly packumentCache full:https://registry.npmjs.org/tmp cache-miss
546 silly fetch manifest tslib@^1.9.0
547 silly packumentCache full:https://registry.npmjs.org/tslib cache-miss
548 http fetch GET 200 https://registry.npmjs.org/tmp 73ms (cache miss)
549 silly packumentCache full:https://registry.npmjs.org/tmp set size:undefined disposed:false
550 http fetch GET 200 https://registry.npmjs.org/iconv-lite 77ms (cache miss)
551 silly packumentCache full:https://registry.npmjs.org/iconv-lite set size:undefined disposed:false
552 http fetch GET 200 https://registry.npmjs.org/restore-cursor 81ms (cache miss)
553 silly packumentCache full:https://registry.npmjs.org/restore-cursor set size:undefined disposed:false
554 http fetch GET 200 https://registry.npmjs.org/chardet 81ms (cache miss)
555 silly packumentCache full:https://registry.npmjs.org/chardet set size:undefined disposed:false
556 http fetch GET 200 https://registry.npmjs.org/tslib 116ms (cache miss)
557 silly packumentCache full:https://registry.npmjs.org/tslib set size:undefined disposed:false
558 silly placeDep ROOT restore-cursor@3.1.0 OK for: cli-cursor@3.1.0 want: ^3.1.0
559 silly placeDep ROOT chardet@0.7.0 OK for: external-editor@3.1.0 want: ^0.7.0
560 silly placeDep node_modules/external-editor iconv-lite@0.4.24 OK for: external-editor@3.1.0 want: ^0.4.24
561 silly placeDep ROOT tmp@0.0.33 OK for: external-editor@3.1.0 want: ^0.0.33
562 silly fetch manifest os-tmpdir@~1.0.2
563 silly packumentCache full:https://registry.npmjs.org/os-tmpdir cache-miss
564 http fetch GET 200 https://registry.npmjs.org/os-tmpdir 64ms (cache miss)
565 silly packumentCache full:https://registry.npmjs.org/os-tmpdir set size:undefined disposed:false
566 silly placeDep node_modules/figures escape-string-regexp@1.0.5 OK for: figures@3.2.0 want: ^1.0.5
567 silly placeDep node_modules/is-ci ci-info@2.0.0 OK for: is-ci@2.0.0 want: ^2.0.0
568 silly placeDep ROOT @types/minimist@1.2.5 OK for: meow@9.0.0 want: ^1.2.0
569 silly placeDep ROOT camelcase-keys@6.2.2 OK for: meow@9.0.0 want: ^6.2.2
570 silly placeDep ROOT decamelize@1.2.0 OK for: meow@9.0.0 want: ^1.2.0
571 silly placeDep ROOT decamelize-keys@1.1.1 OK for: meow@9.0.0 want: ^1.1.0
572 silly placeDep ROOT hard-rejection@2.1.0 OK for: meow@9.0.0 want: ^2.1.0
573 silly placeDep ROOT minimist-options@4.1.0 OK for: meow@9.0.0 want: 4.1.0
574 silly placeDep ROOT normalize-package-data@3.0.3 OK for: meow@9.0.0 want: ^3.0.0
575 silly placeDep ROOT read-pkg-up@7.0.1 OK for: meow@9.0.0 want: ^7.0.1
576 silly placeDep ROOT trim-newlines@3.0.1 OK for: meow@9.0.0 want: ^3.0.0
577 silly placeDep node_modules/meow type-fest@0.18.1 OK for: meow@9.0.0 want: ^0.18.0
578 silly fetch manifest map-obj@^4.0.0
579 silly packumentCache full:https://registry.npmjs.org/map-obj cache-miss
580 silly fetch manifest camelcase@^5.3.1
581 silly packumentCache full:https://registry.npmjs.org/camelcase cache-miss
582 silly fetch manifest quick-lru@^4.0.1
583 silly packumentCache full:https://registry.npmjs.org/quick-lru cache-miss
584 silly fetch manifest map-obj@^1.0.0
585 silly packumentCache full:https://registry.npmjs.org/map-obj cache-miss
586 silly fetch manifest arrify@^1.0.1
587 silly packumentCache full:https://registry.npmjs.org/arrify cache-miss
588 silly fetch manifest is-plain-obj@^1.1.0
589 silly packumentCache full:https://registry.npmjs.org/is-plain-obj cache-miss
590 silly fetch manifest hosted-git-info@^4.0.1
591 silly packumentCache full:https://registry.npmjs.org/hosted-git-info cache-miss
592 silly fetch manifest validate-npm-package-license@^3.0.1
593 silly packumentCache full:https://registry.npmjs.org/validate-npm-package-license cache-miss
594 silly fetch manifest read-pkg@^5.2.0
595 silly packumentCache full:https://registry.npmjs.org/read-pkg cache-miss
596 silly fetch manifest type-fest@^0.8.1
597 silly packumentCache full:https://registry.npmjs.org/type-fest cache-miss
598 http cache https://registry.npmjs.org/arrify 15ms (cache hit)
599 silly packumentCache full:https://registry.npmjs.org/arrify set size:11862 disposed:false
600 http cache https://registry.npmjs.org/type-fest 16ms (cache hit)
601 silly packumentCache full:https://registry.npmjs.org/type-fest set size:542005 disposed:false
602 http fetch GET 200 https://registry.npmjs.org/quick-lru 54ms (cache miss)
603 silly packumentCache full:https://registry.npmjs.org/quick-lru set size:undefined disposed:false
604 http fetch GET 200 https://registry.npmjs.org/read-pkg 65ms (cache miss)
605 silly packumentCache full:https://registry.npmjs.org/read-pkg set size:undefined disposed:false
606 http fetch GET 200 https://registry.npmjs.org/validate-npm-package-license 72ms (cache miss)
607 silly packumentCache full:https://registry.npmjs.org/validate-npm-package-license set size:undefined disposed:false
608 http fetch GET 200 https://registry.npmjs.org/map-obj 85ms (cache miss)
609 silly packumentCache full:https://registry.npmjs.org/map-obj set size:undefined disposed:false
610 http fetch GET 200 https://registry.npmjs.org/map-obj 89ms (cache miss)
611 silly packumentCache full:https://registry.npmjs.org/map-obj set size:undefined disposed:false
612 http fetch GET 200 https://registry.npmjs.org/is-plain-obj 90ms (cache miss)
613 silly packumentCache full:https://registry.npmjs.org/is-plain-obj set size:undefined disposed:false
614 http fetch GET 200 https://registry.npmjs.org/camelcase 92ms (cache miss)
615 silly packumentCache full:https://registry.npmjs.org/camelcase set size:undefined disposed:false
616 http fetch GET 200 https://registry.npmjs.org/hosted-git-info 101ms (cache miss)
617 silly packumentCache full:https://registry.npmjs.org/hosted-git-info set size:undefined disposed:false
618 silly placeDep node_modules/camelcase-keys camelcase@5.3.1 OK for: camelcase-keys@6.2.2 want: ^5.3.1
619 silly placeDep ROOT map-obj@4.3.0 OK for: camelcase-keys@6.2.2 want: ^4.0.0
620 silly placeDep ROOT quick-lru@4.0.1 OK for: camelcase-keys@6.2.2 want: ^4.0.1
621 silly placeDep node_modules/decamelize-keys map-obj@1.0.1 OK for: decamelize-keys@1.1.1 want: ^1.0.0
622 silly placeDep ROOT arrify@1.0.1 OK for: minimist-options@4.1.0 want: ^1.0.1
623 silly placeDep node_modules/minimist-options is-plain-obj@1.1.0 OK for: minimist-options@4.1.0 want: ^1.1.0
624 silly placeDep ROOT @types/minimatch@3.0.5 OK for: multimatch@5.0.0 want: ^3.0.3
625 silly placeDep ROOT array-differ@3.0.0 OK for: multimatch@5.0.0 want: ^3.0.0
626 silly placeDep node_modules/multimatch arrify@2.0.1 OK for: multimatch@5.0.0 want: ^2.0.1
627 silly placeDep ROOT hosted-git-info@4.1.0 OK for: normalize-package-data@3.0.3 want: ^4.0.1
628 silly placeDep ROOT validate-npm-package-license@3.0.4 OK for: normalize-package-data@3.0.3 want: ^3.0.1
629 silly fetch manifest lru-cache@^6.0.0
630 silly packumentCache full:https://registry.npmjs.org/lru-cache cache-miss
631 silly fetch manifest spdx-correct@^3.0.0
632 silly packumentCache full:https://registry.npmjs.org/spdx-correct cache-miss
633 silly fetch manifest spdx-expression-parse@^3.0.0
634 silly packumentCache full:https://registry.npmjs.org/spdx-expression-parse cache-miss
635 http fetch GET 200 https://registry.npmjs.org/spdx-expression-parse 57ms (cache miss)
636 silly packumentCache full:https://registry.npmjs.org/spdx-expression-parse set size:undefined disposed:false
637 http fetch GET 200 https://registry.npmjs.org/spdx-correct 64ms (cache miss)
638 silly packumentCache full:https://registry.npmjs.org/spdx-correct set size:undefined disposed:false
639 http fetch GET 200 https://registry.npmjs.org/lru-cache 71ms (cache miss)
640 silly packumentCache full:https://registry.npmjs.org/lru-cache set size:undefined disposed:false
641 silly placeDep node_modules/hosted-git-info lru-cache@6.0.0 OK for: hosted-git-info@4.1.0 want: ^6.0.0
642 silly fetch manifest yallist@^4.0.0
643 silly packumentCache full:https://registry.npmjs.org/yallist cache-miss
644 http fetch GET 200 https://registry.npmjs.org/yallist 69ms (cache miss)
645 silly packumentCache full:https://registry.npmjs.org/yallist set size:undefined disposed:false
646 silly placeDep ROOT bl@4.1.0 OK for: ora@5.4.1 want: ^4.1.0
647 silly placeDep ROOT cli-spinners@2.9.2 OK for: ora@5.4.1 want: ^2.5.0
648 silly placeDep ROOT is-interactive@1.0.0 OK for: ora@5.4.1 want: ^1.0.0
649 silly placeDep ROOT is-unicode-supported@0.1.0 OK for: ora@5.4.1 want: ^0.1.0
650 silly placeDep ROOT log-symbols@4.1.0 OK for: ora@5.4.1 want: ^4.1.0
651 silly placeDep ROOT wcwidth@1.0.1 OK for: ora@5.4.1 want: ^1.0.1
652 silly fetch manifest buffer@^5.5.0
653 silly packumentCache full:https://registry.npmjs.org/buffer cache-miss
654 silly fetch manifest defaults@^1.0.3
655 silly packumentCache full:https://registry.npmjs.org/defaults cache-miss
656 http fetch GET 200 https://registry.npmjs.org/defaults 61ms (cache miss)
657 silly packumentCache full:https://registry.npmjs.org/defaults set size:undefined disposed:false
658 http fetch GET 200 https://registry.npmjs.org/buffer 67ms (cache miss)
659 silly packumentCache full:https://registry.npmjs.org/buffer set size:undefined disposed:false
660 silly placeDep ROOT buffer@5.7.1 OK for: bl@4.1.0 want: ^5.5.0
661 silly fetch manifest base64-js@^1.3.1
662 silly packumentCache full:https://registry.npmjs.org/base64-js cache-miss
663 silly fetch manifest ieee754@^1.1.13
664 silly packumentCache full:https://registry.npmjs.org/ieee754 cache-miss
665 http fetch GET 200 https://registry.npmjs.org/ieee754 56ms (cache miss)
666 silly packumentCache full:https://registry.npmjs.org/ieee754 set size:undefined disposed:false
667 http fetch GET 200 https://registry.npmjs.org/base64-js 69ms (cache miss)
668 silly packumentCache full:https://registry.npmjs.org/base64-js set size:undefined disposed:false
669 silly placeDep ROOT base64-js@1.5.1 OK for: buffer@5.7.1 want: ^1.3.1
670 silly placeDep ROOT ieee754@1.2.1 OK for: buffer@5.7.1 want: ^1.1.13
671 silly placeDep ROOT got@9.6.0 OK for: package-json@6.5.0 want: ^9.6.0
672 silly placeDep ROOT registry-auth-token@4.2.2 OK for: package-json@6.5.0 want: ^4.0.0
673 silly placeDep ROOT registry-url@5.1.0 OK for: package-json@6.5.0 want: ^5.0.0
674 silly placeDep node_modules/package-json semver@6.3.1 OK for: package-json@6.5.0 want: ^6.2.0
675 silly fetch manifest duplexer3@^0.1.4
676 silly packumentCache full:https://registry.npmjs.org/duplexer3 cache-miss
677 silly fetch manifest get-stream@^4.1.0
678 silly packumentCache full:https://registry.npmjs.org/get-stream cache-miss
679 silly fetch manifest p-cancelable@^1.0.0
680 silly packumentCache full:https://registry.npmjs.org/p-cancelable cache-miss
681 silly fetch manifest url-parse-lax@^3.0.0
682 silly packumentCache full:https://registry.npmjs.org/url-parse-lax cache-miss
683 silly fetch manifest lowercase-keys@^1.0.1
684 silly packumentCache full:https://registry.npmjs.org/lowercase-keys cache-miss
685 silly fetch manifest mimic-response@^1.0.1
686 silly packumentCache full:https://registry.npmjs.org/mimic-response cache-miss
687 silly fetch manifest @sindresorhus/is@^0.14.0
688 silly packumentCache full:https://registry.npmjs.org/@sindresorhus%2fis cache-miss
689 silly fetch manifest cacheable-request@^6.0.0
690 silly packumentCache full:https://registry.npmjs.org/cacheable-request cache-miss
691 silly fetch manifest to-readable-stream@^1.0.0
692 silly packumentCache full:https://registry.npmjs.org/to-readable-stream cache-miss
693 silly fetch manifest decompress-response@^3.3.0
694 silly packumentCache full:https://registry.npmjs.org/decompress-response cache-miss
695 silly fetch manifest @szmarczak/http-timer@^1.1.2
696 silly packumentCache full:https://registry.npmjs.org/@szmarczak%2fhttp-timer cache-miss
697 silly fetch manifest rc@1.2.8
698 silly packumentCache full:https://registry.npmjs.org/rc cache-miss
699 silly fetch manifest rc@^1.2.8
700 silly packumentCache full:https://registry.npmjs.org/rc cache-miss
701 http fetch GET 200 https://registry.npmjs.org/get-stream 67ms (cache miss)
702 silly packumentCache full:https://registry.npmjs.org/get-stream set size:undefined disposed:false
703 http fetch GET 200 https://registry.npmjs.org/duplexer3 69ms (cache miss)
704 silly packumentCache full:https://registry.npmjs.org/duplexer3 set size:undefined disposed:false
705 http fetch GET 200 https://registry.npmjs.org/decompress-response 68ms (cache miss)
706 silly packumentCache full:https://registry.npmjs.org/decompress-response set size:undefined disposed:false
707 http fetch GET 200 https://registry.npmjs.org/url-parse-lax 105ms (cache miss)
708 silly packumentCache full:https://registry.npmjs.org/url-parse-lax set size:undefined disposed:false
709 http fetch GET 200 https://registry.npmjs.org/p-cancelable 107ms (cache miss)
710 silly packumentCache full:https://registry.npmjs.org/p-cancelable set size:undefined disposed:false
711 http fetch GET 200 https://registry.npmjs.org/to-readable-stream 106ms (cache miss)
712 silly packumentCache full:https://registry.npmjs.org/to-readable-stream set size:undefined disposed:false
713 http fetch GET 200 https://registry.npmjs.org/mimic-response 108ms (cache miss)
714 silly packumentCache full:https://registry.npmjs.org/mimic-response set size:undefined disposed:false
715 http fetch GET 200 https://registry.npmjs.org/lowercase-keys 111ms (cache miss)
716 silly packumentCache full:https://registry.npmjs.org/lowercase-keys set size:undefined disposed:false
717 http fetch GET 200 https://registry.npmjs.org/rc 114ms (cache miss)
718 silly packumentCache full:https://registry.npmjs.org/rc set size:undefined disposed:false
719 http fetch GET 200 https://registry.npmjs.org/@szmarczak%2fhttp-timer 119ms (cache miss)
720 silly packumentCache full:https://registry.npmjs.org/@szmarczak%2fhttp-timer set size:undefined disposed:false
721 http fetch GET 200 https://registry.npmjs.org/rc 120ms (cache miss)
722 silly packumentCache full:https://registry.npmjs.org/rc set size:undefined disposed:false
723 http fetch GET 200 https://registry.npmjs.org/cacheable-request 130ms (cache miss)
724 silly packumentCache full:https://registry.npmjs.org/cacheable-request set size:undefined disposed:false
725 http fetch GET 200 https://registry.npmjs.org/@sindresorhus%2fis 133ms (cache miss)
726 silly packumentCache full:https://registry.npmjs.org/@sindresorhus%2fis set size:undefined disposed:false
727 silly placeDep ROOT @sindresorhus/is@0.14.0 OK for: got@9.6.0 want: ^0.14.0
728 silly placeDep ROOT @szmarczak/http-timer@1.1.2 OK for: got@9.6.0 want: ^1.1.2
729 silly placeDep ROOT cacheable-request@6.1.0 OK for: got@9.6.0 want: ^6.0.0
730 silly placeDep ROOT decompress-response@3.3.0 OK for: got@9.6.0 want: ^3.3.0
731 silly placeDep ROOT duplexer3@0.1.5 OK for: got@9.6.0 want: ^0.1.4
732 silly placeDep node_modules/got get-stream@4.1.0 OK for: got@9.6.0 want: ^4.1.0
733 silly placeDep ROOT lowercase-keys@1.0.1 OK for: got@9.6.0 want: ^1.0.1
734 silly placeDep ROOT mimic-response@1.0.1 OK for: got@9.6.0 want: ^1.0.1
735 silly placeDep ROOT p-cancelable@1.1.0 OK for: got@9.6.0 want: ^1.0.0
736 silly placeDep ROOT to-readable-stream@1.0.0 OK for: got@9.6.0 want: ^1.0.0
737 silly placeDep ROOT url-parse-lax@3.0.0 OK for: got@9.6.0 want: ^3.0.0
738 silly fetch manifest defer-to-connect@^1.0.1
739 silly packumentCache full:https://registry.npmjs.org/defer-to-connect cache-miss
740 silly fetch manifest keyv@^3.0.0
741 silly packumentCache full:https://registry.npmjs.org/keyv cache-miss
742 silly fetch manifest get-stream@^5.1.0
743 silly packumentCache full:https://registry.npmjs.org/get-stream cache-miss
744 silly fetch manifest responselike@^1.0.2
745 silly packumentCache full:https://registry.npmjs.org/responselike cache-miss
746 silly fetch manifest normalize-url@^4.1.0
747 silly packumentCache full:https://registry.npmjs.org/normalize-url cache-miss
748 silly fetch manifest clone-response@^1.0.2
749 silly packumentCache full:https://registry.npmjs.org/clone-response cache-miss
750 silly fetch manifest lowercase-keys@^2.0.0
751 silly packumentCache full:https://registry.npmjs.org/lowercase-keys cache-miss
752 silly fetch manifest http-cache-semantics@^4.0.0
753 silly packumentCache full:https://registry.npmjs.org/http-cache-semantics cache-miss
754 silly fetch manifest mimic-response@^1.0.0
755 silly packumentCache full:https://registry.npmjs.org/mimic-response cache-miss
756 silly fetch manifest pump@^3.0.0
757 silly packumentCache full:https://registry.npmjs.org/pump cache-miss
758 silly fetch manifest prepend-http@^2.0.0
759 silly packumentCache full:https://registry.npmjs.org/prepend-http cache-miss
760 http cache https://registry.npmjs.org/get-stream 17ms (cache hit)
761 silly packumentCache full:https://registry.npmjs.org/get-stream set size:57536 disposed:false
762 http cache https://registry.npmjs.org/mimic-response 17ms (cache hit)
763 silly packumentCache full:https://registry.npmjs.org/mimic-response set size:20174 disposed:false
764 http cache https://registry.npmjs.org/lowercase-keys 19ms (cache hit)
765 silly packumentCache full:https://registry.npmjs.org/lowercase-keys set size:10125 disposed:false
766 http fetch GET 200 https://registry.npmjs.org/keyv 58ms (cache miss)
767 silly packumentCache full:https://registry.npmjs.org/keyv set size:undefined disposed:false
768 http fetch GET 200 https://registry.npmjs.org/clone-response 66ms (cache miss)
769 silly packumentCache full:https://registry.npmjs.org/clone-response set size:undefined disposed:false
770 http fetch GET 200 https://registry.npmjs.org/defer-to-connect 94ms (cache miss)
771 silly packumentCache full:https://registry.npmjs.org/defer-to-connect set size:undefined disposed:false
772 http fetch GET 200 https://registry.npmjs.org/normalize-url 94ms (cache miss)
773 silly packumentCache full:https://registry.npmjs.org/normalize-url set size:undefined disposed:false
774 http fetch GET 200 https://registry.npmjs.org/prepend-http 93ms (cache miss)
775 silly packumentCache full:https://registry.npmjs.org/prepend-http set size:undefined disposed:false
776 http fetch GET 200 https://registry.npmjs.org/responselike 97ms (cache miss)
777 silly packumentCache full:https://registry.npmjs.org/responselike set size:undefined disposed:false
778 http fetch GET 200 https://registry.npmjs.org/pump 97ms (cache miss)
779 silly packumentCache full:https://registry.npmjs.org/pump set size:undefined disposed:false
780 http fetch GET 200 https://registry.npmjs.org/http-cache-semantics 99ms (cache miss)
781 silly packumentCache full:https://registry.npmjs.org/http-cache-semantics set size:undefined disposed:false
782 silly placeDep ROOT defer-to-connect@1.1.3 OK for: @szmarczak/http-timer@1.1.2 want: ^1.0.1
783 silly placeDep ROOT clone-response@1.0.3 OK for: cacheable-request@6.1.0 want: ^1.0.2
784 silly placeDep node_modules/cacheable-request get-stream@5.2.0 OK for: cacheable-request@6.1.0 want: ^5.1.0
785 silly placeDep ROOT http-cache-semantics@4.2.0 OK for: cacheable-request@6.1.0 want: ^4.0.0
786 silly placeDep node_modules/cacheable-request keyv@3.1.0 OK for: cacheable-request@6.1.0 want: ^3.0.0
787 silly placeDep node_modules/cacheable-request lowercase-keys@2.0.0 OK for: cacheable-request@6.1.0 want: ^2.0.0
788 silly placeDep node_modules/cacheable-request normalize-url@4.5.1 OK for: cacheable-request@6.1.0 want: ^4.1.0
789 silly placeDep ROOT responselike@1.0.2 OK for: cacheable-request@6.1.0 want: ^1.0.2
790 silly fetch manifest json-buffer@3.0.0
791 silly packumentCache full:https://registry.npmjs.org/json-buffer cache-miss
792 http fetch GET 200 https://registry.npmjs.org/json-buffer 68ms (cache miss)
793 silly packumentCache full:https://registry.npmjs.org/json-buffer set size:undefined disposed:false
794 silly placeDep ROOT pinkie@2.0.4 OK for: pinkie-promise@2.0.1 want: ^2.0.0
795 silly placeDep ROOT semver-compare@1.0.0 OK for: please-upgrade-node@3.2.0 want: ^1.0.0
796 silly placeDep node_modules/preferred-pm find-up@5.0.0 OK for: preferred-pm@3.1.4 want: ^5.0.0
797 silly placeDep ROOT find-yarn-workspace-root2@1.2.16 OK for: preferred-pm@3.1.4 want: 1.2.16
798 silly placeDep ROOT which-pm@2.2.0 OK for: preferred-pm@3.1.4 want: ^2.2.0
799 silly fetch manifest locate-path@^6.0.0
800 silly packumentCache full:https://registry.npmjs.org/locate-path cache-miss
801 silly fetch manifest load-yaml-file@^0.2.0
802 silly packumentCache full:https://registry.npmjs.org/load-yaml-file cache-miss
803 http fetch GET 200 https://registry.npmjs.org/load-yaml-file 72ms (cache miss)
804 silly packumentCache full:https://registry.npmjs.org/load-yaml-file set size:undefined disposed:false
805 http fetch GET 200 https://registry.npmjs.org/locate-path 82ms (cache miss)
806 silly packumentCache full:https://registry.npmjs.org/locate-path set size:undefined disposed:false
807 silly placeDep node_modules/rc-config-loader js-yaml@4.1.1 OK for: rc-config-loader@4.1.3 want: ^4.1.0
808 silly fetch manifest argparse@^2.0.1
809 silly packumentCache full:https://registry.npmjs.org/argparse cache-miss
810 http fetch GET 200 https://registry.npmjs.org/argparse 53ms (cache miss)
811 silly packumentCache full:https://registry.npmjs.org/argparse set size:undefined disposed:false
812 silly fetch manifest react@>=18
813 silly packumentCache full:https://registry.npmjs.org/react cache-miss
814 http cache https://registry.npmjs.org/react 18ms (cache hit)
815 silly packumentCache full:https://registry.npmjs.org/react set size:6344067 disposed:false
816 silly fetch manifest react-dom@>=18
817 silly packumentCache full:https://registry.npmjs.org/react-dom cache-miss
818 http cache https://registry.npmjs.org/react-dom 26ms (cache hit)
819 silly packumentCache full:https://registry.npmjs.org/react-dom set size:8342628 disposed:false
820 silly placeDep ROOT react-router@7.10.1 OK for: react-router-dom@7.10.1 want: 7.10.1
821 silly fetch manifest cookie@^1.0.1
822 silly packumentCache full:https://registry.npmjs.org/cookie cache-miss
823 silly fetch manifest set-cookie-parser@^2.6.0
824 silly packumentCache full:https://registry.npmjs.org/set-cookie-parser cache-miss
825 http fetch GET 200 https://registry.npmjs.org/set-cookie-parser 88ms (cache miss)
826 silly packumentCache full:https://registry.npmjs.org/set-cookie-parser set size:undefined disposed:false
827 http fetch GET 200 https://registry.npmjs.org/cookie 90ms (cache miss)
828 silly packumentCache full:https://registry.npmjs.org/cookie set size:undefined disposed:false
829 silly placeDep node_modules/react-router cookie@1.1.1 OK for: react-router@7.10.1 want: ^1.0.1
830 silly placeDep ROOT set-cookie-parser@2.7.2 OK for: react-router@7.10.1 want: ^2.6.0
831 silly placeDep ROOT read-pkg@5.2.0 OK for: read-pkg-up@7.0.1 want: ^5.2.0
832 silly placeDep node_modules/read-pkg-up type-fest@0.8.1 OK for: read-pkg-up@7.0.1 want: ^0.8.1
833 silly fetch manifest type-fest@^0.6.0
834 silly packumentCache full:https://registry.npmjs.org/type-fest cache-hit
835 silly fetch manifest normalize-package-data@^2.5.0
836 silly packumentCache full:https://registry.npmjs.org/normalize-package-data cache-miss
837 silly fetch manifest @types/normalize-package-data@^2.4.0
838 silly packumentCache full:https://registry.npmjs.org/@types%2fnormalize-package-data cache-miss
839 http cache https://registry.npmjs.org/normalize-package-data 9ms (cache hit)
840 silly packumentCache full:https://registry.npmjs.org/normalize-package-data set size:128484 disposed:false
841 http fetch GET 200 https://registry.npmjs.org/@types%2fnormalize-package-data 68ms (cache miss)
842 silly packumentCache full:https://registry.npmjs.org/@types%2fnormalize-package-data set size:undefined disposed:false
843 silly placeDep ROOT @types/normalize-package-data@2.4.4 OK for: read-pkg@5.2.0 want: ^2.4.0
844 silly placeDep node_modules/read-pkg normalize-package-data@2.5.0 OK for: read-pkg@5.2.0 want: ^2.5.0
845 silly placeDep node_modules/read-pkg type-fest@0.6.0 OK for: read-pkg@5.2.0 want: ^0.6.0
846 silly fetch manifest semver@2 || 3 || 4 || 5
847 silly packumentCache full:https://registry.npmjs.org/semver cache-miss
848 silly fetch manifest hosted-git-info@^2.1.4
849 silly packumentCache full:https://registry.npmjs.org/hosted-git-info cache-miss
850 http cache https://registry.npmjs.org/semver 10ms (cache hit)
851 silly packumentCache full:https://registry.npmjs.org/semver set size:226907 disposed:false
852 http cache https://registry.npmjs.org/hosted-git-info 14ms (cache hit)
853 silly packumentCache full:https://registry.npmjs.org/hosted-git-info set size:178912 disposed:false
854 silly placeDep ROOT rc@1.2.8 OK for: registry-auth-token@4.2.2 want: 1.2.8
855 silly fetch manifest deep-extend@^0.6.0
856 silly packumentCache full:https://registry.npmjs.org/deep-extend cache-miss
857 silly fetch manifest strip-json-comments@~2.0.1
858 silly packumentCache full:https://registry.npmjs.org/strip-json-comments cache-miss
859 http fetch GET 200 https://registry.npmjs.org/deep-extend 52ms (cache miss)
860 silly packumentCache full:https://registry.npmjs.org/deep-extend set size:undefined disposed:false
861 http fetch GET 200 https://registry.npmjs.org/strip-json-comments 52ms (cache miss)
862 silly packumentCache full:https://registry.npmjs.org/strip-json-comments set size:undefined disposed:false
863 silly placeDep ROOT deep-extend@0.6.0 OK for: rc@1.2.8 want: ^0.6.0
864 silly placeDep node_modules/rc strip-json-comments@2.0.1 OK for: rc@1.2.8 want: ~2.0.1
865 silly placeDep ROOT expand-tilde@2.0.2 OK for: resolve-dir@1.0.1 want: ^2.0.0
866 silly placeDep node_modules/resolve-dir global-modules@1.0.0 OK for: resolve-dir@1.0.1 want: ^1.0.0
867 silly fetch manifest homedir-polyfill@^1.0.1
868 silly packumentCache full:https://registry.npmjs.org/homedir-polyfill cache-miss
869 silly fetch manifest global-prefix@^1.0.1
870 silly packumentCache full:https://registry.npmjs.org/global-prefix cache-miss
871 silly fetch manifest is-windows@^1.0.1
872 silly packumentCache full:https://registry.npmjs.org/is-windows cache-miss
873 http fetch GET 200 https://registry.npmjs.org/homedir-polyfill 57ms (cache miss)
874 silly packumentCache full:https://registry.npmjs.org/homedir-polyfill set size:undefined disposed:false
875 http fetch GET 200 https://registry.npmjs.org/global-prefix 62ms (cache miss)
876 silly packumentCache full:https://registry.npmjs.org/global-prefix set size:undefined disposed:false
877 http fetch GET 200 https://registry.npmjs.org/is-windows 69ms (cache miss)
878 silly packumentCache full:https://registry.npmjs.org/is-windows set size:undefined disposed:false
879 silly placeDep ROOT homedir-polyfill@1.0.3 OK for: expand-tilde@2.0.2 want: ^1.0.1
880 silly fetch manifest parse-passwd@^1.0.0
881 silly packumentCache full:https://registry.npmjs.org/parse-passwd cache-miss
882 http fetch GET 200 https://registry.npmjs.org/parse-passwd 60ms (cache miss)
883 silly packumentCache full:https://registry.npmjs.org/parse-passwd set size:undefined disposed:false
884 silly placeDep ROOT parse-passwd@1.0.0 OK for: homedir-polyfill@1.0.3 want: ^1.0.0
885 silly placeDep node_modules/rxjs tslib@1.14.1 OK for: rxjs@6.6.7 want: ^1.9.0
886 silly placeDep node_modules/semver-diff semver@6.3.1 OK for: semver-diff@3.1.1 want: ^6.3.0
887 silly placeDep node_modules/strip-outer escape-string-regexp@1.0.5 OK for: strip-outer@1.0.1 want: ^1.0.2
888 silly placeDep ROOT os-tmpdir@1.0.2 OK for: tmp@0.0.33 want: ~1.0.2
889 silly placeDep node_modules/trim-repeated escape-string-regexp@1.0.5 OK for: trim-repeated@1.0.0 want: ^1.0.2
890 silly placeDep ROOT boxen@5.1.2 OK for: update-notifier@5.1.0 want: ^5.0.0
891 silly placeDep ROOT configstore@5.0.1 OK for: update-notifier@5.1.0 want: ^5.0.1
892 silly placeDep ROOT has-yarn@2.1.0 OK for: update-notifier@5.1.0 want: ^2.1.0
893 silly placeDep ROOT import-lazy@2.1.0 OK for: update-notifier@5.1.0 want: ^2.1.0
894 silly placeDep ROOT is-installed-globally@0.4.0 OK for: update-notifier@5.1.0 want: ^0.4.0
895 silly placeDep ROOT is-npm@5.0.0 OK for: update-notifier@5.1.0 want: ^5.0.0
896 silly placeDep ROOT is-yarn-global@0.3.0 OK for: update-notifier@5.1.0 want: ^0.3.0
897 silly placeDep ROOT latest-version@5.1.0 OK for: update-notifier@5.1.0 want: ^5.1.0
898 silly placeDep ROOT pupa@2.1.1 OK for: update-notifier@5.1.0 want: ^2.1.1
899 silly placeDep ROOT xdg-basedir@4.0.0 OK for: update-notifier@5.1.0 want: ^4.0.0
900 silly fetch manifest cli-boxes@^2.2.1
901 silly packumentCache full:https://registry.npmjs.org/cli-boxes cache-miss
902 silly fetch manifest ansi-align@^3.0.0
903 silly packumentCache full:https://registry.npmjs.org/ansi-align cache-miss
904 silly fetch manifest widest-line@^3.1.0
905 silly packumentCache full:https://registry.npmjs.org/widest-line cache-miss
906 silly fetch manifest dot-prop@^5.2.0
907 silly packumentCache full:https://registry.npmjs.org/dot-prop cache-miss
908 silly fetch manifest global-dirs@^3.0.0
909 silly packumentCache full:https://registry.npmjs.org/global-dirs cache-miss
910 silly fetch manifest escape-goat@^2.0.0
911 silly packumentCache full:https://registry.npmjs.org/escape-goat cache-miss
912 http fetch GET 200 https://registry.npmjs.org/cli-boxes 50ms (cache miss)
913 silly packumentCache full:https://registry.npmjs.org/cli-boxes set size:undefined disposed:false
914 http fetch GET 200 https://registry.npmjs.org/escape-goat 70ms (cache miss)
915 silly packumentCache full:https://registry.npmjs.org/escape-goat set size:undefined disposed:false
916 http fetch GET 200 https://registry.npmjs.org/widest-line 74ms (cache miss)
917 silly packumentCache full:https://registry.npmjs.org/widest-line set size:undefined disposed:false
918 http fetch GET 200 https://registry.npmjs.org/global-dirs 75ms (cache miss)
919 silly packumentCache full:https://registry.npmjs.org/global-dirs set size:undefined disposed:false
920 http fetch GET 200 https://registry.npmjs.org/ansi-align 84ms (cache miss)
921 silly packumentCache full:https://registry.npmjs.org/ansi-align set size:undefined disposed:false
922 http fetch GET 200 https://registry.npmjs.org/dot-prop 84ms (cache miss)
923 silly packumentCache full:https://registry.npmjs.org/dot-prop set size:undefined disposed:false
924 silly placeDep ROOT ansi-align@3.0.1 OK for: boxen@5.1.2 want: ^3.0.0
925 silly placeDep ROOT cli-boxes@2.2.1 OK for: boxen@5.1.2 want: ^2.2.1
926 silly placeDep ROOT widest-line@3.1.0 OK for: boxen@5.1.2 want: ^3.1.0
927 silly placeDep ROOT dot-prop@5.3.0 OK for: configstore@5.0.1 want: ^5.2.0
928 silly fetch manifest is-obj@^2.0.0
929 silly packumentCache full:https://registry.npmjs.org/is-obj cache-miss
930 http fetch GET 200 https://registry.npmjs.org/is-obj 49ms (cache miss)
931 silly packumentCache full:https://registry.npmjs.org/is-obj set size:undefined disposed:false
932 silly placeDep node_modules/dot-prop is-obj@2.0.0 OK for: dot-prop@5.3.0 want: ^2.0.0
933 silly placeDep ROOT global-dirs@3.0.1 OK for: is-installed-globally@0.4.0 want: ^3.0.0
934 silly fetch manifest ini@2.0.0
935 silly packumentCache full:https://registry.npmjs.org/ini cache-miss
936 http fetch GET 200 https://registry.npmjs.org/ini 80ms (cache miss)
937 silly packumentCache full:https://registry.npmjs.org/ini set size:undefined disposed:false
938 silly placeDep node_modules/global-dirs ini@2.0.0 OK for: global-dirs@3.0.1 want: 2.0.0
939 silly placeDep ROOT escape-goat@2.1.1 OK for: pupa@2.1.1 want: ^2.0.0
940 silly placeDep ROOT prepend-http@2.0.0 OK for: url-parse-lax@3.0.0 want: ^2.0.0
941 silly placeDep ROOT spdx-correct@3.2.0 OK for: validate-npm-package-license@3.0.4 want: ^3.0.0
942 silly placeDep ROOT spdx-expression-parse@3.0.1 OK for: validate-npm-package-license@3.0.4 want: ^3.0.0
943 silly fetch manifest spdx-license-ids@^3.0.0
944 silly packumentCache full:https://registry.npmjs.org/spdx-license-ids cache-miss
945 silly fetch manifest spdx-exceptions@^2.1.0
946 silly packumentCache full:https://registry.npmjs.org/spdx-exceptions cache-miss
947 silly fetch manifest spdx-license-ids@^3.0.0
948 silly packumentCache full:https://registry.npmjs.org/spdx-license-ids cache-miss
949 http fetch GET 200 https://registry.npmjs.org/spdx-exceptions 91ms (cache miss)
950 silly packumentCache full:https://registry.npmjs.org/spdx-exceptions set size:undefined disposed:false
951 http fetch GET 200 https://registry.npmjs.org/spdx-license-ids 94ms (cache miss)
952 silly packumentCache full:https://registry.npmjs.org/spdx-license-ids set size:undefined disposed:false
953 http fetch GET 200 https://registry.npmjs.org/spdx-license-ids 98ms (cache miss)
954 silly packumentCache full:https://registry.npmjs.org/spdx-license-ids set size:undefined disposed:false
955 silly placeDep ROOT spdx-license-ids@3.0.22 OK for: spdx-correct@3.2.0 want: ^3.0.0
956 silly placeDep ROOT spdx-exceptions@2.5.0 OK for: spdx-expression-parse@3.0.1 want: ^2.1.0
957 silly placeDep ROOT defaults@1.0.4 OK for: wcwidth@1.0.1 want: ^1.0.3
958 silly fetch manifest clone@^1.0.2
959 silly packumentCache full:https://registry.npmjs.org/clone cache-miss
960 http fetch GET 200 https://registry.npmjs.org/clone 71ms (cache miss)
961 silly packumentCache full:https://registry.npmjs.org/clone set size:undefined disposed:false
962 silly placeDep ROOT clone@1.0.4 OK for: defaults@1.0.4 want: ^1.0.2
963 silly placeDep ROOT load-yaml-file@0.2.0 OK for: which-pm@2.2.0 want: ^0.2.0
964 silly fetch manifest pify@^4.0.1
965 silly packumentCache full:https://registry.npmjs.org/pify cache-miss
966 silly fetch manifest strip-bom@^3.0.0
967 silly packumentCache full:https://registry.npmjs.org/strip-bom cache-miss
968 http fetch GET 200 https://registry.npmjs.org/pify 54ms (cache miss)
969 silly packumentCache full:https://registry.npmjs.org/pify set size:undefined disposed:false
970 http fetch GET 200 https://registry.npmjs.org/strip-bom 56ms (cache miss)
971 silly packumentCache full:https://registry.npmjs.org/strip-bom set size:undefined disposed:false
972 silly placeDep node_modules/load-yaml-file pify@4.0.1 OK for: load-yaml-file@0.2.0 want: ^4.0.1
973 silly placeDep node_modules/load-yaml-file strip-bom@3.0.0 OK for: load-yaml-file@0.2.0 want: ^3.0.0
974 silly placeDep ROOT pump@3.0.3 OK for: get-stream@5.2.0 want: ^3.0.0
975 silly fetch manifest end-of-stream@^1.1.0
976 silly packumentCache full:https://registry.npmjs.org/end-of-stream cache-miss
977 http fetch GET 200 https://registry.npmjs.org/end-of-stream 55ms (cache miss)
978 silly packumentCache full:https://registry.npmjs.org/end-of-stream set size:undefined disposed:false
979 silly placeDep ROOT end-of-stream@1.4.5 OK for: pump@3.0.3 want: ^1.1.0
980 silly placeDep node_modules/cacheable-request json-buffer@3.0.0 OK for: keyv@3.1.0 want: 3.0.0
981 silly placeDep node_modules/callsite-record ansi-styles@3.2.1 OK for: chalk@2.4.2 want: ^3.2.1
982 silly placeDep node_modules/callsite-record escape-string-regexp@1.0.5 OK for: chalk@2.4.2 want: ^1.0.5
983 silly placeDep node_modules/callsite-record supports-color@5.5.0 OK for: chalk@2.4.2 want: ^5.3.0
984 silly fetch manifest color-convert@^1.9.0
985 silly packumentCache full:https://registry.npmjs.org/color-convert cache-miss
986 silly fetch manifest has-flag@^3.0.0
987 silly packumentCache full:https://registry.npmjs.org/has-flag cache-miss
988 http fetch GET 200 https://registry.npmjs.org/color-convert 54ms (cache miss)
989 silly packumentCache full:https://registry.npmjs.org/color-convert set size:undefined disposed:false
990 http fetch GET 200 https://registry.npmjs.org/has-flag 56ms (cache miss)
991 silly packumentCache full:https://registry.npmjs.org/has-flag set size:undefined disposed:false
992 silly placeDep node_modules/callsite-record color-convert@1.9.3 OK for: ansi-styles@3.2.1 want: ^1.9.0
993 silly fetch manifest color-name@1.1.3
994 silly packumentCache full:https://registry.npmjs.org/color-name cache-miss
995 http fetch GET 200 https://registry.npmjs.org/color-name 67ms (cache miss)
996 silly packumentCache full:https://registry.npmjs.org/color-name set size:undefined disposed:false
997 silly placeDep node_modules/callsite-record color-name@1.1.3 OK for: color-convert@1.9.3 want: 1.1.3
998 silly placeDep node_modules/callsite-record has-flag@3.0.0 OK for: supports-color@5.5.0 want: ^3.0.0
999 silly placeDep node_modules/depcheck brace-expansion@2.0.2 OK for: minimatch@7.4.6 want: ^2.0.1
1000 silly placeDep node_modules/highlight-es ansi-styles@3.2.1 OK for: chalk@2.4.2 want: ^3.2.1
1001 silly placeDep node_modules/highlight-es escape-string-regexp@1.0.5 OK for: chalk@2.4.2 want: ^1.0.5
1002 silly placeDep node_modules/highlight-es supports-color@5.5.0 OK for: chalk@2.4.2 want: ^5.3.0
1003 silly placeDep node_modules/highlight-es color-convert@1.9.3 OK for: ansi-styles@3.2.1 want: ^1.9.0
1004 silly placeDep node_modules/highlight-es color-name@1.1.3 OK for: color-convert@1.9.3 want: 1.1.3
1005 silly placeDep node_modules/highlight-es has-flag@3.0.0 OK for: supports-color@5.5.0 want: ^3.0.0
1006 silly placeDep node_modules/hosted-git-info yallist@4.0.0 OK for: lru-cache@6.0.0 want: ^4.0.0
1007 silly placeDep node_modules/npm-check find-up@5.0.0 OK for: pkg-dir@5.0.0 want: ^5.0.0
1008 silly placeDep node_modules/npm-check locate-path@6.0.0 OK for: find-up@5.0.0 want: ^6.0.0
1009 silly fetch manifest p-locate@^5.0.0
1010 silly packumentCache full:https://registry.npmjs.org/p-locate cache-miss
1011 http fetch GET 200 https://registry.npmjs.org/p-locate 81ms (cache miss)
1012 silly packumentCache full:https://registry.npmjs.org/p-locate set size:undefined disposed:false
1013 silly placeDep node_modules/npm-check p-locate@5.0.0 OK for: locate-path@6.0.0 want: ^5.0.0
1014 silly fetch manifest p-limit@^3.0.2
1015 silly packumentCache full:https://registry.npmjs.org/p-limit cache-miss
1016 http fetch GET 200 https://registry.npmjs.org/p-limit 58ms (cache miss)
1017 silly packumentCache full:https://registry.npmjs.org/p-limit set size:undefined disposed:false
1018 silly placeDep node_modules/npm-check p-limit@3.1.0 OK for: p-locate@5.0.0 want: ^3.0.2
1019 silly placeDep node_modules/preferred-pm locate-path@6.0.0 OK for: find-up@5.0.0 want: ^6.0.0
1020 silly placeDep node_modules/preferred-pm p-locate@5.0.0 OK for: locate-path@6.0.0 want: ^5.0.0
1021 silly placeDep node_modules/preferred-pm p-limit@3.1.0 OK for: p-locate@5.0.0 want: ^3.0.2
1022 silly placeDep node_modules/rc-config-loader argparse@2.0.1 OK for: js-yaml@4.1.1 want: ^2.0.1
1023 silly placeDep node_modules/read-pkg hosted-git-info@2.8.9 OK for: normalize-package-data@2.5.0 want: ^2.1.4
1024 silly placeDep node_modules/read-pkg semver@5.7.2 OK for: normalize-package-data@2.5.0 want: 2 || 3 || 4 || 5
1025 silly placeDep node_modules/resolve-dir global-prefix@1.0.2 OK for: global-modules@1.0.0 want: ^1.0.1
1026 silly placeDep ROOT is-windows@1.0.2 OK for: global-modules@1.0.0 want: ^1.0.1
1027 silly fetch manifest which@^1.2.14
1028 silly packumentCache full:https://registry.npmjs.org/which cache-miss
1029 http fetch GET 200 https://registry.npmjs.org/which 61ms (cache miss)
1030 silly packumentCache full:https://registry.npmjs.org/which set size:undefined disposed:false
1031 silly placeDep node_modules/resolve-dir which@1.3.1 OK for: global-prefix@1.0.2 want: ^1.2.14
1032 silly fetch manifest yaml@^2.4.2
1033 silly packumentCache full:https://registry.npmjs.org/yaml cache-miss
1034 http fetch GET 200 https://registry.npmjs.org/yaml 103ms (cache miss)
1035 silly packumentCache full:https://registry.npmjs.org/yaml set size:undefined disposed:false
1036 silly placeDep node_modules/tailwindcss yaml@2.8.2 OK for: postcss-load-config@6.0.1 want: ^2.4.2
1037 silly reify moves {}
1038 silly audit bulk request {
1038 silly audit   '@adobe/css-tools': [ '4.4.4' ],
1038 silly audit   '@alloc/quick-lru': [ '5.2.0' ],
1038 silly audit   '@babel/code-frame': [ '7.27.1' ],
1038 silly audit   '@babel/compat-data': [ '7.28.5' ],
1038 silly audit   '@babel/core': [ '7.28.5' ],
1038 silly audit   semver: [ '6.3.1', '7.7.3', '5.7.2' ],
1038 silly audit   '@babel/eslint-parser': [ '7.28.5' ],
1038 silly audit   'eslint-visitor-keys': [ '2.1.0', '3.4.3' ],
1038 silly audit   '@babel/generator': [ '7.28.5' ],
1038 silly audit   '@babel/helper-annotate-as-pure': [ '7.27.3' ],
1038 silly audit   '@babel/helper-compilation-targets': [ '7.27.2' ],
1038 silly audit   '@babel/helper-create-class-features-plugin': [ '7.28.5' ],
1038 silly audit   '@babel/helper-create-regexp-features-plugin': [ '7.28.5' ],
1038 silly audit   '@babel/helper-define-polyfill-provider': [ '0.6.5' ],
1038 silly audit   '@babel/helper-globals': [ '7.28.0' ],
1038 silly audit   '@babel/helper-member-expression-to-functions': [ '7.28.5' ],
1038 silly audit   '@babel/helper-module-imports': [ '7.27.1' ],
1038 silly audit   '@babel/helper-module-transforms': [ '7.28.3' ],
1038 silly audit   '@babel/helper-optimise-call-expression': [ '7.27.1' ],
1038 silly audit   '@babel/helper-plugin-utils': [ '7.27.1' ],
1038 silly audit   '@babel/helper-remap-async-to-generator': [ '7.27.1' ],
1038 silly audit   '@babel/helper-replace-supers': [ '7.27.1' ],
1038 silly audit   '@babel/helper-skip-transparent-expression-wrappers': [ '7.27.1' ],
1038 silly audit   '@babel/helper-string-parser': [ '7.27.1' ],
1038 silly audit   '@babel/helper-validator-identifier': [ '7.28.5' ],
1038 silly audit   '@babel/helper-validator-option': [ '7.27.1' ],
1038 silly audit   '@babel/helper-wrap-function': [ '7.28.3' ],
1038 silly audit   '@babel/helpers': [ '7.28.4' ],
1038 silly audit   '@babel/parser': [ '7.28.5' ],
1038 silly audit   '@babel/plugin-bugfix-firefox-class-in-computed-class-key': [ '7.28.5' ],
1038 silly audit   '@babel/plugin-bugfix-safari-class-field-initializer-scope': [ '7.27.1' ],
1038 silly audit   '@babel/plugin-bugfix-safari-id-destructuring-collision-in-function-expression': [ '7.27.1' ],
1038 silly audit   '@babel/plugin-bugfix-v8-spread-parameters-in-optional-chaining': [ '7.27.1' ],
1038 silly audit   '@babel/plugin-bugfix-v8-static-class-fields-redefine-readonly': [ '7.28.3' ],
1038 silly audit   '@babel/plugin-proposal-class-properties': [ '7.18.6' ],
1038 silly audit   '@babel/plugin-proposal-decorators': [ '7.28.0' ],
1038 silly audit   '@babel/plugin-proposal-nullish-coalescing-operator': [ '7.18.6' ],
1038 silly audit   '@babel/plugin-proposal-numeric-separator': [ '7.18.6' ],
1038 silly audit   '@babel/plugin-proposal-optional-chaining': [ '7.21.0' ],
1038 silly audit   '@babel/plugin-proposal-private-methods': [ '7.18.6' ],
1038 silly audit   '@babel/plugin-proposal-private-property-in-object': [ '7.21.0-placeholder-for-preset-env.2', '7.21.11' ],
1038 silly audit   '@babel/plugin-syntax-async-generators': [ '7.8.4' ],
1038 silly audit   '@babel/plugin-syntax-bigint': [ '7.8.3' ],
1038 silly audit   '@babel/plugin-syntax-class-properties': [ '7.12.13' ],
1038 silly audit   '@babel/plugin-syntax-class-static-block': [ '7.14.5' ],
1038 silly audit   '@babel/plugin-syntax-decorators': [ '7.27.1' ],
1038 silly audit   '@babel/plugin-syntax-flow': [ '7.27.1' ],
1038 silly audit   '@babel/plugin-syntax-import-assertions': [ '7.27.1' ],
1038 silly audit   '@babel/plugin-syntax-import-attributes': [ '7.27.1' ],
1038 silly audit   '@babel/plugin-syntax-import-meta': [ '7.10.4' ],
1038 silly audit   '@babel/plugin-syntax-json-strings': [ '7.8.3' ],
1038 silly audit   '@babel/plugin-syntax-jsx': [ '7.27.1' ],
1038 silly audit   '@babel/plugin-syntax-logical-assignment-operators': [ '7.10.4' ],
1038 silly audit   '@babel/plugin-syntax-nullish-coalescing-operator': [ '7.8.3' ],
1038 silly audit   '@babel/plugin-syntax-numeric-separator': [ '7.10.4' ],
1038 silly audit   '@babel/plugin-syntax-object-rest-spread': [ '7.8.3' ],
1038 silly audit   '@babel/plugin-syntax-optional-catch-binding': [ '7.8.3' ],
1038 silly audit   '@babel/plugin-syntax-optional-chaining': [ '7.8.3' ],
1038 silly audit   '@babel/plugin-syntax-private-property-in-object': [ '7.14.5' ],
1038 silly audit   '@babel/plugin-syntax-top-level-await': [ '7.14.5' ],
1038 silly audit   '@babel/plugin-syntax-typescript': [ '7.27.1' ],
1038 silly audit   '@babel/plugin-syntax-unicode-sets-regex': [ '7.18.6' ],
1038 silly audit   '@babel/plugin-transform-arrow-functions': [ '7.27.1' ],
1038 silly audit   '@babel/plugin-transform-async-generator-functions': [ '7.28.0' ],
1038 silly audit   '@babel/plugin-transform-async-to-generator': [ '7.27.1' ],
1038 silly audit   '@babel/plugin-transform-block-scoped-functions': [ '7.27.1' ],
1038 silly audit   '@babel/plugin-transform-block-scoping': [ '7.28.5' ],
1038 silly audit   '@babel/plugin-transform-class-properties': [ '7.27.1' ],
1038 silly audit   '@babel/plugin-transform-class-static-block': [ '7.28.3' ],
1038 silly audit   '@babel/plugin-transform-classes': [ '7.28.4' ],
1038 silly audit   '@babel/plugin-transform-computed-properties': [ '7.27.1' ],
1038 silly audit   '@babel/plugin-transform-destructuring': [ '7.28.5' ],
1038 silly audit   '@babel/plugin-transform-dotall-regex': [ '7.27.1' ],
1038 silly audit   '@babel/plugin-transform-duplicate-keys': [ '7.27.1' ],
1038 silly audit   '@babel/plugin-transform-duplicate-named-capturing-groups-regex': [ '7.27.1' ],
1038 silly audit   '@babel/plugin-transform-dynamic-import': [ '7.27.1' ],
1038 silly audit   '@babel/plugin-transform-explicit-resource-management': [ '7.28.0' ],
1038 silly audit   '@babel/plugin-transform-exponentiation-operator': [ '7.28.5' ],
1038 silly audit   '@babel/plugin-transform-export-namespace-from': [ '7.27.1' ],
1038 silly audit   '@babel/plugin-transform-flow-strip-types': [ '7.27.1' ],
1038 silly audit   '@babel/plugin-transform-for-of': [ '7.27.1' ],
1038 silly audit   '@babel/plugin-transform-function-name': [ '7.27.1' ],
1038 silly audit   '@babel/plugin-transform-json-strings': [ '7.27.1' ],
1038 silly audit   '@babel/plugin-transform-literals': [ '7.27.1' ],
1038 silly audit   '@babel/plugin-transform-logical-assignment-operators': [ '7.28.5' ],
1038 silly audit   '@babel/plugin-transform-member-expression-literals': [ '7.27.1' ],
1038 silly audit   '@babel/plugin-transform-modules-amd': [ '7.27.1' ],
1038 silly audit   '@babel/plugin-transform-modules-commonjs': [ '7.27.1' ],
1038 silly audit   '@babel/plugin-transform-modules-systemjs': [ '7.28.5' ],
1038 silly audit   '@babel/plugin-transform-modules-umd': [ '7.27.1' ],
1038 silly audit   '@babel/plugin-transform-named-capturing-groups-regex': [ '7.27.1' ],
1038 silly audit   '@babel/plugin-transform-new-target': [ '7.27.1' ],
1038 silly audit   '@babel/plugin-transform-nullish-coalescing-operator': [ '7.27.1' ],
1038 silly audit   '@babel/plugin-transform-numeric-separator': [ '7.27.1' ],
1038 silly audit   '@babel/plugin-transform-object-rest-spread': [ '7.28.4' ],
1038 silly audit   '@babel/plugin-transform-object-super': [ '7.27.1' ],
1038 silly audit   '@babel/plugin-transform-optional-catch-binding': [ '7.27.1' ],
1038 silly audit   '@babel/plugin-transform-optional-chaining': [ '7.28.5' ],
1038 silly audit   '@babel/plugin-transform-parameters': [ '7.27.7' ],
1038 silly audit   '@babel/plugin-transform-private-methods': [ '7.27.1' ],
1038 silly audit   '@babel/plugin-transform-private-property-in-object': [ '7.27.1' ],
1038 silly audit   '@babel/plugin-transform-property-literals': [ '7.27.1' ],
1038 silly audit   '@babel/plugin-transform-react-constant-elements': [ '7.27.1' ],
1038 silly audit   '@babel/plugin-transform-react-display-name': [ '7.28.0' ],
1038 silly audit   '@babel/plugin-transform-react-jsx': [ '7.27.1' ],
1038 silly audit   '@babel/plugin-transform-react-jsx-development': [ '7.27.1' ],
1038 silly audit   '@babel/plugin-transform-react-pure-annotations': [ '7.27.1' ],
1038 silly audit   '@babel/plugin-transform-regenerator': [ '7.28.4' ],
1038 silly audit   '@babel/plugin-transform-regexp-modifiers': [ '7.27.1' ],
1038 silly audit   '@babel/plugin-transform-reserved-words': [ '7.27.1' ],
1038 silly audit   '@babel/plugin-transform-runtime': [ '7.28.5' ],
1038 silly audit   '@babel/plugin-transform-shorthand-properties': [ '7.27.1' ],
1038 silly audit   '@babel/plugin-transform-spread': [ '7.27.1' ],
1038 silly audit   '@babel/plugin-transform-sticky-regex': [ '7.27.1' ],
1038 silly audit   '@babel/plugin-transform-template-literals': [ '7.27.1' ],
1038 silly audit   '@babel/plugin-transform-typeof-symbol': [ '7.27.1' ],
1038 silly audit   '@babel/plugin-transform-typescript': [ '7.28.5' ],
1038 silly audit   '@babel/plugin-transform-unicode-escapes': [ '7.27.1' ],
1038 silly audit   '@babel/plugin-transform-unicode-property-regex': [ '7.27.1' ],
1038 silly audit   '@babel/plugin-transform-unicode-regex': [ '7.27.1' ],
1038 silly audit   '@babel/plugin-transform-unicode-sets-regex': [ '7.27.1' ],
1038 silly audit   '@babel/preset-env': [ '7.28.5' ],
1038 silly audit   '@babel/preset-modules': [ '0.1.6-no-external-plugins' ],
1038 silly audit   '@babel/preset-react': [ '7.28.5' ],
1038 silly audit   '@babel/preset-typescript': [ '7.28.5' ],
1038 silly audit   '@babel/runtime': [ '7.28.4' ],
1038 silly audit   '@babel/template': [ '7.27.2' ],
1038 silly audit   '@babel/traverse': [ '7.28.5' ],
1038 silly audit   '@babel/types': [ '7.28.5' ],
1038 silly audit   '@bcoe/v8-coverage': [ '0.2.3' ],
1038 silly audit   '@csstools/normalize.css': [ '12.1.1' ],
1038 silly audit   '@csstools/postcss-cascade-layers': [ '1.1.1' ],
1038 silly audit   '@csstools/postcss-color-function': [ '1.1.1' ],
1038 silly audit   '@csstools/postcss-font-format-keywords': [ '1.0.1' ],
1038 silly audit   '@csstools/postcss-hwb-function': [ '1.0.2' ],
1038 silly audit   '@csstools/postcss-ic-unit': [ '1.0.1' ],
1038 silly audit   '@csstools/postcss-is-pseudo-class': [ '2.0.7' ],
1038 silly audit   '@csstools/postcss-nested-calc': [ '1.0.0' ],
1038 silly audit   '@csstools/postcss-normalize-display-values': [ '1.0.1' ],
1038 silly audit   '@csstools/postcss-oklab-function': [ '1.1.1' ],
1038 silly audit   '@csstools/postcss-progressive-custom-properties': [ '1.3.0' ],
1038 silly audit   '@csstools/postcss-stepped-value-functions': [ '1.0.1' ],
1038 silly audit   '@csstools/postcss-text-decoration-shorthand': [ '1.0.0' ],
1038 silly audit   '@csstools/postcss-trigonometric-functions': [ '1.0.2' ],
1038 silly audit   '@csstools/postcss-unset-value': [ '1.0.2' ],
1038 silly audit   '@csstools/selector-specificity': [ '2.2.0' ],
1038 silly audit   '@eslint-community/eslint-utils': [ '4.9.0' ],
1038 silly audit   '@eslint-community/regexpp': [ '4.12.2' ],
1038 silly audit   '@eslint/eslintrc': [ '2.1.4' ],
1038 silly audit   argparse: [ '2.0.1', '1.0.10' ],
1038 silly audit   'js-yaml': [ '4.1.1', '3.14.2' ],
1038 silly audit   '@eslint/js': [ '8.57.1' ],
1038 silly audit   '@humanwhocodes/config-array': [ '0.13.0' ],
1038 silly audit   '@humanwhocodes/module-importer': [ '1.0.1' ],
1038 silly audit   '@humanwhocodes/object-schema': [ '2.0.3' ],
1038 silly audit   '@istanbuljs/load-nyc-config': [ '1.1.0' ],
1038 silly audit   camelcase: [ '5.3.1', '6.3.0' ],
1038 silly audit   '@istanbuljs/schema': [ '0.1.3' ],
1038 silly audit   '@jest/console': [ '27.5.1', '28.1.3' ],
1038 silly audit   '@jest/core': [ '27.5.1' ],
1038 silly audit   '@jest/environment': [ '27.5.1' ],
1038 silly audit   '@jest/fake-timers': [ '27.5.1' ],
1038 silly audit   '@jest/globals': [ '27.5.1' ],
1038 silly audit   '@jest/reporters': [ '27.5.1' ],
1038 silly audit   'source-map': [ '0.6.1', '0.7.6', '0.8.0-beta.0' ],
1038 silly audit   '@jest/schemas': [ '28.1.3' ],
1038 silly audit   '@jest/source-map': [ '27.5.1' ],
1038 silly audit   '@jest/test-result': [ '27.5.1', '28.1.3' ],
1038 silly audit   '@jest/test-sequencer': [ '27.5.1' ],
1038 silly audit   '@jest/transform': [ '27.5.1' ],
1038 silly audit   'convert-source-map': [ '1.9.0', '2.0.0' ],
1038 silly audit   '@jest/types': [ '27.5.1', '28.1.3' ],
1038 silly audit   '@jridgewell/gen-mapping': [ '0.3.13' ],
1038 silly audit   '@jridgewell/remapping': [ '2.3.5' ],
1038 silly audit   '@jridgewell/resolve-uri': [ '3.1.2' ],
1038 silly audit   '@jridgewell/source-map': [ '0.3.11' ],
1038 silly audit   '@jridgewell/sourcemap-codec': [ '1.5.5' ],
1038 silly audit   '@jridgewell/trace-mapping': [ '0.3.31' ],
1038 silly audit   '@leichtgewicht/ip-codec': [ '2.0.5' ],
1038 silly audit   '@nicolo-ribaudo/eslint-scope-5-internals': [ '5.1.1-v1' ],
1038 silly audit   'eslint-scope': [ '5.1.1', '7.2.2' ],
1038 silly audit   estraverse: [ '4.3.0', '5.3.0' ],
1038 silly audit   '@nodelib/fs.scandir': [ '2.1.5' ],
1038 silly audit   '@nodelib/fs.stat': [ '2.0.5' ],
1038 silly audit   '@nodelib/fs.walk': [ '1.2.8' ],
1038 silly audit   '@pmmmwh/react-refresh-webpack-plugin': [ '0.5.17' ],
1038 silly audit   '@rollup/plugin-babel': [ '5.3.1' ],
1038 silly audit   '@rollup/plugin-node-resolve': [ '11.2.1' ],
1038 silly audit   '@rollup/plugin-replace': [ '2.4.2' ],
1038 silly audit   '@rollup/pluginutils': [ '3.1.0' ],
1038 silly audit   '@types/estree': [ '0.0.39', '1.0.8' ],
1038 silly audit   '@rtsao/scc': [ '1.1.0' ],
1038 silly audit   '@rushstack/eslint-patch': [ '1.15.0' ],
1038 silly audit   '@sinclair/typebox': [ '0.24.51' ],
1038 silly audit   '@sinonjs/commons': [ '1.8.6' ],
1038 silly audit   '@sinonjs/fake-timers': [ '8.1.0' ],
1038 silly audit   '@surma/rollup-plugin-off-main-thread': [ '2.2.3' ],
1038 silly audit   '@svgr/babel-plugin-add-jsx-attribute': [ '5.4.0' ],
1038 silly audit   '@svgr/babel-plugin-remove-jsx-attribute': [ '5.4.0' ],
1038 silly audit   '@svgr/babel-plugin-remove-jsx-empty-expression': [ '5.0.1' ],
1038 silly audit   '@svgr/babel-plugin-replace-jsx-attribute-value': [ '5.0.1' ],
1038 silly audit   '@svgr/babel-plugin-svg-dynamic-title': [ '5.4.0' ],
1038 silly audit   '@svgr/babel-plugin-svg-em-dimensions': [ '5.4.0' ],
1038 silly audit   '@svgr/babel-plugin-transform-react-native-svg': [ '5.4.0' ],
1038 silly audit   '@svgr/babel-plugin-transform-svg-component': [ '5.5.0' ],
1038 silly audit   '@svgr/babel-preset': [ '5.5.0' ],
1038 silly audit   '@svgr/core': [ '5.5.0' ],
1038 silly audit   '@svgr/hast-util-to-babel-ast': [ '5.5.0' ],
1038 silly audit   '@svgr/plugin-jsx': [ '5.5.0' ],
1038 silly audit   '@svgr/plugin-svgo': [ '5.5.0' ],
1038 silly audit   '@svgr/webpack': [ '5.5.0' ],
1038 silly audit   '@testing-library/dom': [ '10.4.1' ],
1038 silly audit   'aria-query': [ '5.3.0', '5.3.2' ],
1038 silly audit   '@testing-library/jest-dom': [ '6.9.1' ],
1038 silly audit   'dom-accessibility-api': [ '0.6.3', '0.5.16' ],
1038 silly audit   '@testing-library/react': [ '16.3.0' ],
1038 silly audit   '@testing-library/user-event': [ '13.5.0' ],
1038 silly audit   '@tootallnate/once': [ '1.1.2' ],
1038 silly audit   '@trysound/sax': [ '0.2.0' ],
1038 silly audit   '@types/aria-query': [ '5.0.4' ],
1038 silly audit   '@types/babel__core': [ '7.20.5' ],
1038 silly audit   '@types/babel__generator': [ '7.27.0' ],
1038 silly audit   '@types/babel__template': [ '7.4.4' ],
1038 silly audit   '@types/babel__traverse': [ '7.28.0' ],
1038 silly audit   '@types/body-parser': [ '1.19.6' ],
1038 silly audit   '@types/bonjour': [ '3.5.13' ],
1038 silly audit   '@types/connect': [ '3.4.38' ],
1038 silly audit   '@types/connect-history-api-fallback': [ '1.5.4' ],
1038 silly audit   '@types/eslint': [ '8.56.12' ],
1038 silly audit   '@types/eslint-scope': [ '3.7.7' ],
1038 silly audit   '@types/express': [ '4.17.25' ],
1038 silly audit   '@types/express-serve-static-core': [ '5.1.0', '4.19.7' ],
1038 silly audit   '@types/graceful-fs': [ '4.1.9' ],
1038 silly audit   '@types/html-minifier-terser': [ '6.1.0' ],
1038 silly audit   '@types/http-errors': [ '2.0.5' ],
1038 silly audit   '@types/http-proxy': [ '1.17.17' ],
1038 silly audit   '@types/istanbul-lib-coverage': [ '2.0.6' ],
1038 silly audit   '@types/istanbul-lib-report': [ '3.0.3' ],
1038 silly audit   '@types/istanbul-reports': [ '3.0.4' ],
1038 silly audit   '@types/json-schema': [ '7.0.15' ],
1038 silly audit   '@types/json5': [ '0.0.29' ],
1038 silly audit   '@types/mime': [ '1.3.5' ],
1038 silly audit   '@types/node': [ '25.0.1' ],
1038 silly audit   '@types/node-forge': [ '1.3.14' ],
1038 silly audit   '@types/parse-json': [ '4.0.2' ],
1038 silly audit   '@types/prettier': [ '2.7.3' ],
1038 silly audit   '@types/q': [ '1.5.8' ],
1038 silly audit   '@types/qs': [ '6.14.0' ],
1038 silly audit   '@types/range-parser': [ '1.2.7' ],
1038 silly audit   '@types/resolve': [ '1.17.1' ],
1038 silly audit   '@types/retry': [ '0.12.0' ],
1038 silly audit   '@types/semver': [ '7.7.1' ],
1038 silly audit   '@types/send': [ '1.2.1', '0.17.6' ],
1038 silly audit   '@types/serve-index': [ '1.9.4' ],
1038 silly audit   '@types/serve-static': [ '1.15.10' ],
1038 silly audit   '@types/sockjs': [ '0.3.36' ],
1038 silly audit   '@types/stack-utils': [ '2.0.3' ],
1038 silly audit   '@types/trusted-types': [ '2.0.7' ],
1038 silly audit   '@types/ws': [ '8.18.1' ],
1038 silly audit   '@types/yargs': [ '16.0.11', '17.0.35' ],
1038 silly audit   '@types/yargs-parser': [ '21.0.3' ],
1038 silly audit   '@typescript-eslint/eslint-plugin': [ '5.62.0' ],
1038 silly audit   '@typescript-eslint/experimental-utils': [ '5.62.0' ],
1038 silly audit   '@typescript-eslint/parser': [ '5.62.0' ],
1038 silly audit   '@typescript-eslint/scope-manager': [ '5.62.0' ],
1038 silly audit   '@typescript-eslint/type-utils': [ '5.62.0' ],
1038 silly audit   '@typescript-eslint/types': [ '5.62.0' ],
1038 silly audit   '@typescript-eslint/typescript-estree': [ '5.62.0' ],
1038 silly audit   '@typescript-eslint/utils': [ '5.62.0' ],
1038 silly audit   '@typescript-eslint/visitor-keys': [ '5.62.0' ],
1038 silly audit   '@ungap/structured-clone': [ '1.3.0' ],
1038 silly audit   '@webassemblyjs/ast': [ '1.14.1' ],
1038 silly audit   '@webassemblyjs/floating-point-hex-parser': [ '1.13.2' ],
1038 silly audit   '@webassemblyjs/helper-api-error': [ '1.13.2' ],
1038 silly audit   '@webassemblyjs/helper-buffer': [ '1.14.1' ],
1038 silly audit   '@webassemblyjs/helper-numbers': [ '1.13.2' ],
1038 silly audit   '@webassemblyjs/helper-wasm-bytecode': [ '1.13.2' ],
1038 silly audit   '@webassemblyjs/helper-wasm-section': [ '1.14.1' ],
1038 silly audit   '@webassemblyjs/ieee754': [ '1.13.2' ],
1038 silly audit   '@webassemblyjs/leb128': [ '1.13.2' ],
1038 silly audit   '@webassemblyjs/utf8': [ '1.13.2' ],
1038 silly audit   '@webassemblyjs/wasm-edit': [ '1.14.1' ],
1038 silly audit   '@webassemblyjs/wasm-gen': [ '1.14.1' ],
1038 silly audit   '@webassemblyjs/wasm-opt': [ '1.14.1' ],
1038 silly audit   '@webassemblyjs/wasm-parser': [ '1.14.1' ],
1038 silly audit   '@webassemblyjs/wast-printer': [ '1.14.1' ],
1038 silly audit   '@xtuc/ieee754': [ '1.2.0' ],
1038 silly audit   '@xtuc/long': [ '4.2.2' ],
1038 silly audit   abab: [ '2.0.6' ],
1038 silly audit   accepts: [ '1.3.8' ],
1038 silly audit   negotiator: [ '0.6.3', '0.6.4' ],
1038 silly audit   acorn: [ '8.15.0', '7.4.1' ],
1038 silly audit   'acorn-globals': [ '6.0.0' ],
1038 silly audit   'acorn-import-phases': [ '1.0.4' ],
1038 silly audit   'acorn-jsx': [ '5.3.2' ],
1038 silly audit   'acorn-walk': [ '7.2.0' ],
1038 silly audit   address: [ '1.2.2' ],
1038 silly audit   'adjust-sourcemap-loader': [ '4.0.0' ],
1038 silly audit   'agent-base': [ '6.0.2' ],
1038 silly audit   ajv: [ '6.12.6', '8.17.1' ],
1038 silly audit   'ajv-formats': [ '2.1.1' ],
1038 silly audit   'json-schema-traverse': [ '1.0.0', '0.4.1' ],
1038 silly audit   'ajv-keywords': [ '3.5.2', '5.1.0' ],
1038 silly audit   'ansi-escapes': [ '4.3.2' ],
1038 silly audit   'type-fest': [ '0.21.3', '0.16.0', '0.20.2', '0.18.1', '0.8.1', '0.6.0' ],
1038 silly audit   'ansi-html': [ '0.0.9' ],
1038 silly audit   'ansi-html-community': [ '0.0.8' ],
1038 silly audit   'ansi-regex': [ '5.0.1', '6.2.2' ],
1038 silly audit   'ansi-styles': [ '4.3.0', '3.2.1', '5.2.0' ],
1038 silly audit   'any-promise': [ '1.3.0' ],
1038 silly audit   anymatch: [ '3.1.3' ],
1038 silly audit   arg: [ '5.0.2' ],
1038 silly audit   'array-buffer-byte-length': [ '1.0.2' ],
1038 silly audit   'array-flatten': [ '1.1.1' ],
1038 silly audit   'array-includes': [ '3.1.9' ],
1038 silly audit   'array-union': [ '2.1.0' ],
1038 silly audit   'array.prototype.findlast': [ '1.2.5' ],
1038 silly audit   'array.prototype.findlastindex': [ '1.2.6' ],
1038 silly audit   'array.prototype.flat': [ '1.3.3' ],
1038 silly audit   'array.prototype.flatmap': [ '1.3.3' ],
1038 silly audit   'array.prototype.reduce': [ '1.0.8' ],
1038 silly audit   'array.prototype.tosorted': [ '1.1.4' ],
1038 silly audit   'arraybuffer.prototype.slice': [ '1.0.4' ],
1038 silly audit   asap: [ '2.0.6' ],
1038 silly audit   'ast-types-flow': [ '0.0.8' ],
1038 silly audit   async: [ '3.2.6' ],
1038 silly audit   'async-function': [ '1.0.0' ],
1038 silly audit   asynckit: [ '0.4.0' ],
1038 silly audit   'at-least-node': [ '1.0.0' ],
1038 silly audit   autoprefixer: [ '10.4.22' ],
1038 silly audit   'available-typed-arrays': [ '1.0.7' ],
1038 silly audit   'axe-core': [ '4.11.0' ],
1038 silly audit   'axobject-query': [ '4.1.0' ],
1038 silly audit   'babel-jest': [ '27.5.1' ],
1038 silly audit   'babel-loader': [ '8.4.1' ],
1038 silly audit   'schema-utils': [ '2.7.1', '3.3.0', '2.7.0', '4.3.3' ],
1038 silly audit   'babel-plugin-istanbul': [ '6.1.1' ],
1038 silly audit   'babel-plugin-jest-hoist': [ '27.5.1' ],
1038 silly audit   'babel-plugin-macros': [ '3.1.0' ],
1038 silly audit   'babel-plugin-named-asset-import': [ '0.3.8' ],
1038 silly audit   'babel-plugin-polyfill-corejs2': [ '0.4.14' ],
1038 silly audit   'babel-plugin-polyfill-corejs3': [ '0.13.0' ],
1038 silly audit   'babel-plugin-polyfill-regenerator': [ '0.6.5' ],
1038 silly audit   'babel-plugin-transform-react-remove-prop-types': [ '0.4.24' ],
1038 silly audit   'babel-preset-current-node-syntax': [ '1.2.0' ],
1038 silly audit   'babel-preset-jest': [ '27.5.1' ],
1038 silly audit   'babel-preset-react-app': [ '10.1.0' ],
1038 silly audit   'balanced-match': [ '1.0.2' ],
1038 silly audit   'baseline-browser-mapping': [ '2.9.6' ],
1038 silly audit   batch: [ '0.6.1' ],
1038 silly audit   bfj: [ '7.1.0' ],
1038 silly audit   'big.js': [ '5.2.2' ],
1038 silly audit   'binary-extensions': [ '2.3.0' ],
1038 silly audit   bluebird: [ '3.7.2' ],
1038 silly audit   'body-parser': [ '1.20.4' ],
1038 silly audit   debug: [ '2.6.9', '4.4.3', '3.2.7' ],
1038 silly audit   'iconv-lite': [ '0.4.24', '0.6.3' ],
1038 silly audit   ms: [ '2.0.0', '2.1.3' ],
1038 silly audit   'bonjour-service': [ '1.3.0' ],
1038 silly audit   boolbase: [ '1.0.0' ],
1038 silly audit   'brace-expansion': [ '1.1.12', '2.0.2' ],
1038 silly audit   braces: [ '3.0.3' ],
1038 silly audit   'browser-process-hrtime': [ '1.0.0' ],
1038 silly audit   browserslist: [ '4.28.1' ],
1038 silly audit   bser: [ '2.1.1' ],
1038 silly audit   'buffer-from': [ '1.1.2' ],
1038 silly audit   'builtin-modules': [ '3.3.0' ],
1038 silly audit   bytes: [ '3.1.2' ],
1038 silly audit   'call-bind': [ '1.0.8' ],
1038 silly audit   'call-bind-apply-helpers': [ '1.0.2' ],
1038 silly audit   'call-bound': [ '1.0.4' ],
1038 silly audit   callsites: [ '3.1.0' ],
1038 silly audit   'camel-case': [ '4.1.2' ],
1038 silly audit   'camelcase-css': [ '2.0.1' ],
1038 silly audit   'caniuse-api': [ '3.0.0' ],
1038 silly audit   'caniuse-lite': [ '1.0.30001760' ],
1038 silly audit   'case-sensitive-paths-webpack-plugin': [ '2.4.0' ],
1038 silly audit   chalk: [ '4.1.2', '2.4.2' ],
1038 silly audit   'char-regex': [ '1.0.2', '2.0.2' ],
1038 silly audit   'check-types': [ '11.2.3' ],
1038 silly audit   chokidar: [ '3.6.0' ],
1038 silly audit   'glob-parent': [ '5.1.2', '6.0.2' ],
1038 silly audit   'chrome-trace-event': [ '1.0.4' ],
1038 silly audit   'ci-info': [ '3.9.0', '2.0.0' ],
1038 silly audit   'cjs-module-lexer': [ '1.4.3' ],
1038 silly audit   'clean-css': [ '5.3.3' ],
1038 silly audit   cliui: [ '7.0.4' ],
1038 silly audit   co: [ '4.6.0' ],
1038 silly audit   coa: [ '2.0.2' ],
1038 silly audit   'color-convert': [ '1.9.3', '2.0.1' ],
1038 silly audit   'color-name': [ '1.1.3', '1.1.4' ],
1038 silly audit   'escape-string-regexp': [ '1.0.5', '4.0.0', '2.0.0' ],
1038 silly audit   'has-flag': [ '3.0.0', '4.0.0' ],
1038 silly audit   'supports-color': [ '5.5.0', '8.1.1', '7.2.0' ],
1038 silly audit   'collect-v8-coverage': [ '1.0.3' ],
1038 silly audit   colord: [ '2.9.3' ],
1038 silly audit   colorette: [ '2.0.20' ],
1038 silly audit   'combined-stream': [ '1.0.8' ],
1038 silly audit   commander: [ '8.3.0', '7.2.0', '4.1.1', '2.20.3', '13.1.0' ],
1038 silly audit   'common-tags': [ '1.8.2' ],
1038 silly audit   commondir: [ '1.0.1' ],
1038 silly audit   compressible: [ '2.0.18' ],
1038 silly audit   compression: [ '1.8.1' ],
1038 silly audit   'concat-map': [ '0.0.1' ],
1038 silly audit   'confusing-browser-globals': [ '1.0.11' ],
1038 silly audit   'connect-history-api-fallback': [ '2.0.0' ],
1038 silly audit   'content-disposition': [ '0.5.4' ],
1038 silly audit   'content-type': [ '1.0.5' ],
1038 silly audit   cookie: [ '0.7.2', '1.1.1' ],
1038 silly audit   'cookie-signature': [ '1.0.7' ],
1038 silly audit   'core-js': [ '3.47.0' ],
1038 silly audit   'core-js-compat': [ '3.47.0' ],
1038 silly audit   'core-js-pure': [ '3.47.0' ],
1038 silly audit   'core-util-is': [ '1.0.3' ],
1038 silly audit   cosmiconfig: [ '7.1.0', '6.0.0' ],
1038 silly audit   'cross-spawn': [ '7.0.6' ],
1038 silly audit   'crypto-random-string': [ '2.0.0' ],
1038 silly audit   'css-blank-pseudo': [ '3.0.3' ],
1038 silly audit   'css-declaration-sorter': [ '6.4.1' ],
1038 silly audit   'css-has-pseudo': [ '3.0.4' ],
1038 silly audit   'css-loader': [ '6.11.0' ],
1038 silly audit   'css-minimizer-webpack-plugin': [ '3.4.1' ],
1038 silly audit   'css-prefers-color-scheme': [ '6.0.3' ],
1038 silly audit   'css-select': [ '4.3.0', '2.1.0' ],
1038 silly audit   'css-select-base-adapter': [ '0.1.1' ],
1038 silly audit   'css-tree': [ '1.0.0-alpha.37', '1.1.3' ],
1038 silly audit   'css-what': [ '6.2.2', '3.4.2' ],
1038 silly audit   'css.escape': [ '1.5.1' ],
1038 silly audit   cssdb: [ '7.11.2' ],
1038 silly audit   cssesc: [ '3.0.0' ],
1038 silly audit   cssnano: [ '5.1.15' ],
1038 silly audit   'cssnano-preset-default': [ '5.2.14' ],
1038 silly audit   'cssnano-utils': [ '3.1.0' ],
1038 silly audit   csso: [ '4.2.0' ],
1038 silly audit   'mdn-data': [ '2.0.14', '2.0.4' ],
1038 silly audit   cssom: [ '0.4.4', '0.3.8' ],
1038 silly audit   cssstyle: [ '2.3.0' ],
1038 silly audit   'damerau-levenshtein': [ '1.0.8' ],
1038 silly audit   'data-urls': [ '2.0.0' ],
1038 silly audit   'data-view-buffer': [ '1.0.2' ],
1038 silly audit   'data-view-byte-length': [ '1.0.2' ],
1038 silly audit   'data-view-byte-offset': [ '1.0.1' ],
1038 silly audit   'decimal.js': [ '10.6.0' ],
1038 silly audit   dedent: [ '0.7.0' ],
1038 silly audit   'deep-is': [ '0.1.4' ],
1038 silly audit   deepmerge: [ '4.3.1' ],
1038 silly audit   'default-gateway': [ '6.0.3' ],
1038 silly audit   'define-data-property': [ '1.1.4' ],
1038 silly audit   'define-lazy-prop': [ '2.0.0' ],
1038 silly audit   'define-properties': [ '1.2.1' ],
1038 silly audit   'delayed-stream': [ '1.0.0' ],
1038 silly audit   depd: [ '2.0.0', '1.1.2' ],
1038 silly audit   dequal: [ '2.0.3' ],
1038 silly audit   destroy: [ '1.2.0' ],
1038 silly audit   'detect-newline': [ '3.1.0' ],
1038 silly audit   'detect-node': [ '2.1.0' ],
1038 silly audit   'detect-port-alt': [ '1.1.6' ],
1038 silly audit   didyoumean: [ '1.2.2' ],
1038 silly audit   'diff-sequences': [ '27.5.1' ],
1038 silly audit   'dir-glob': [ '3.0.1' ],
1038 silly audit   dlv: [ '1.1.3' ],
1038 silly audit   'dns-packet': [ '5.6.1' ],
1038 silly audit   doctrine: [ '3.0.0', '2.1.0' ],
1038 silly audit   'dom-converter': [ '0.2.0' ],
1038 silly audit   'dom-serializer': [ '1.4.1', '0.2.2' ],
1038 silly audit   domelementtype: [ '2.3.0', '1.3.1' ],
1038 silly audit   domexception: [ '2.0.1' ],
1038 silly audit   'webidl-conversions': [ '5.0.0', '6.1.0', '4.0.2' ],
1038 silly audit   domhandler: [ '4.3.1' ],
1038 silly audit   domutils: [ '2.8.0', '1.7.0' ],
1038 silly audit   'dot-case': [ '3.0.4' ],
1038 silly audit   dotenv: [ '10.0.0' ],
1038 silly audit   'dotenv-expand': [ '5.1.0' ],
1038 silly audit   'dunder-proto': [ '1.0.1' ],
1038 silly audit   duplexer: [ '0.1.2' ],
1038 silly audit   'ee-first': [ '1.1.1' ],
1038 silly audit   ejs: [ '3.1.10' ],
1038 silly audit   'electron-to-chromium': [ '1.5.267' ],
1038 silly audit   emittery: [ '0.8.1', '0.10.2' ],
1038 silly audit   'emoji-regex': [ '9.2.2', '8.0.0' ],
1038 silly audit   'emojis-list': [ '3.0.0' ],
1038 silly audit   encodeurl: [ '2.0.0', '1.0.2' ],
1038 silly audit   'enhanced-resolve': [ '5.18.4' ],
1038 silly audit   entities: [ '2.2.0', '4.5.0' ],
1038 silly audit   'error-ex': [ '1.3.4' ],
1038 silly audit   'error-stack-parser': [ '2.1.4' ],
1038 silly audit   'es-abstract': [ '1.24.0' ],
1038 silly audit   'es-array-method-boxes-properly': [ '1.0.0' ],
1038 silly audit   'es-define-property': [ '1.0.1' ],
1038 silly audit   'es-errors': [ '1.3.0' ],
1038 silly audit   'es-iterator-helpers': [ '1.2.1' ],
1038 silly audit   'es-module-lexer': [ '1.7.0' ],
1038 silly audit   'es-object-atoms': [ '1.1.1' ],
1038 silly audit   'es-set-tostringtag': [ '2.1.0' ],
1038 silly audit   'es-shim-unscopables': [ '1.1.0' ],
1038 silly audit   'es-to-primitive': [ '1.3.0' ],
1038 silly audit   escalade: [ '3.2.0' ],
1038 silly audit   'escape-html': [ '1.0.3' ],
1038 silly audit   escodegen: [ '2.1.0', '1.14.3' ],
1038 silly audit   eslint: [ '8.57.1' ],
1038 silly audit   'eslint-config-react-app': [ '7.0.1' ],
1038 silly audit   'eslint-import-resolver-node': [ '0.3.9' ],
1038 silly audit   'eslint-module-utils': [ '2.12.1' ],
1038 silly audit   'eslint-plugin-flowtype': [ '8.0.3' ],
1038 silly audit   'eslint-plugin-import': [ '2.32.0' ],
1038 silly audit   'eslint-plugin-jest': [ '25.7.0' ],
1038 silly audit   'eslint-plugin-jsx-a11y': [ '6.10.2' ],
1038 silly audit   'eslint-plugin-react': [ '7.37.5' ],
1038 silly audit   'eslint-plugin-react-hooks': [ '4.6.2' ],
1038 silly audit   resolve: [ '2.0.0-next.5', '1.22.11' ],
1038 silly audit   'eslint-plugin-testing-library': [ '5.11.1' ],
1038 silly audit   'eslint-webpack-plugin': [ '3.2.0' ],
1038 silly audit   'jest-worker': [ '28.1.3', '27.5.1', '26.6.2' ],
1038 silly audit   'find-up': [ '5.0.0', '4.1.0', '3.0.0' ],
1038 silly audit   'locate-path': [ '6.0.0', '5.0.0', '3.0.0' ],
1038 silly audit   'p-limit': [ '3.1.0', '2.3.0' ],
1038 silly audit   'p-locate': [ '5.0.0', '4.1.0', '3.0.0' ],
1038 silly audit   espree: [ '9.6.1' ],
1038 silly audit   esprima: [ '4.0.1', '1.2.2' ],
1038 silly audit   esquery: [ '1.6.0' ],
1038 silly audit   esrecurse: [ '4.3.0' ],
1038 silly audit   'estree-walker': [ '1.0.1', '2.0.2' ],
1038 silly audit   esutils: [ '2.0.3' ],
1038 silly audit   etag: [ '1.8.1' ],
1038 silly audit   eventemitter3: [ '4.0.7' ],
1038 silly audit   events: [ '3.3.0' ],
1038 silly audit   execa: [ '5.1.1' ],
1038 silly audit   exit: [ '0.1.2' ],
1038 silly audit   expect: [ '27.5.1' ],
1038 silly audit   express: [ '4.22.1' ],
1038 silly audit   'fast-deep-equal': [ '3.1.3' ],
1038 silly audit   'fast-glob': [ '3.3.3' ],
1038 silly audit   'fast-json-stable-stringify': [ '2.1.0' ],
1038 silly audit   'fast-levenshtein': [ '2.0.6' ],
1038 silly audit   'fast-uri': [ '3.1.0' ],
1038 silly audit   fastq: [ '1.19.1' ],
1038 silly audit   'faye-websocket': [ '0.11.4' ],
1038 silly audit   'fb-watchman': [ '2.0.2' ],
1038 silly audit   'file-entry-cache': [ '6.0.1' ],
1038 silly audit   'file-loader': [ '6.2.0' ],
1038 silly audit   filelist: [ '1.0.4' ],
1038 silly audit   minimatch: [ '5.1.6', '3.1.2', '7.4.6' ],
1038 silly audit   filesize: [ '8.0.7' ],
1038 silly audit   'fill-range': [ '7.1.1' ],
1038 silly audit   finalhandler: [ '1.3.2' ],
1038 silly audit   'find-cache-dir': [ '3.3.2' ],
1038 silly audit   'flat-cache': [ '3.2.0' ],
1038 silly audit   flatted: [ '3.3.3' ],
1038 silly audit   'follow-redirects': [ '1.15.11' ],
1038 silly audit   'for-each': [ '0.3.5' ],
1038 silly audit   'fork-ts-checker-webpack-plugin': [ '6.5.3' ],
1038 silly audit   'fs-extra': [ '9.1.0', '10.1.0', '11.3.2' ],
1038 silly audit   tapable: [ '1.1.3', '2.3.0' ],
1038 silly audit   'form-data': [ '3.0.4' ],
1038 silly audit   forwarded: [ '0.2.0' ],
1038 silly audit   'fraction.js': [ '5.3.4' ],
1038 silly audit   fresh: [ '0.5.2' ],
1038 silly audit   'fs-monkey': [ '1.1.0' ],
1038 silly audit   'fs.realpath': [ '1.0.0' ],
1038 silly audit   fsevents: [ '2.3.3' ],
1038 silly audit   'function-bind': [ '1.1.2' ],
1038 silly audit   'function.prototype.name': [ '1.1.8' ],
1038 silly audit   'functions-have-names': [ '1.2.3' ],
1038 silly audit   'generator-function': [ '2.0.1' ],
1038 silly audit   gensync: [ '1.0.0-beta.2' ],
1038 silly audit   'get-caller-file': [ '2.0.5' ],
1038 silly audit   'get-intrinsic': [ '1.3.0' ],
1038 silly audit   'get-own-enumerable-property-symbols': [ '3.0.2' ],
1038 silly audit   'get-package-type': [ '0.1.0' ],
1038 silly audit   'get-proto': [ '1.0.1' ],
1038 silly audit   'get-stream': [ '6.0.1', '4.1.0', '5.2.0' ],
1038 silly audit   'get-symbol-description': [ '1.1.0' ],
1038 silly audit   glob: [ '7.2.3' ],
1038 silly audit   'glob-to-regexp': [ '0.4.1' ],
1038 silly audit   'global-modules': [ '2.0.0', '1.0.0' ],
1038 silly audit   'global-prefix': [ '3.0.0', '1.0.2' ],
1038 silly audit   which: [ '1.3.1', '2.0.2' ],
1038 silly audit   globals: [ '13.24.0' ],
1038 silly audit   globalthis: [ '1.0.4' ],
1038 silly audit   globby: [ '11.1.0' ],
1038 silly audit   gopd: [ '1.2.0' ],
1038 silly audit   'graceful-fs': [ '4.2.11' ],
1038 silly audit   graphemer: [ '1.4.0' ],
1038 silly audit   'gzip-size': [ '6.0.0' ],
1038 silly audit   'handle-thing': [ '2.0.1' ],
1038 silly audit   'harmony-reflect': [ '1.6.2' ],
1038 silly audit   'has-bigints': [ '1.1.0' ],
1038 silly audit   'has-property-descriptors': [ '1.0.2' ],
1038 silly audit   'has-proto': [ '1.2.0' ],
1038 silly audit   'has-symbols': [ '1.1.0' ],
1038 silly audit   'has-tostringtag': [ '1.0.2' ],
1038 silly audit   hasown: [ '2.0.2' ],
1038 silly audit   he: [ '1.2.0' ],
1038 silly audit   hoopy: [ '0.1.4' ],
1038 silly audit   'hpack.js': [ '2.1.6' ],
1038 silly audit   isarray: [ '1.0.0', '2.0.5' ],
1038 silly audit   'readable-stream': [ '2.3.8', '3.6.2' ],
1038 silly audit   'safe-buffer': [ '5.1.2', '5.2.1' ],
1038 silly audit   string_decoder: [ '1.1.1', '1.3.0' ],
1038 silly audit   'html-encoding-sniffer': [ '2.0.1' ],
1038 silly audit   'html-entities': [ '2.6.0' ],
1038 silly audit   'html-escaper': [ '2.0.2' ],
1038 silly audit   'html-minifier-terser': [ '6.1.0' ],
1038 silly audit   'html-webpack-plugin': [ '5.6.5' ],
1038 silly audit   htmlparser2: [ '6.1.0' ],
1038 silly audit   'http-deceiver': [ '1.2.7' ],
1038 silly audit   'http-errors': [ '2.0.1', '2.0.0', '1.6.3' ],
1038 silly audit   'http-parser-js': [ '0.5.10' ],
1038 silly audit   'http-proxy': [ '1.18.1' ],
1038 silly audit   'http-proxy-agent': [ '4.0.1' ],
1038 silly audit   'http-proxy-middleware': [ '2.0.9' ],
1038 silly audit   'https-proxy-agent': [ '5.0.1' ],
1038 silly audit   'human-signals': [ '2.1.0' ],
1038 silly audit   'icss-utils': [ '5.1.0' ],
1038 silly audit   idb: [ '7.1.1' ],
1038 silly audit   'identity-obj-proxy': [ '3.0.0' ],
1038 silly audit   ignore: [ '5.3.2' ],
1038 silly audit   immer: [ '9.0.21' ],
1038 silly audit   'import-fresh': [ '3.3.1' ],
1038 silly audit   'resolve-from': [ '4.0.0', '5.0.0' ],
1038 silly audit   'import-local': [ '3.2.0' ],
1038 silly audit   imurmurhash: [ '0.1.4' ],
1038 silly audit   'indent-string': [ '4.0.0' ],
1038 silly audit   inflight: [ '1.0.6' ],
1038 silly audit   inherits: [ '2.0.4', '2.0.3' ],
1038 silly audit   ini: [ '1.3.8', '2.0.0' ],
1038 silly audit   'internal-slot': [ '1.1.0' ],
1038 silly audit   'ipaddr.js': [ '2.3.0', '1.9.1' ],
1038 silly audit   'is-array-buffer': [ '3.0.5' ],
1038 silly audit   'is-arrayish': [ '0.2.1' ],
1038 silly audit   'is-async-function': [ '2.1.1' ],
1038 silly audit   'is-bigint': [ '1.1.0' ],
1038 silly audit   'is-binary-path': [ '2.1.0' ],
1038 silly audit   'is-boolean-object': [ '1.2.2' ],
1038 silly audit   'is-callable': [ '1.2.7' ],
1038 silly audit   'is-core-module': [ '2.16.1' ],
1038 silly audit   'is-data-view': [ '1.0.2' ],
1038 silly audit   'is-date-object': [ '1.1.0' ],
1038 silly audit   'is-docker': [ '2.2.1' ],
1038 silly audit   'is-extglob': [ '2.1.1' ],
1038 silly audit   'is-finalizationregistry': [ '1.1.1' ],
1038 silly audit   'is-fullwidth-code-point': [ '3.0.0' ],
1038 silly audit   'is-generator-fn': [ '2.1.0' ],
1038 silly audit   'is-generator-function': [ '1.1.2' ],
1038 silly audit   'is-glob': [ '4.0.3' ],
1038 silly audit   'is-map': [ '2.0.3' ],
1038 silly audit   'is-module': [ '1.0.0' ],
1038 silly audit   'is-negative-zero': [ '2.0.3' ],
1038 silly audit   'is-number': [ '7.0.0' ],
1038 silly audit   'is-number-object': [ '1.1.1' ],
1038 silly audit   'is-obj': [ '1.0.1', '2.0.0' ],
1038 silly audit   'is-path-inside': [ '3.0.3' ],
1038 silly audit   'is-plain-obj': [ '3.0.0', '1.1.0' ],
1038 silly audit   'is-potential-custom-element-name': [ '1.0.1' ],
1038 silly audit   'is-regex': [ '1.2.1' ],
1038 silly audit   'is-regexp': [ '1.0.0' ],
1038 silly audit   'is-root': [ '2.1.0' ],
1038 silly audit   'is-set': [ '2.0.3' ],
1038 silly audit   'is-shared-array-buffer': [ '1.0.4' ],
1038 silly audit   'is-stream': [ '2.0.1' ],
1038 silly audit   'is-string': [ '1.1.1' ],
1038 silly audit   'is-symbol': [ '1.1.1' ],
1038 silly audit   'is-typed-array': [ '1.1.15' ],
1038 silly audit   'is-typedarray': [ '1.0.0' ],
1038 silly audit   'is-weakmap': [ '2.0.2' ],
1038 silly audit   'is-weakref': [ '1.1.1' ],
1038 silly audit   'is-weakset': [ '2.0.4' ],
1038 silly audit   'is-wsl': [ '2.2.0' ],
1038 silly audit   isexe: [ '2.0.0' ],
1038 silly audit   'istanbul-lib-coverage': [ '3.2.2' ],
1038 silly audit   'istanbul-lib-instrument': [ '5.2.1' ],
1038 silly audit   'istanbul-lib-report': [ '3.0.1' ],
1038 silly audit   'make-dir': [ '4.0.0', '3.1.0' ],
1038 silly audit   'istanbul-lib-source-maps': [ '4.0.1' ],
1038 silly audit   'istanbul-reports': [ '3.2.0' ],
1038 silly audit   'iterator.prototype': [ '1.1.5' ],
1038 silly audit   jake: [ '10.9.4' ],
1038 silly audit   jest: [ '27.5.1' ],
1038 silly audit   'jest-changed-files': [ '27.5.1' ],
1038 silly audit   'jest-circus': [ '27.5.1' ],
1038 silly audit   'jest-cli': [ '27.5.1' ],
1038 silly audit   'jest-config': [ '27.5.1' ],
1038 silly audit   'jest-diff': [ '27.5.1' ],
1038 silly audit   'jest-docblock': [ '27.5.1' ],
1038 silly audit   'jest-each': [ '27.5.1' ],
1038 silly audit   'jest-environment-jsdom': [ '27.5.1' ],
1038 silly audit   'jest-environment-node': [ '27.5.1' ],
1038 silly audit   'jest-get-type': [ '27.5.1' ],
1038 silly audit   'jest-haste-map': [ '27.5.1' ],
1038 silly audit   'jest-jasmine2': [ '27.5.1' ],
1038 silly audit   'jest-leak-detector': [ '27.5.1' ],
1038 silly audit   'jest-matcher-utils': [ '27.5.1' ],
1038 silly audit   'jest-message-util': [ '27.5.1', '28.1.3' ],
1038 silly audit   'jest-mock': [ '27.5.1' ],
1038 silly audit   'jest-pnp-resolver': [ '1.2.3' ],
1038 silly audit   'jest-regex-util': [ '27.5.1', '28.0.2' ],
1038 silly audit   'jest-resolve': [ '27.5.1' ],
1038 silly audit   'jest-resolve-dependencies': [ '27.5.1' ],
1038 silly audit   'jest-runner': [ '27.5.1' ],
1038 silly audit   'jest-runtime': [ '27.5.1' ],
1038 silly audit   'jest-serializer': [ '27.5.1' ],
1038 silly audit   'jest-snapshot': [ '27.5.1' ],
1038 silly audit   'jest-util': [ '27.5.1', '28.1.3' ],
1038 silly audit   'jest-validate': [ '27.5.1' ],
1038 silly audit   'jest-watch-typeahead': [ '1.1.0' ],
1038 silly audit   slash: [ '3.0.0', '4.0.0' ],
1038 silly audit   'jest-watcher': [ '28.1.3', '27.5.1' ],
1038 silly audit   'string-length': [ '4.0.2', '5.0.1' ],
1038 silly audit   'strip-ansi': [ '6.0.1', '7.1.2' ],
1038 silly audit   'pretty-format': [ '28.1.3', '27.5.1' ],
1038 silly audit   'react-is': [ '18.3.1', '16.13.1', '17.0.2' ],
1038 silly audit   jiti: [ '1.21.7' ],
1038 silly audit   'js-tokens': [ '4.0.0', '3.0.2' ],
1038 silly audit   jsdom: [ '16.7.0' ],
1038 silly audit   jsesc: [ '3.1.0' ],
1038 silly audit   'json-buffer': [ '3.0.1', '3.0.0' ],
1038 silly audit   'json-parse-even-better-errors': [ '2.3.1' ],
1038 silly audit   'json-schema': [ '0.4.0' ],
1038 silly audit   'json-stable-stringify-without-jsonify': [ '1.0.1' ],
1038 silly audit   json5: [ '2.2.3', '1.0.2' ],
1038 silly audit   jsonfile: [ '6.2.0' ],
1038 silly audit   jsonpath: [ '1.1.1' ],
1038 silly audit   jsonpointer: [ '5.0.1' ],
1038 silly audit   'jsx-ast-utils': [ '3.3.5' ],
1038 silly audit   keyv: [ '4.5.4', '3.1.0' ],
1038 silly audit   'kind-of': [ '6.0.3' ],
1038 silly audit   kleur: [ '3.0.3' ],
1038 silly audit   klona: [ '2.0.6' ],
1038 silly audit   'language-subtag-registry': [ '0.3.23' ],
1038 silly audit   'language-tags': [ '1.0.9' ],
1038 silly audit   'launch-editor': [ '2.12.0' ],
1038 silly audit   leven: [ '3.1.0' ],
1038 silly audit   levn: [ '0.4.1', '0.3.0' ],
1038 silly audit   lilconfig: [ '2.1.0', '3.1.3' ],
1038 silly audit   'lines-and-columns': [ '1.2.4' ],
1038 silly audit   'loader-runner': [ '4.3.1' ],
1038 silly audit   'loader-utils': [ '2.0.4', '3.3.1' ],
1038 silly audit   lodash: [ '4.17.21' ],
1038 silly audit   'lodash.debounce': [ '4.0.8' ],
1038 silly audit   'lodash.memoize': [ '4.1.2' ],
1038 silly audit   'lodash.merge': [ '4.6.2' ],
1038 silly audit   'lodash.sortby': [ '4.7.0' ],
1038 silly audit   'lodash.uniq': [ '4.5.0' ],
1038 silly audit   'loose-envify': [ '1.4.0' ],
1038 silly audit   'lower-case': [ '2.0.2' ],
1038 silly audit   'lru-cache': [ '5.1.1', '6.0.0' ],
1038 silly audit   'lz-string': [ '1.5.0' ],
1038 silly audit   'magic-string': [ '0.25.9', '0.30.21' ],
1038 silly audit   makeerror: [ '1.0.12' ],
1038 silly audit   'math-intrinsics': [ '1.1.0' ],
1038 silly audit   'media-typer': [ '0.3.0' ],
1038 silly audit   memfs: [ '3.5.3' ],
1038 silly audit   'merge-descriptors': [ '1.0.3' ],
1038 silly audit   'merge-stream': [ '2.0.0' ],
1038 silly audit   merge2: [ '1.4.1' ],
1038 silly audit   methods: [ '1.1.2' ],
1038 silly audit   micromatch: [ '4.0.8' ],
1038 silly audit   mime: [ '1.6.0' ],
1038 silly audit   'mime-db': [ '1.52.0' ],
1038 silly audit   'mime-types': [ '2.1.35' ],
1038 silly audit   'mimic-fn': [ '2.1.0' ],
1038 silly audit   'min-indent': [ '1.0.1' ],
1038 silly audit   'mini-css-extract-plugin': [ '2.9.4' ],
1038 silly audit   'minimalistic-assert': [ '1.0.1' ],
1038 silly audit   minimist: [ '1.2.8' ],
1038 silly audit   mkdirp: [ '0.5.6' ],
1038 silly audit   'multicast-dns': [ '7.2.5' ],
1038 silly audit   mz: [ '2.7.0' ],
1038 silly audit   nanoid: [ '3.3.11' ],
1038 silly audit   'natural-compare': [ '1.4.0' ],
1038 silly audit   'natural-compare-lite': [ '1.4.0' ],
1038 silly audit   'neo-async': [ '2.6.2' ],
1038 silly audit   'no-case': [ '3.0.4' ],
1038 silly audit   'node-forge': [ '1.3.3' ],
1038 silly audit   'node-int64': [ '0.4.0' ],
1038 silly audit   'node-releases': [ '2.0.27' ],
1038 silly audit   'normalize-path': [ '3.0.0' ],
1038 silly audit   'normalize-range': [ '0.1.2' ],
1038 silly audit   'normalize-url': [ '6.1.0', '4.5.1' ],
1038 silly audit   'npm-run-path': [ '4.0.1' ],
1038 silly audit   'nth-check': [ '2.1.1', '1.0.2' ],
1038 silly audit   nwsapi: [ '2.2.23' ],
1038 silly audit   'object-assign': [ '4.1.1' ],
1038 silly audit   'object-hash': [ '3.0.0' ],
1038 silly audit   'object-inspect': [ '1.13.4' ],
1038 silly audit   'object-keys': [ '1.1.1' ],
1038 silly audit   'object.assign': [ '4.1.7' ],
1038 silly audit   'object.entries': [ '1.1.9' ],
1038 silly audit   'object.fromentries': [ '2.0.8' ],
1038 silly audit   'object.getownpropertydescriptors': [ '2.1.9' ],
1038 silly audit   'object.groupby': [ '1.0.3' ],
1038 silly audit   'object.values': [ '1.2.1' ],
1038 silly audit   obuf: [ '1.1.2' ],
1038 silly audit   'on-finished': [ '2.4.1' ],
1038 silly audit   'on-headers': [ '1.1.0' ],
1038 silly audit   once: [ '1.4.0' ],
1038 silly audit   onetime: [ '5.1.2' ],
1038 silly audit   open: [ '8.4.2' ],
1038 silly audit   optionator: [ '0.9.4', '0.8.3' ],
1038 silly audit   'own-keys': [ '1.0.1' ],
1038 silly audit   'p-retry': [ '4.6.2' ],
1038 silly audit   'p-try': [ '2.2.0' ],
1038 silly audit   'param-case': [ '3.0.4' ],
1038 silly audit   'parent-module': [ '1.0.1' ],
1038 silly audit   'parse-json': [ '5.2.0' ],
1038 silly audit   parse5: [ '6.0.1' ],
1038 silly audit   parseurl: [ '1.3.3' ],
1038 silly audit   'pascal-case': [ '3.1.2' ],
1038 silly audit   'path-exists': [ '4.0.0', '3.0.0' ],
1038 silly audit   'path-is-absolute': [ '1.0.1' ],
1038 silly audit   'path-key': [ '3.1.1' ],
1038 silly audit   'path-parse': [ '1.0.7' ],
1038 silly audit   'path-to-regexp': [ '0.1.12' ],
1038 silly audit   'path-type': [ '4.0.0' ],
1038 silly audit   'performance-now': [ '2.1.0' ],
1038 silly audit   picocolors: [ '1.1.1', '0.2.1' ],
1038 silly audit   picomatch: [ '2.3.1', '4.0.3' ],
1038 silly audit   pify: [ '2.3.0', '4.0.1' ],
1038 silly audit   pirates: [ '4.0.7' ],
1038 silly audit   'pkg-dir': [ '4.2.0', '5.0.0' ],
1038 silly audit   'pkg-up': [ '3.1.0' ],
1038 silly audit   'possible-typed-array-names': [ '1.1.0' ],
1038 silly audit   postcss: [ '8.5.6', '7.0.39' ],
1038 silly audit   'postcss-attribute-case-insensitive': [ '5.0.2' ],
1038 silly audit   'postcss-browser-comments': [ '4.0.0' ],
1038 silly audit   'postcss-calc': [ '8.2.4' ],
1038 silly audit   'postcss-clamp': [ '4.1.0' ],
1038 silly audit   'postcss-color-functional-notation': [ '4.2.4' ],
1038 silly audit   'postcss-color-hex-alpha': [ '8.0.4' ],
1038 silly audit   'postcss-color-rebeccapurple': [ '7.1.1' ],
1038 silly audit   'postcss-colormin': [ '5.3.1' ],
1038 silly audit   'postcss-convert-values': [ '5.1.3' ],
1038 silly audit   'postcss-custom-media': [ '8.0.2' ],
1038 silly audit   'postcss-custom-properties': [ '12.1.11' ],
1038 silly audit   'postcss-custom-selectors': [ '6.0.3' ],
1038 silly audit   'postcss-dir-pseudo-class': [ '6.0.5' ],
1038 silly audit   'postcss-discard-comments': [ '5.1.2' ],
1038 silly audit   'postcss-discard-duplicates': [ '5.1.0' ],
1038 silly audit   'postcss-discard-empty': [ '5.1.1' ],
1038 silly audit   'postcss-discard-overridden': [ '5.1.0' ],
1038 silly audit   'postcss-double-position-gradients': [ '3.1.2' ],
1038 silly audit   'postcss-env-function': [ '4.0.6' ],
1038 silly audit   'postcss-flexbugs-fixes': [ '5.0.2' ],
1038 silly audit   'postcss-focus-visible': [ '6.0.4' ],
1038 silly audit   'postcss-focus-within': [ '5.0.4' ],
1038 silly audit   'postcss-font-variant': [ '5.0.0' ],
1038 silly audit   'postcss-gap-properties': [ '3.0.5' ],
1038 silly audit   'postcss-image-set-function': [ '4.0.7' ],
1038 silly audit   'postcss-import': [ '15.1.0' ],
1038 silly audit   'postcss-initial': [ '4.0.1' ],
1038 silly audit   'postcss-js': [ '4.1.0' ],
1038 silly audit   'postcss-lab-function': [ '4.2.1' ],
1038 silly audit   'postcss-loader': [ '6.2.1' ],
1038 silly audit   'postcss-logical': [ '5.0.4' ],
1038 silly audit   'postcss-media-minmax': [ '5.0.0' ],
1038 silly audit   'postcss-merge-longhand': [ '5.1.7' ],
1038 silly audit   'postcss-merge-rules': [ '5.1.4' ],
1038 silly audit   'postcss-minify-font-values': [ '5.1.0' ],
1038 silly audit   'postcss-minify-gradients': [ '5.1.1' ],
1038 silly audit   'postcss-minify-params': [ '5.1.4' ],
1038 silly audit   'postcss-minify-selectors': [ '5.2.1' ],
1038 silly audit   'postcss-modules-extract-imports': [ '3.1.0' ],
1038 silly audit   'postcss-modules-local-by-default': [ '4.2.0' ],
1038 silly audit   'postcss-selector-parser': [ '7.1.1', '6.1.2' ],
1038 silly audit   'postcss-modules-scope': [ '3.2.1' ],
1038 silly audit   'postcss-modules-values': [ '4.0.0' ],
1038 silly audit   'postcss-nested': [ '6.2.0' ],
1038 silly audit   'postcss-nesting': [ '10.2.0' ],
1038 silly audit   'postcss-normalize': [ '10.0.1' ],
1038 silly audit   'postcss-normalize-charset': [ '5.1.0' ],
1038 silly audit   'postcss-normalize-display-values': [ '5.1.0' ],
1038 silly audit   'postcss-normalize-positions': [ '5.1.1' ],
1038 silly audit   'postcss-normalize-repeat-style': [ '5.1.1' ],
1038 silly audit   'postcss-normalize-string': [ '5.1.0' ],
1038 silly audit   'postcss-normalize-timing-functions': [ '5.1.0' ],
1038 silly audit   'postcss-normalize-unicode': [ '5.1.1' ],
1038 silly audit   'postcss-normalize-url': [ '5.1.0' ],
1038 silly audit   'postcss-normalize-whitespace': [ '5.1.1' ],
1038 silly audit   'postcss-opacity-percentage': [ '1.1.3' ],
1038 silly audit   'postcss-ordered-values': [ '5.1.3' ],
1038 silly audit   'postcss-overflow-shorthand': [ '3.0.4' ],
1038 silly audit   'postcss-page-break': [ '3.0.4' ],
1038 silly audit   'postcss-place': [ '7.0.5' ],
1038 silly audit   'postcss-preset-env': [ '7.8.3' ],
1038 silly audit   'postcss-pseudo-class-any-link': [ '7.1.6' ],
1038 silly audit   'postcss-reduce-initial': [ '5.1.2' ],
1038 silly audit   'postcss-reduce-transforms': [ '5.1.0' ],
1038 silly audit   'postcss-replace-overflow-wrap': [ '4.0.0' ],
1038 silly audit   'postcss-selector-not': [ '6.0.1' ],
1038 silly audit   'postcss-svgo': [ '5.1.0' ],
1038 silly audit   svgo: [ '2.8.0', '1.3.2' ],
1038 silly audit   'postcss-unique-selectors': [ '5.1.1' ],
1038 silly audit   'postcss-value-parser': [ '4.2.0' ],
1038 silly audit   'prelude-ls': [ '1.2.1', '1.1.2' ],
1038 silly audit   'pretty-bytes': [ '5.6.0' ],
1038 silly audit   'pretty-error': [ '4.0.0' ],
1038 silly audit   'process-nextick-args': [ '2.0.1' ],
1038 silly audit   promise: [ '8.3.0' ],
1038 silly audit   prompts: [ '2.4.2' ],
1038 silly audit   'prop-types': [ '15.8.1' ],
1038 silly audit   'proxy-addr': [ '2.0.7' ],
1038 silly audit   psl: [ '1.15.0' ],
1038 silly audit   punycode: [ '2.3.1' ],
1038 silly audit   q: [ '1.5.1' ],
1038 silly audit   qs: [ '6.14.0' ],
1038 silly audit   querystringify: [ '2.2.0' ],
1038 silly audit   'queue-microtask': [ '1.2.3' ],
1038 silly audit   raf: [ '3.4.1' ],
1038 silly audit   randombytes: [ '2.1.0' ],
1038 silly audit   'range-parser': [ '1.2.1' ],
1038 silly audit   'raw-body': [ '2.5.3' ],
1038 silly audit   react: [ '19.2.3' ],
1038 silly audit   'react-app-polyfill': [ '3.0.0' ],
1038 silly audit   'react-dev-utils': [ '12.0.1' ],
1038 silly audit   'react-dom': [ '19.2.3' ],
1038 silly audit   'react-error-overlay': [ '6.1.0' ],
1038 silly audit   'react-refresh': [ '0.11.0' ],
1038 silly audit   'react-scripts': [ '5.0.1' ],
1038 silly audit   'read-cache': [ '1.0.0' ],
1038 silly audit   readdirp: [ '3.6.0' ],
1038 silly audit   'recursive-readdir': [ '2.2.3' ],
1038 silly audit   redent: [ '3.0.0' ],
1038 silly audit   'reflect.getprototypeof': [ '1.0.10' ],
1038 silly audit   regenerate: [ '1.4.2' ],
1038 silly audit   'regenerate-unicode-properties': [ '10.2.2' ],
1038 silly audit   'regenerator-runtime': [ '0.13.11' ],
1038 silly audit   'regex-parser': [ '2.3.1' ],
1038 silly audit   'regexp.prototype.flags': [ '1.5.4' ],
1038 silly audit   'regexpu-core': [ '6.4.0' ],
1038 silly audit   regjsgen: [ '0.8.0' ],
1038 silly audit   regjsparser: [ '0.13.0' ],
1038 silly audit   relateurl: [ '0.2.7' ],
1038 silly audit   renderkid: [ '3.0.0' ],
1038 silly audit   'require-directory': [ '2.1.1' ],
1038 silly audit   'require-from-string': [ '2.0.2' ],
1038 silly audit   'requires-port': [ '1.0.0' ],
1038 silly audit   'resolve-cwd': [ '3.0.0' ],
1038 silly audit   'resolve-url-loader': [ '4.0.0' ],
1038 silly audit   'resolve.exports': [ '1.1.1' ],
1038 silly audit   retry: [ '0.13.1' ],
1038 silly audit   reusify: [ '1.1.0' ],
1038 silly audit   rimraf: [ '3.0.2' ],
1038 silly audit   rollup: [ '2.79.2' ],
1038 silly audit   'rollup-plugin-terser': [ '7.0.2' ],
1038 silly audit   'serialize-javascript': [ '4.0.0', '6.0.2' ],
1038 silly audit   'run-parallel': [ '1.2.0' ],
1038 silly audit   'safe-array-concat': [ '1.1.3' ],
1038 silly audit   'safe-push-apply': [ '1.0.0' ],
1038 silly audit   'safe-regex-test': [ '1.1.0' ],
1038 silly audit   'safer-buffer': [ '2.1.2' ],
1038 silly audit   'sanitize.css': [ '13.0.0' ],
1038 silly audit   'sass-loader': [ '12.6.0' ],
1038 silly audit   sax: [ '1.2.4' ],
1038 silly audit   saxes: [ '5.0.1' ],
1038 silly audit   scheduler: [ '0.27.0' ],
1038 silly audit   'select-hose': [ '2.0.0' ],
1038 silly audit   selfsigned: [ '2.4.1' ],
1038 silly audit   send: [ '0.19.1', '0.19.0' ],
1038 silly audit   statuses: [ '2.0.1', '1.5.0', '2.0.2' ],
1038 silly audit   'serve-index': [ '1.9.1' ],
1038 silly audit   setprototypeof: [ '1.1.0', '1.2.0' ],
1038 silly audit   'serve-static': [ '1.16.2' ],
1038 silly audit   'set-function-length': [ '1.2.2' ],
1038 silly audit   'set-function-name': [ '2.0.2' ],
1038 silly audit   'set-proto': [ '1.0.0' ],
1038 silly audit   'shebang-command': [ '2.0.0' ],
1038 silly audit   'shebang-regex': [ '3.0.0' ],
1038 silly audit   'shell-quote': [ '1.8.3' ],
1038 silly audit   'side-channel': [ '1.1.0' ],
1038 silly audit   'side-channel-list': [ '1.0.0' ],
1038 silly audit   'side-channel-map': [ '1.0.1' ],
1038 silly audit   'side-channel-weakmap': [ '1.0.2' ],
1038 silly audit   'signal-exit': [ '3.0.7' ],
1038 silly audit   sisteransi: [ '1.0.5' ],
1038 silly audit   sockjs: [ '0.3.24' ],
1038 silly audit   'source-list-map': [ '2.0.1' ],
1038 silly audit   'source-map-js': [ '1.2.1' ],
1038 silly audit   'source-map-loader': [ '3.0.2' ],
1038 silly audit   'source-map-support': [ '0.5.21' ],
1038 silly audit   'sourcemap-codec': [ '1.4.8' ],
1038 silly audit   spdy: [ '4.0.2' ],
1038 silly audit   'spdy-transport': [ '3.0.0' ],
1038 silly audit   'sprintf-js': [ '1.0.3' ],
1038 silly audit   stable: [ '0.1.8' ],
1038 silly audit   'stack-utils': [ '2.0.6' ],
1038 silly audit   stackframe: [ '1.3.4' ],
1038 silly audit   'static-eval': [ '2.0.2' ],
1038 silly audit   'type-check': [ '0.3.2', '0.4.0' ],
1038 silly audit   'stop-iteration-iterator': [ '1.1.0' ],
1038 silly audit   'string-natural-compare': [ '3.0.1' ],
1038 silly audit   'string-width': [ '4.2.3' ],
1038 silly audit   'string.prototype.includes': [ '2.0.1' ],
1038 silly audit   'string.prototype.matchall': [ '4.0.12' ],
1038 silly audit   'string.prototype.repeat': [ '1.0.0' ],
1038 silly audit   'string.prototype.trim': [ '1.2.10' ],
1038 silly audit   'string.prototype.trimend': [ '1.0.9' ],
1038 silly audit   'string.prototype.trimstart': [ '1.0.8' ],
1038 silly audit   'stringify-object': [ '3.3.0' ],
1038 silly audit   'strip-bom': [ '4.0.0', '3.0.0' ],
1038 silly audit   'strip-comments': [ '2.0.1' ],
1038 silly audit   'strip-final-newline': [ '2.0.0' ],
1038 silly audit   'strip-indent': [ '3.0.0' ],
1038 silly audit   'strip-json-comments': [ '3.1.1', '2.0.1' ],
1038 silly audit   'style-loader': [ '3.3.4' ],
1038 silly audit   stylehacks: [ '5.1.1' ],
1038 silly audit   sucrase: [ '3.35.1' ],
1038 silly audit   'supports-hyperlinks': [ '2.3.0' ],
1038 silly audit   'supports-preserve-symlinks-flag': [ '1.0.0' ],
1038 silly audit   'svg-parser': [ '2.0.4' ],
1038 silly audit   'symbol-tree': [ '3.2.4' ],
1038 silly audit   tailwindcss: [ '3.4.19' ],
1038 silly audit   'postcss-load-config': [ '6.0.1' ],
1038 silly audit   'temp-dir': [ '2.0.0' ],
1038 silly audit   tempy: [ '0.6.0' ],
1038 silly audit   'terminal-link': [ '2.1.1' ],
1038 silly audit   terser: [ '5.44.1' ],
1038 silly audit   'terser-webpack-plugin': [ '5.3.16' ],
1038 silly audit   'test-exclude': [ '6.0.0' ],
1038 silly audit   'text-table': [ '0.2.0' ],
1038 silly audit   thenify: [ '3.3.1' ],
1038 silly audit   'thenify-all': [ '1.6.0' ],
1038 silly audit   throat: [ '6.0.2' ],
1038 silly audit   thunky: [ '1.1.0' ],
1038 silly audit   tinyglobby: [ '0.2.15' ],
1038 silly audit   fdir: [ '6.5.0' ],
1038 silly audit   tmpl: [ '1.0.5' ],
1038 silly audit   'to-regex-range': [ '5.0.1' ],
1038 silly audit   toidentifier: [ '1.0.1' ],
1038 silly audit   'tough-cookie': [ '4.1.4' ],
1038 silly audit   universalify: [ '0.2.0', '2.0.1' ],
1038 silly audit   tr46: [ '2.1.0', '1.0.1' ],
1038 silly audit   tryer: [ '1.0.1' ],
1038 silly audit   'ts-interface-checker': [ '0.1.13' ],
1038 silly audit   'tsconfig-paths': [ '3.15.0' ],
1038 silly audit   tslib: [ '2.8.1', '1.14.1' ],
1038 silly audit   tsutils: [ '3.21.0' ],
1038 silly audit   'type-detect': [ '4.0.8' ],
1038 silly audit   'type-is': [ '1.6.18' ],
1038 silly audit   'typed-array-buffer': [ '1.0.3' ],
1038 silly audit   'typed-array-byte-length': [ '1.0.3' ],
1038 silly audit   'typed-array-byte-offset': [ '1.0.4' ],
1038 silly audit   'typed-array-length': [ '1.0.7' ],
1038 silly audit   'typedarray-to-buffer': [ '3.1.5' ],
1038 silly audit   typescript: [ '4.9.5' ],
1038 silly audit   'unbox-primitive': [ '1.1.0' ],
1038 silly audit   underscore: [ '1.12.1' ],
1038 silly audit   'undici-types': [ '7.16.0' ],
1038 silly audit   'unicode-canonical-property-names-ecmascript': [ '2.0.1' ],
1038 silly audit   'unicode-match-property-ecmascript': [ '2.0.0' ],
1038 silly audit   'unicode-match-property-value-ecmascript': [ '2.2.1' ],
1038 silly audit   'unicode-property-aliases-ecmascript': [ '2.2.0' ],
1038 silly audit   'unique-string': [ '2.0.0' ],
1038 silly audit   unpipe: [ '1.0.0' ],
1038 silly audit   unquote: [ '1.1.1' ],
1038 silly audit   upath: [ '1.2.0' ],
1038 silly audit   'update-browserslist-db': [ '1.2.2' ],
1038 silly audit   'uri-js': [ '4.4.1' ],
1038 silly audit   'url-parse': [ '1.5.10' ],
1038 silly audit   'util-deprecate': [ '1.0.2' ],
1038 silly audit   'util.promisify': [ '1.0.1' ],
1038 silly audit   utila: [ '0.4.0' ],
1038 silly audit   'utils-merge': [ '1.0.1' ],
1038 silly audit   uuid: [ '8.3.2' ],
1038 silly audit   'v8-to-istanbul': [ '8.1.1' ],
1038 silly audit   vary: [ '1.1.2' ],
1038 silly audit   'w3c-hr-time': [ '1.0.2' ],
1038 silly audit   'w3c-xmlserializer': [ '2.0.0' ],
1038 silly audit   walker: [ '1.0.8' ],
1038 silly audit   watchpack: [ '2.4.4' ],
1038 silly audit   wbuf: [ '1.7.3' ],
1038 silly audit   'web-vitals': [ '2.1.4' ],
1038 silly audit   webpack: [ '5.103.0' ],
1038 silly audit   'webpack-dev-middleware': [ '5.3.4' ],
1038 silly audit   'webpack-dev-server': [ '4.15.2' ],
1038 silly audit   ws: [ '8.18.3', '7.5.10' ],
1038 silly audit   'webpack-manifest-plugin': [ '4.1.1' ],
1038 silly audit   'webpack-sources': [ '2.3.1', '3.3.3', '1.4.3' ],
1038 silly audit   'websocket-driver': [ '0.7.4' ],
1038 silly audit   'websocket-extensions': [ '0.1.4' ],
1038 silly audit   'whatwg-encoding': [ '1.0.5' ],
1038 silly audit   'whatwg-fetch': [ '3.6.20' ],
1038 silly audit   'whatwg-mimetype': [ '2.3.0' ],
1038 silly audit   'whatwg-url': [ '8.7.0', '7.1.0' ],
1038 silly audit   'which-boxed-primitive': [ '1.1.1' ],
1038 silly audit   'which-builtin-type': [ '1.2.1' ],
1038 silly audit   'which-collection': [ '1.0.2' ],
1038 silly audit   'which-typed-array': [ '1.1.19' ],
1038 silly audit   'word-wrap': [ '1.2.5' ],
1038 silly audit   'workbox-background-sync': [ '6.6.0' ],
1038 silly audit   'workbox-broadcast-update': [ '6.6.0' ],
1038 silly audit   'workbox-build': [ '6.6.0' ],
1038 silly audit   '@apideck/better-ajv-errors': [ '0.3.6' ],
1038 silly audit   'workbox-cacheable-response': [ '6.6.0' ],
1038 silly audit   'workbox-core': [ '6.6.0' ],
1038 silly audit   'workbox-expiration': [ '6.6.0' ],
1038 silly audit   'workbox-google-analytics': [ '6.6.0' ],
1038 silly audit   'workbox-navigation-preload': [ '6.6.0' ],
1038 silly audit   'workbox-precaching': [ '6.6.0' ],
1038 silly audit   'workbox-range-requests': [ '6.6.0' ],
1038 silly audit   'workbox-recipes': [ '6.6.0' ],
1038 silly audit   'workbox-routing': [ '6.6.0' ],
1038 silly audit   'workbox-strategies': [ '6.6.0' ],
1038 silly audit   'workbox-streams': [ '6.6.0' ],
1038 silly audit   'workbox-sw': [ '6.6.0' ],
1038 silly audit   'workbox-webpack-plugin': [ '6.6.0' ],
1038 silly audit   'workbox-window': [ '6.6.0' ],
1038 silly audit   'wrap-ansi': [ '7.0.0' ],
1038 silly audit   wrappy: [ '1.0.2' ],
1038 silly audit   'write-file-atomic': [ '3.0.3' ],
1038 silly audit   'xml-name-validator': [ '3.0.0' ],
1038 silly audit   xmlchars: [ '2.2.0' ],
1038 silly audit   y18n: [ '5.0.8' ],
1038 silly audit   yallist: [ '3.1.1', '4.0.0' ],
1038 silly audit   yaml: [ '1.10.2' ],
1038 silly audit   yargs: [ '16.2.0' ],
1038 silly audit   'yargs-parser': [ '20.2.9' ],
1038 silly audit   'yocto-queue': [ '0.1.0' ],
1038 silly audit   bootstrap: [ '5.3.8' ],
1038 silly audit   '@popperjs/core': [ '2.11.8' ],
1038 silly audit   'flow-bin': [ '0.294.0' ],
1038 silly audit   'gh-pages': [ '6.3.0' ],
1038 silly audit   'npm-check': [ '6.0.1' ],
1038 silly audit   'react-loadable': [ '5.5.0' ],
1038 silly audit   'react-router-dom': [ '7.10.1' ],
1038 silly audit   'email-addresses': [ '5.0.0' ],
1038 silly audit   filenamify: [ '4.3.0' ],
1038 silly audit   'filename-reserved-regex': [ '2.0.0' ],
1038 silly audit   'strip-outer': [ '1.0.1' ],
1038 silly audit   'trim-repeated': [ '1.0.0' ],
1038 silly audit   'callsite-record': [ '4.1.5' ],
1038 silly audit   depcheck: [ '1.4.7' ],
1038 silly audit   giturl: [ '1.0.3' ],
1038 silly audit   inquirer: [ '7.3.3' ],
1038 silly audit   'is-ci': [ '2.0.0' ],
1038 silly audit   meow: [ '9.0.0' ],
1038 silly audit   'node-emoji': [ '1.11.0' ],
1038 silly audit   ora: [ '5.4.1' ],
1038 silly audit   'package-json': [ '6.5.0' ],
1038 silly audit   'preferred-pm': [ '3.1.4' ],
1038 silly audit   'rc-config-loader': [ '4.1.3' ],
1038 silly audit   'semver-diff': [ '3.1.1' ],
1038 silly audit   'update-notifier': [ '5.1.0' ],
1038 silly audit   xtend: [ '4.0.2' ],
1038 silly audit   '@devexpress/error-stack-parser': [ '2.0.6' ],
1038 silly audit   '@types/lodash': [ '4.17.21' ],
1038 silly audit   callsite: [ '1.0.0' ],
1038 silly audit   'highlight-es': [ '1.0.3' ],
1038 silly audit   'pinkie-promise': [ '2.0.1' ],
1038 silly audit   '@vue/compiler-sfc': [ '3.5.25' ],
1038 silly audit   'deps-regex': [ '0.2.0' ],
1038 silly audit   'findup-sync': [ '5.0.0' ],
1038 silly audit   multimatch: [ '5.0.0' ],
1038 silly audit   'please-upgrade-node': [ '3.2.0' ],
1038 silly audit   'require-package-name': [ '2.0.1' ],
1038 silly audit   '@vue/compiler-core': [ '3.5.25' ],
1038 silly audit   '@vue/compiler-dom': [ '3.5.25' ],
1038 silly audit   '@vue/compiler-ssr': [ '3.5.25' ],
1038 silly audit   '@vue/shared': [ '3.5.25' ],
1038 silly audit   'detect-file': [ '1.0.0' ],
1038 silly audit   'resolve-dir': [ '1.0.1' ],
1038 silly audit   'is-es2016-keyword': [ '1.0.0' ],
1038 silly audit   'cli-cursor': [ '3.1.0' ],
1038 silly audit   'cli-width': [ '3.0.0' ],
1038 silly audit   'external-editor': [ '3.1.0' ],
1038 silly audit   figures: [ '3.2.0' ],
1038 silly audit   'mute-stream': [ '0.0.8' ],
1038 silly audit   'run-async': [ '2.4.1' ],
1038 silly audit   rxjs: [ '6.6.7' ],
1038 silly audit   through: [ '2.3.8' ],
1038 silly audit   'restore-cursor': [ '3.1.0' ],
1038 silly audit   chardet: [ '0.7.0' ],
1038 silly audit   tmp: [ '0.0.33' ],
1038 silly audit   '@types/minimist': [ '1.2.5' ],
1038 silly audit   'camelcase-keys': [ '6.2.2' ],
1038 silly audit   decamelize: [ '1.2.0' ],
1038 silly audit   'decamelize-keys': [ '1.1.1' ],
1038 silly audit   'hard-rejection': [ '2.1.0' ],
1038 silly audit   'minimist-options': [ '4.1.0' ],
1038 silly audit   'normalize-package-data': [ '3.0.3', '2.5.0' ],
1038 silly audit   'read-pkg-up': [ '7.0.1' ],
1038 silly audit   'trim-newlines': [ '3.0.1' ],
1038 silly audit   'map-obj': [ '4.3.0', '1.0.1' ],
1038 silly audit   'quick-lru': [ '4.0.1' ],
1038 silly audit   arrify: [ '1.0.1', '2.0.1' ],
1038 silly audit   '@types/minimatch': [ '3.0.5' ],
1038 silly audit   'array-differ': [ '3.0.0' ],
1038 silly audit   'hosted-git-info': [ '4.1.0', '2.8.9' ],
1038 silly audit   'validate-npm-package-license': [ '3.0.4' ],
1038 silly audit   bl: [ '4.1.0' ],
1038 silly audit   'cli-spinners': [ '2.9.2' ],
1038 silly audit   'is-interactive': [ '1.0.0' ],
1038 silly audit   'is-unicode-supported': [ '0.1.0' ],
1038 silly audit   'log-symbols': [ '4.1.0' ],
1038 silly audit   wcwidth: [ '1.0.1' ],
1038 silly audit   buffer: [ '5.7.1' ],
1038 silly audit   'base64-js': [ '1.5.1' ],
1038 silly audit   ieee754: [ '1.2.1' ],
1038 silly audit   got: [ '9.6.0' ],
1038 silly audit   'registry-auth-token': [ '4.2.2' ],
1038 silly audit   'registry-url': [ '5.1.0' ],
1038 silly audit   '@sindresorhus/is': [ '0.14.0' ],
1038 silly audit   '@szmarczak/http-timer': [ '1.1.2' ],
1038 silly audit   'cacheable-request': [ '6.1.0' ],
1038 silly audit   'decompress-response': [ '3.3.0' ],
1038 silly audit   duplexer3: [ '0.1.5' ],
1038 silly audit   'lowercase-keys': [ '1.0.1', '2.0.0' ],
1038 silly audit   'mimic-response': [ '1.0.1' ],
1038 silly audit   'p-cancelable': [ '1.1.0' ],
1038 silly audit   'to-readable-stream': [ '1.0.0' ],
1038 silly audit   'url-parse-lax': [ '3.0.0' ],
1038 silly audit   'defer-to-connect': [ '1.1.3' ],
1038 silly audit   'clone-response': [ '1.0.3' ],
1038 silly audit   'http-cache-semantics': [ '4.2.0' ],
1038 silly audit   responselike: [ '1.0.2' ],
1038 silly audit   pinkie: [ '2.0.4' ],
1038 silly audit   'semver-compare': [ '1.0.0' ],
1038 silly audit   'find-yarn-workspace-root2': [ '1.2.16' ],
1038 silly audit   'which-pm': [ '2.2.0' ],
1038 silly audit   'react-router': [ '7.10.1' ],
1038 silly audit   'set-cookie-parser': [ '2.7.2' ],
1038 silly audit   'read-pkg': [ '5.2.0' ],
1038 silly audit   '@types/normalize-package-data': [ '2.4.4' ],
1038 silly audit   rc: [ '1.2.8' ],
1038 silly audit   'deep-extend': [ '0.6.0' ],
1038 silly audit   'expand-tilde': [ '2.0.2' ],
1038 silly audit   'homedir-polyfill': [ '1.0.3' ],
1038 silly audit   'parse-passwd': [ '1.0.0' ],
1038 silly audit   'os-tmpdir': [ '1.0.2' ],
1038 silly audit   boxen: [ '5.1.2' ],
1038 silly audit   configstore: [ '5.0.1' ],
1038 silly audit   'has-yarn': [ '2.1.0' ],
1038 silly audit   'import-lazy': [ '2.1.0' ],
1038 silly audit   'is-installed-globally': [ '0.4.0' ],
1038 silly audit   'is-npm': [ '5.0.0' ],
1038 silly audit   'is-yarn-global': [ '0.3.0' ],
1038 silly audit   'latest-version': [ '5.1.0' ],
1038 silly audit   pupa: [ '2.1.1' ],
1038 silly audit   'xdg-basedir': [ '4.0.0' ],
1038 silly audit   'ansi-align': [ '3.0.1' ],
1038 silly audit   'cli-boxes': [ '2.2.1' ],
1038 silly audit   'widest-line': [ '3.1.0' ],
1038 silly audit   'dot-prop': [ '5.3.0' ],
1038 silly audit   'global-dirs': [ '3.0.1' ],
1038 silly audit   'escape-goat': [ '2.1.1' ],
1038 silly audit   'prepend-http': [ '2.0.0' ],
1038 silly audit   'spdx-correct': [ '3.2.0' ],
1038 silly audit   'spdx-expression-parse': [ '3.0.1' ],
1038 silly audit   'spdx-license-ids': [ '3.0.22' ],
1038 silly audit   'spdx-exceptions': [ '2.5.0' ],
1038 silly audit   defaults: [ '1.0.4' ],
1038 silly audit   clone: [ '1.0.4' ],
1038 silly audit   'load-yaml-file': [ '0.2.0' ],
1038 silly audit   pump: [ '3.0.3' ],
1038 silly audit   'end-of-stream': [ '1.4.5' ],
1038 silly audit   'is-windows': [ '1.0.2' ]
1038 silly audit }
1039 http cache is-windows@https://registry.npmjs.org/is-windows/-/is-windows-1.0.2.tgz 0ms (cache hit)
1040 http cache end-of-stream@https://registry.npmjs.org/end-of-stream/-/end-of-stream-1.4.5.tgz 0ms (cache hit)
1041 http cache pump@https://registry.npmjs.org/pump/-/pump-3.0.3.tgz 0ms (cache hit)
1042 http cache clone@https://registry.npmjs.org/clone/-/clone-1.0.4.tgz 0ms (cache hit)
1043 http cache load-yaml-file@https://registry.npmjs.org/load-yaml-file/-/load-yaml-file-0.2.0.tgz 0ms (cache hit)
1044 http cache defaults@https://registry.npmjs.org/defaults/-/defaults-1.0.4.tgz 0ms (cache hit)
1045 http cache spdx-exceptions@https://registry.npmjs.org/spdx-exceptions/-/spdx-exceptions-2.5.0.tgz 0ms (cache hit)
1046 http cache spdx-license-ids@https://registry.npmjs.org/spdx-license-ids/-/spdx-license-ids-3.0.22.tgz 0ms (cache hit)
1047 http cache spdx-expression-parse@https://registry.npmjs.org/spdx-expression-parse/-/spdx-expression-parse-3.0.1.tgz 0ms (cache hit)
1048 http cache spdx-correct@https://registry.npmjs.org/spdx-correct/-/spdx-correct-3.2.0.tgz 0ms (cache hit)
1049 http cache escape-goat@https://registry.npmjs.org/escape-goat/-/escape-goat-2.1.1.tgz 0ms (cache hit)
1050 http cache prepend-http@https://registry.npmjs.org/prepend-http/-/prepend-http-2.0.0.tgz 0ms (cache hit)
1051 http cache global-dirs@https://registry.npmjs.org/global-dirs/-/global-dirs-3.0.1.tgz 0ms (cache hit)
1052 http cache dot-prop@https://registry.npmjs.org/dot-prop/-/dot-prop-5.3.0.tgz 0ms (cache hit)
1053 http cache widest-line@https://registry.npmjs.org/widest-line/-/widest-line-3.1.0.tgz 0ms (cache hit)
1054 http cache cli-boxes@https://registry.npmjs.org/cli-boxes/-/cli-boxes-2.2.1.tgz 0ms (cache hit)
1055 http cache xdg-basedir@https://registry.npmjs.org/xdg-basedir/-/xdg-basedir-4.0.0.tgz 0ms (cache hit)
1056 http cache ansi-align@https://registry.npmjs.org/ansi-align/-/ansi-align-3.0.1.tgz 0ms (cache hit)
1057 http cache pupa@https://registry.npmjs.org/pupa/-/pupa-2.1.1.tgz 0ms (cache hit)
1058 http cache latest-version@https://registry.npmjs.org/latest-version/-/latest-version-5.1.0.tgz 0ms (cache hit)
1059 http cache is-yarn-global@https://registry.npmjs.org/is-yarn-global/-/is-yarn-global-0.3.0.tgz 0ms (cache hit)
1060 http cache is-npm@https://registry.npmjs.org/is-npm/-/is-npm-5.0.0.tgz 0ms (cache hit)
1061 http cache is-installed-globally@https://registry.npmjs.org/is-installed-globally/-/is-installed-globally-0.4.0.tgz 0ms (cache hit)
1062 http cache has-yarn@https://registry.npmjs.org/has-yarn/-/has-yarn-2.1.0.tgz 0ms (cache hit)
1063 http cache import-lazy@https://registry.npmjs.org/import-lazy/-/import-lazy-2.1.0.tgz 0ms (cache hit)
1064 http cache boxen@https://registry.npmjs.org/boxen/-/boxen-5.1.2.tgz 0ms (cache hit)
1065 http cache configstore@https://registry.npmjs.org/configstore/-/configstore-5.0.1.tgz 0ms (cache hit)
1066 http cache os-tmpdir@https://registry.npmjs.org/os-tmpdir/-/os-tmpdir-1.0.2.tgz 0ms (cache hit)
1067 http cache parse-passwd@https://registry.npmjs.org/parse-passwd/-/parse-passwd-1.0.0.tgz 0ms (cache hit)
1068 http cache @types/normalize-package-data@https://registry.npmjs.org/@types/normalize-package-data/-/normalize-package-data-2.4.4.tgz 0ms (cache hit)
1069 http cache expand-tilde@https://registry.npmjs.org/expand-tilde/-/expand-tilde-2.0.2.tgz 0ms (cache hit)
1070 http cache homedir-polyfill@https://registry.npmjs.org/homedir-polyfill/-/homedir-polyfill-1.0.3.tgz 0ms (cache hit)
1071 http cache rc@https://registry.npmjs.org/rc/-/rc-1.2.8.tgz 0ms (cache hit)
1072 http cache read-pkg@https://registry.npmjs.org/read-pkg/-/read-pkg-5.2.0.tgz 0ms (cache hit)
1073 http cache deep-extend@https://registry.npmjs.org/deep-extend/-/deep-extend-0.6.0.tgz 0ms (cache hit)
1074 http cache set-cookie-parser@https://registry.npmjs.org/set-cookie-parser/-/set-cookie-parser-2.7.2.tgz 0ms (cache hit)
1075 http cache react-router@https://registry.npmjs.org/react-router/-/react-router-7.10.1.tgz 0ms (cache hit)
1076 http cache which-pm@https://registry.npmjs.org/which-pm/-/which-pm-2.2.0.tgz 0ms (cache hit)
1077 http cache find-yarn-workspace-root2@https://registry.npmjs.org/find-yarn-workspace-root2/-/find-yarn-workspace-root2-1.2.16.tgz 0ms (cache hit)
1078 http cache pinkie@https://registry.npmjs.org/pinkie/-/pinkie-2.0.4.tgz 0ms (cache hit)
1079 http cache semver-compare@https://registry.npmjs.org/semver-compare/-/semver-compare-1.0.0.tgz 0ms (cache hit)
1080 http cache responselike@https://registry.npmjs.org/responselike/-/responselike-1.0.2.tgz 0ms (cache hit)
1081 http cache clone-response@https://registry.npmjs.org/clone-response/-/clone-response-1.0.3.tgz 0ms (cache hit)
1082 http cache defer-to-connect@https://registry.npmjs.org/defer-to-connect/-/defer-to-connect-1.1.3.tgz 0ms (cache hit)
1083 http cache url-parse-lax@https://registry.npmjs.org/url-parse-lax/-/url-parse-lax-3.0.0.tgz 0ms (cache hit)
1084 http cache http-cache-semantics@https://registry.npmjs.org/http-cache-semantics/-/http-cache-semantics-4.2.0.tgz 0ms (cache hit)
1085 http cache to-readable-stream@https://registry.npmjs.org/to-readable-stream/-/to-readable-stream-1.0.0.tgz 0ms (cache hit)
1086 http cache p-cancelable@https://registry.npmjs.org/p-cancelable/-/p-cancelable-1.1.0.tgz 0ms (cache hit)
1087 http cache mimic-response@https://registry.npmjs.org/mimic-response/-/mimic-response-1.0.1.tgz 0ms (cache hit)
1088 http cache lowercase-keys@https://registry.npmjs.org/lowercase-keys/-/lowercase-keys-1.0.1.tgz 0ms (cache hit)
1089 http cache duplexer3@https://registry.npmjs.org/duplexer3/-/duplexer3-0.1.5.tgz 0ms (cache hit)
1090 http cache decompress-response@https://registry.npmjs.org/decompress-response/-/decompress-response-3.3.0.tgz 0ms (cache hit)
1091 http cache @szmarczak/http-timer@https://registry.npmjs.org/@szmarczak/http-timer/-/http-timer-1.1.2.tgz 0ms (cache hit)
1092 http cache cacheable-request@https://registry.npmjs.org/cacheable-request/-/cacheable-request-6.1.0.tgz 0ms (cache hit)
1093 http cache @sindresorhus/is@https://registry.npmjs.org/@sindresorhus/is/-/is-0.14.0.tgz 0ms (cache hit)
1094 http cache registry-auth-token@https://registry.npmjs.org/registry-auth-token/-/registry-auth-token-4.2.2.tgz 0ms (cache hit)
1095 http cache got@https://registry.npmjs.org/got/-/got-9.6.0.tgz 0ms (cache hit)
1096 http cache registry-url@https://registry.npmjs.org/registry-url/-/registry-url-5.1.0.tgz 0ms (cache hit)
1097 http cache ieee754@https://registry.npmjs.org/ieee754/-/ieee754-1.2.1.tgz 0ms (cache hit)
1098 http cache base64-js@https://registry.npmjs.org/base64-js/-/base64-js-1.5.1.tgz 0ms (cache hit)
1099 http cache wcwidth@https://registry.npmjs.org/wcwidth/-/wcwidth-1.0.1.tgz 0ms (cache hit)
1100 http cache buffer@https://registry.npmjs.org/buffer/-/buffer-5.7.1.tgz 1ms (cache hit)
1101 http cache log-symbols@https://registry.npmjs.org/log-symbols/-/log-symbols-4.1.0.tgz 0ms (cache hit)
1102 http cache is-unicode-supported@https://registry.npmjs.org/is-unicode-supported/-/is-unicode-supported-0.1.0.tgz 0ms (cache hit)
1103 http cache cli-spinners@https://registry.npmjs.org/cli-spinners/-/cli-spinners-2.9.2.tgz 0ms (cache hit)
1104 http cache is-interactive@https://registry.npmjs.org/is-interactive/-/is-interactive-1.0.0.tgz 0ms (cache hit)
1105 http cache bl@https://registry.npmjs.org/bl/-/bl-4.1.0.tgz 0ms (cache hit)
1106 http cache @types/minimatch@https://registry.npmjs.org/@types/minimatch/-/minimatch-3.0.5.tgz 0ms (cache hit)
1107 http cache hosted-git-info@https://registry.npmjs.org/hosted-git-info/-/hosted-git-info-4.1.0.tgz 0ms (cache hit)
1108 http cache validate-npm-package-license@https://registry.npmjs.org/validate-npm-package-license/-/validate-npm-package-license-3.0.4.tgz 0ms (cache hit)
1109 http cache array-differ@https://registry.npmjs.org/array-differ/-/array-differ-3.0.0.tgz 0ms (cache hit)
1110 http cache arrify@https://registry.npmjs.org/arrify/-/arrify-1.0.1.tgz 0ms (cache hit)
1111 http cache quick-lru@https://registry.npmjs.org/quick-lru/-/quick-lru-4.0.1.tgz 0ms (cache hit)
1112 http cache trim-newlines@https://registry.npmjs.org/trim-newlines/-/trim-newlines-3.0.1.tgz 0ms (cache hit)
1113 http cache read-pkg-up@https://registry.npmjs.org/read-pkg-up/-/read-pkg-up-7.0.1.tgz 0ms (cache hit)
1114 http cache map-obj@https://registry.npmjs.org/map-obj/-/map-obj-4.3.0.tgz 0ms (cache hit)
1115 http cache normalize-package-data@https://registry.npmjs.org/normalize-package-data/-/normalize-package-data-3.0.3.tgz 0ms (cache hit)
1116 http cache minimist-options@https://registry.npmjs.org/minimist-options/-/minimist-options-4.1.0.tgz 0ms (cache hit)
1117 http cache decamelize-keys@https://registry.npmjs.org/decamelize-keys/-/decamelize-keys-1.1.1.tgz 0ms (cache hit)
1118 http cache hard-rejection@https://registry.npmjs.org/hard-rejection/-/hard-rejection-2.1.0.tgz 0ms (cache hit)
1119 http cache decamelize@https://registry.npmjs.org/decamelize/-/decamelize-1.2.0.tgz 0ms (cache hit)
1120 http cache @types/minimist@https://registry.npmjs.org/@types/minimist/-/minimist-1.2.5.tgz 0ms (cache hit)
1121 http cache tmp@https://registry.npmjs.org/tmp/-/tmp-0.0.33.tgz 0ms (cache hit)
1122 http cache camelcase-keys@https://registry.npmjs.org/camelcase-keys/-/camelcase-keys-6.2.2.tgz 0ms (cache hit)
1123 http cache chardet@https://registry.npmjs.org/chardet/-/chardet-0.7.0.tgz 0ms (cache hit)
1124 http cache restore-cursor@https://registry.npmjs.org/restore-cursor/-/restore-cursor-3.1.0.tgz 0ms (cache hit)
1125 http cache through@https://registry.npmjs.org/through/-/through-2.3.8.tgz 0ms (cache hit)
1126 http cache mute-stream@https://registry.npmjs.org/mute-stream/-/mute-stream-0.0.8.tgz 0ms (cache hit)
1127 http cache rxjs@https://registry.npmjs.org/rxjs/-/rxjs-6.6.7.tgz 0ms (cache hit)
1128 http cache run-async@https://registry.npmjs.org/run-async/-/run-async-2.4.1.tgz 0ms (cache hit)
1129 http cache figures@https://registry.npmjs.org/figures/-/figures-3.2.0.tgz 0ms (cache hit)
1130 http cache external-editor@https://registry.npmjs.org/external-editor/-/external-editor-3.1.0.tgz 0ms (cache hit)
1131 http cache cli-width@https://registry.npmjs.org/cli-width/-/cli-width-3.0.0.tgz 0ms (cache hit)
1132 http cache cli-cursor@https://registry.npmjs.org/cli-cursor/-/cli-cursor-3.1.0.tgz 0ms (cache hit)
1133 http cache is-es2016-keyword@https://registry.npmjs.org/is-es2016-keyword/-/is-es2016-keyword-1.0.0.tgz 0ms (cache hit)
1134 http cache resolve-dir@https://registry.npmjs.org/resolve-dir/-/resolve-dir-1.0.1.tgz 0ms (cache hit)
1135 http cache @vue/shared@https://registry.npmjs.org/@vue/shared/-/shared-3.5.25.tgz 0ms (cache hit)
1136 http cache @vue/compiler-ssr@https://registry.npmjs.org/@vue/compiler-ssr/-/compiler-ssr-3.5.25.tgz 0ms (cache hit)
1137 http cache detect-file@https://registry.npmjs.org/detect-file/-/detect-file-1.0.0.tgz 0ms (cache hit)
1138 http cache require-package-name@https://registry.npmjs.org/require-package-name/-/require-package-name-2.0.1.tgz 0ms (cache hit)
1139 http cache @vue/compiler-core@https://registry.npmjs.org/@vue/compiler-core/-/compiler-core-3.5.25.tgz 0ms (cache hit)
1140 http cache @vue/compiler-dom@https://registry.npmjs.org/@vue/compiler-dom/-/compiler-dom-3.5.25.tgz 0ms (cache hit)
1141 http cache findup-sync@https://registry.npmjs.org/findup-sync/-/findup-sync-5.0.0.tgz 0ms (cache hit)
1142 http cache please-upgrade-node@https://registry.npmjs.org/please-upgrade-node/-/please-upgrade-node-3.2.0.tgz 0ms (cache hit)
1143 http cache multimatch@https://registry.npmjs.org/multimatch/-/multimatch-5.0.0.tgz 0ms (cache hit)
1144 http cache deps-regex@https://registry.npmjs.org/deps-regex/-/deps-regex-0.2.0.tgz 0ms (cache hit)
1145 http cache @vue/compiler-sfc@https://registry.npmjs.org/@vue/compiler-sfc/-/compiler-sfc-3.5.25.tgz 0ms (cache hit)
1146 http cache @types/lodash@https://registry.npmjs.org/@types/lodash/-/lodash-4.17.21.tgz 0ms (cache hit)
1147 http cache highlight-es@https://registry.npmjs.org/highlight-es/-/highlight-es-1.0.3.tgz 0ms (cache hit)
1148 http cache pinkie-promise@https://registry.npmjs.org/pinkie-promise/-/pinkie-promise-2.0.1.tgz 0ms (cache hit)
1149 http cache @devexpress/error-stack-parser@https://registry.npmjs.org/@devexpress/error-stack-parser/-/error-stack-parser-2.0.6.tgz 0ms (cache hit)
1150 http cache callsite@https://registry.npmjs.org/callsite/-/callsite-1.0.0.tgz 0ms (cache hit)
1151 http cache xtend@https://registry.npmjs.org/xtend/-/xtend-4.0.2.tgz 0ms (cache hit)
1152 http cache update-notifier@https://registry.npmjs.org/update-notifier/-/update-notifier-5.1.0.tgz 0ms (cache hit)
1153 http cache semver-diff@https://registry.npmjs.org/semver-diff/-/semver-diff-3.1.1.tgz 0ms (cache hit)
1154 http cache rc-config-loader@https://registry.npmjs.org/rc-config-loader/-/rc-config-loader-4.1.3.tgz 0ms (cache hit)
1155 http cache preferred-pm@https://registry.npmjs.org/preferred-pm/-/preferred-pm-3.1.4.tgz 0ms (cache hit)
1156 http cache package-json@https://registry.npmjs.org/package-json/-/package-json-6.5.0.tgz 0ms (cache hit)
1157 http cache ora@https://registry.npmjs.org/ora/-/ora-5.4.1.tgz 0ms (cache hit)
1158 http cache node-emoji@https://registry.npmjs.org/node-emoji/-/node-emoji-1.11.0.tgz 1ms (cache hit)
1159 http cache meow@https://registry.npmjs.org/meow/-/meow-9.0.0.tgz 0ms (cache hit)
1160 http cache inquirer@https://registry.npmjs.org/inquirer/-/inquirer-7.3.3.tgz 0ms (cache hit)
1161 http cache is-ci@https://registry.npmjs.org/is-ci/-/is-ci-2.0.0.tgz 0ms (cache hit)
1162 http cache giturl@https://registry.npmjs.org/giturl/-/giturl-1.0.3.tgz 0ms (cache hit)
1163 http cache depcheck@https://registry.npmjs.org/depcheck/-/depcheck-1.4.7.tgz 0ms (cache hit)
1164 http cache callsite-record@https://registry.npmjs.org/callsite-record/-/callsite-record-4.1.5.tgz 0ms (cache hit)
1165 http cache trim-repeated@https://registry.npmjs.org/trim-repeated/-/trim-repeated-1.0.0.tgz 0ms (cache hit)
1166 http cache strip-outer@https://registry.npmjs.org/strip-outer/-/strip-outer-1.0.1.tgz 0ms (cache hit)
1167 http cache filenamify@https://registry.npmjs.org/filenamify/-/filenamify-4.3.0.tgz 0ms (cache hit)
1168 http cache react-router-dom@https://registry.npmjs.org/react-router-dom/-/react-router-dom-7.10.1.tgz 0ms (cache hit)
1169 http cache filename-reserved-regex@https://registry.npmjs.org/filename-reserved-regex/-/filename-reserved-regex-2.0.0.tgz 0ms (cache hit)
1170 http cache @popperjs/core@https://registry.npmjs.org/@popperjs/core/-/core-2.11.8.tgz 0ms (cache hit)
1171 http cache email-addresses@https://registry.npmjs.org/email-addresses/-/email-addresses-5.0.0.tgz 0ms (cache hit)
1172 http cache react-loadable@https://registry.npmjs.org/react-loadable/-/react-loadable-5.5.0.tgz 0ms (cache hit)
1173 http cache gh-pages@https://registry.npmjs.org/gh-pages/-/gh-pages-6.3.0.tgz 0ms (cache hit)
1174 http cache npm-check@https://registry.npmjs.org/npm-check/-/npm-check-6.0.1.tgz 0ms (cache hit)
1175 http cache flow-bin@https://registry.npmjs.org/flow-bin/-/flow-bin-0.294.0.tgz 0ms (cache hit)
1176 http cache yargs-parser@https://registry.npmjs.org/yargs-parser/-/yargs-parser-20.2.9.tgz 0ms (cache hit)
1177 http cache yocto-queue@https://registry.npmjs.org/yocto-queue/-/yocto-queue-0.1.0.tgz 0ms (cache hit)
1178 http cache bootstrap@https://registry.npmjs.org/bootstrap/-/bootstrap-5.3.8.tgz 0ms (cache hit)
1179 http cache yargs@https://registry.npmjs.org/yargs/-/yargs-16.2.0.tgz 0ms (cache hit)
1180 http cache yallist@https://registry.npmjs.org/yallist/-/yallist-3.1.1.tgz 0ms (cache hit)
1181 http cache yaml@https://registry.npmjs.org/yaml/-/yaml-1.10.2.tgz 0ms (cache hit)
1182 http cache y18n@https://registry.npmjs.org/y18n/-/y18n-5.0.8.tgz 0ms (cache hit)
1183 http cache xmlchars@https://registry.npmjs.org/xmlchars/-/xmlchars-2.2.0.tgz 0ms (cache hit)
1184 http cache xml-name-validator@https://registry.npmjs.org/xml-name-validator/-/xml-name-validator-3.0.0.tgz 0ms (cache hit)
1185 http cache ws@https://registry.npmjs.org/ws/-/ws-7.5.10.tgz 0ms (cache hit)
1186 http cache write-file-atomic@https://registry.npmjs.org/write-file-atomic/-/write-file-atomic-3.0.3.tgz 0ms (cache hit)
1187 http cache wrappy@https://registry.npmjs.org/wrappy/-/wrappy-1.0.2.tgz 0ms (cache hit)
1188 http cache workbox-webpack-plugin@https://registry.npmjs.org/workbox-webpack-plugin/-/workbox-webpack-plugin-6.6.0.tgz 0ms (cache hit)
1189 http cache workbox-window@https://registry.npmjs.org/workbox-window/-/workbox-window-6.6.0.tgz 0ms (cache hit)
1190 http cache workbox-sw@https://registry.npmjs.org/workbox-sw/-/workbox-sw-6.6.0.tgz 0ms (cache hit)
1191 http cache wrap-ansi@https://registry.npmjs.org/wrap-ansi/-/wrap-ansi-7.0.0.tgz 0ms (cache hit)
1192 http cache workbox-strategies@https://registry.npmjs.org/workbox-strategies/-/workbox-strategies-6.6.0.tgz 0ms (cache hit)
1193 http cache workbox-streams@https://registry.npmjs.org/workbox-streams/-/workbox-streams-6.6.0.tgz 0ms (cache hit)
1194 http cache workbox-recipes@https://registry.npmjs.org/workbox-recipes/-/workbox-recipes-6.6.0.tgz 0ms (cache hit)
1195 http cache workbox-routing@https://registry.npmjs.org/workbox-routing/-/workbox-routing-6.6.0.tgz 0ms (cache hit)
1196 http cache workbox-range-requests@https://registry.npmjs.org/workbox-range-requests/-/workbox-range-requests-6.6.0.tgz 0ms (cache hit)
1197 http cache workbox-navigation-preload@https://registry.npmjs.org/workbox-navigation-preload/-/workbox-navigation-preload-6.6.0.tgz 0ms (cache hit)
1198 http cache workbox-google-analytics@https://registry.npmjs.org/workbox-google-analytics/-/workbox-google-analytics-6.6.0.tgz 0ms (cache hit)
1199 http cache workbox-expiration@https://registry.npmjs.org/workbox-expiration/-/workbox-expiration-6.6.0.tgz 0ms (cache hit)
1200 http cache workbox-precaching@https://registry.npmjs.org/workbox-precaching/-/workbox-precaching-6.6.0.tgz 0ms (cache hit)
1201 http cache workbox-core@https://registry.npmjs.org/workbox-core/-/workbox-core-6.6.0.tgz 0ms (cache hit)
1202 http cache workbox-cacheable-response@https://registry.npmjs.org/workbox-cacheable-response/-/workbox-cacheable-response-6.6.0.tgz 0ms (cache hit)
1203 http cache workbox-broadcast-update@https://registry.npmjs.org/workbox-broadcast-update/-/workbox-broadcast-update-6.6.0.tgz 0ms (cache hit)
1204 http cache workbox-background-sync@https://registry.npmjs.org/workbox-background-sync/-/workbox-background-sync-6.6.0.tgz 0ms (cache hit)
1205 http cache workbox-build@https://registry.npmjs.org/workbox-build/-/workbox-build-6.6.0.tgz 0ms (cache hit)
1206 http cache word-wrap@https://registry.npmjs.org/word-wrap/-/word-wrap-1.2.5.tgz 0ms (cache hit)
1207 http cache which-typed-array@https://registry.npmjs.org/which-typed-array/-/which-typed-array-1.1.19.tgz 0ms (cache hit)
1208 http cache which-collection@https://registry.npmjs.org/which-collection/-/which-collection-1.0.2.tgz 0ms (cache hit)
1209 http cache which@https://registry.npmjs.org/which/-/which-2.0.2.tgz 0ms (cache hit)
1210 http cache which-boxed-primitive@https://registry.npmjs.org/which-boxed-primitive/-/which-boxed-primitive-1.1.1.tgz 0ms (cache hit)
1211 http cache which-builtin-type@https://registry.npmjs.org/which-builtin-type/-/which-builtin-type-1.2.1.tgz 0ms (cache hit)
1212 http cache whatwg-mimetype@https://registry.npmjs.org/whatwg-mimetype/-/whatwg-mimetype-2.3.0.tgz 0ms (cache hit)
1213 http cache whatwg-url@https://registry.npmjs.org/whatwg-url/-/whatwg-url-8.7.0.tgz 0ms (cache hit)
1214 http cache whatwg-fetch@https://registry.npmjs.org/whatwg-fetch/-/whatwg-fetch-3.6.20.tgz 0ms (cache hit)
1215 http cache whatwg-encoding@https://registry.npmjs.org/whatwg-encoding/-/whatwg-encoding-1.0.5.tgz 0ms (cache hit)
1216 http cache websocket-driver@https://registry.npmjs.org/websocket-driver/-/websocket-driver-0.7.4.tgz 0ms (cache hit)
1217 http cache websocket-extensions@https://registry.npmjs.org/websocket-extensions/-/websocket-extensions-0.1.4.tgz 0ms (cache hit)
1218 http cache webpack-sources@https://registry.npmjs.org/webpack-sources/-/webpack-sources-3.3.3.tgz 0ms (cache hit)
1219 http cache webpack-manifest-plugin@https://registry.npmjs.org/webpack-manifest-plugin/-/webpack-manifest-plugin-4.1.1.tgz 0ms (cache hit)
1220 http cache webpack-dev-server@https://registry.npmjs.org/webpack-dev-server/-/webpack-dev-server-4.15.2.tgz 0ms (cache hit)
1221 http cache webpack-dev-middleware@https://registry.npmjs.org/webpack-dev-middleware/-/webpack-dev-middleware-5.3.4.tgz 0ms (cache hit)
1222 http cache webpack@https://registry.npmjs.org/webpack/-/webpack-5.103.0.tgz 0ms (cache hit)
1223 http cache webidl-conversions@https://registry.npmjs.org/webidl-conversions/-/webidl-conversions-6.1.0.tgz 0ms (cache hit)
1224 http cache web-vitals@https://registry.npmjs.org/web-vitals/-/web-vitals-2.1.4.tgz 0ms (cache hit)
1225 http cache wbuf@https://registry.npmjs.org/wbuf/-/wbuf-1.7.3.tgz 0ms (cache hit)
1226 http cache watchpack@https://registry.npmjs.org/watchpack/-/watchpack-2.4.4.tgz 0ms (cache hit)
1227 http cache w3c-xmlserializer@https://registry.npmjs.org/w3c-xmlserializer/-/w3c-xmlserializer-2.0.0.tgz 0ms (cache hit)
1228 http cache walker@https://registry.npmjs.org/walker/-/walker-1.0.8.tgz 0ms (cache hit)
1229 http cache w3c-hr-time@https://registry.npmjs.org/w3c-hr-time/-/w3c-hr-time-1.0.2.tgz 0ms (cache hit)
1230 http cache vary@https://registry.npmjs.org/vary/-/vary-1.1.2.tgz 0ms (cache hit)
1231 http cache v8-to-istanbul@https://registry.npmjs.org/v8-to-istanbul/-/v8-to-istanbul-8.1.1.tgz 0ms (cache hit)
1232 http cache uuid@https://registry.npmjs.org/uuid/-/uuid-8.3.2.tgz 0ms (cache hit)
1233 http cache utils-merge@https://registry.npmjs.org/utils-merge/-/utils-merge-1.0.1.tgz 0ms (cache hit)
1234 http cache utila@https://registry.npmjs.org/utila/-/utila-0.4.0.tgz 0ms (cache hit)
1235 http cache util-deprecate@https://registry.npmjs.org/util-deprecate/-/util-deprecate-1.0.2.tgz 0ms (cache hit)
1236 http cache util.promisify@https://registry.npmjs.org/util.promisify/-/util.promisify-1.0.1.tgz 0ms (cache hit)
1237 http cache url-parse@https://registry.npmjs.org/url-parse/-/url-parse-1.5.10.tgz 0ms (cache hit)
1238 http cache uri-js@https://registry.npmjs.org/uri-js/-/uri-js-4.4.1.tgz 0ms (cache hit)
1239 http cache update-browserslist-db@https://registry.npmjs.org/update-browserslist-db/-/update-browserslist-db-1.2.2.tgz 0ms (cache hit)
1240 http cache unquote@https://registry.npmjs.org/unquote/-/unquote-1.1.1.tgz 0ms (cache hit)
1241 http cache universalify@https://registry.npmjs.org/universalify/-/universalify-2.0.1.tgz 0ms (cache hit)
1242 http cache upath@https://registry.npmjs.org/upath/-/upath-1.2.0.tgz 0ms (cache hit)
1243 http cache unpipe@https://registry.npmjs.org/unpipe/-/unpipe-1.0.0.tgz 0ms (cache hit)
1244 http cache unique-string@https://registry.npmjs.org/unique-string/-/unique-string-2.0.0.tgz 0ms (cache hit)
1245 http cache unicode-property-aliases-ecmascript@https://registry.npmjs.org/unicode-property-aliases-ecmascript/-/unicode-property-aliases-ecmascript-2.2.0.tgz 0ms (cache hit)
1246 http cache unicode-canonical-property-names-ecmascript@https://registry.npmjs.org/unicode-canonical-property-names-ecmascript/-/unicode-canonical-property-names-ecmascript-2.0.1.tgz 0ms (cache hit)
1247 http cache unicode-match-property-value-ecmascript@https://registry.npmjs.org/unicode-match-property-value-ecmascript/-/unicode-match-property-value-ecmascript-2.2.1.tgz 0ms (cache hit)
1248 http cache undici-types@https://registry.npmjs.org/undici-types/-/undici-types-7.16.0.tgz 0ms (cache hit)
1249 http cache unicode-match-property-ecmascript@https://registry.npmjs.org/unicode-match-property-ecmascript/-/unicode-match-property-ecmascript-2.0.0.tgz 0ms (cache hit)
1250 http cache underscore@https://registry.npmjs.org/underscore/-/underscore-1.12.1.tgz 0ms (cache hit)
1251 http cache unbox-primitive@https://registry.npmjs.org/unbox-primitive/-/unbox-primitive-1.1.0.tgz 0ms (cache hit)
1252 http cache typescript@https://registry.npmjs.org/typescript/-/typescript-4.9.5.tgz 0ms (cache hit)
1253 http cache typedarray-to-buffer@https://registry.npmjs.org/typedarray-to-buffer/-/typedarray-to-buffer-3.1.5.tgz 0ms (cache hit)
1254 http cache typed-array-length@https://registry.npmjs.org/typed-array-length/-/typed-array-length-1.0.7.tgz 0ms (cache hit)
1255 http cache typed-array-byte-offset@https://registry.npmjs.org/typed-array-byte-offset/-/typed-array-byte-offset-1.0.4.tgz 0ms (cache hit)
1256 http cache typed-array-buffer@https://registry.npmjs.org/typed-array-buffer/-/typed-array-buffer-1.0.3.tgz 0ms (cache hit)
1257 http cache typed-array-byte-length@https://registry.npmjs.org/typed-array-byte-length/-/typed-array-byte-length-1.0.3.tgz 0ms (cache hit)
1258 http cache type-is@https://registry.npmjs.org/type-is/-/type-is-1.6.18.tgz 0ms (cache hit)
1259 http cache type-fest@https://registry.npmjs.org/type-fest/-/type-fest-0.20.2.tgz 0ms (cache hit)
1260 http cache tsutils@https://registry.npmjs.org/tsutils/-/tsutils-3.21.0.tgz 0ms (cache hit)
1261 http cache type-detect@https://registry.npmjs.org/type-detect/-/type-detect-4.0.8.tgz 0ms (cache hit)
1262 http cache tsconfig-paths@https://registry.npmjs.org/tsconfig-paths/-/tsconfig-paths-3.15.0.tgz 0ms (cache hit)
1263 http cache tslib@https://registry.npmjs.org/tslib/-/tslib-2.8.1.tgz 0ms (cache hit)
1264 http cache type-check@https://registry.npmjs.org/type-check/-/type-check-0.4.0.tgz 0ms (cache hit)
1265 http cache ts-interface-checker@https://registry.npmjs.org/ts-interface-checker/-/ts-interface-checker-0.1.13.tgz 0ms (cache hit)
1266 http cache tr46@https://registry.npmjs.org/tr46/-/tr46-2.1.0.tgz 0ms (cache hit)
1267 http cache tryer@https://registry.npmjs.org/tryer/-/tryer-1.0.1.tgz 0ms (cache hit)
1268 http cache tough-cookie@https://registry.npmjs.org/tough-cookie/-/tough-cookie-4.1.4.tgz 0ms (cache hit)
1269 http cache toidentifier@https://registry.npmjs.org/toidentifier/-/toidentifier-1.0.1.tgz 0ms (cache hit)
1270 http cache tmpl@https://registry.npmjs.org/tmpl/-/tmpl-1.0.5.tgz 0ms (cache hit)
1271 http cache to-regex-range@https://registry.npmjs.org/to-regex-range/-/to-regex-range-5.0.1.tgz 0ms (cache hit)
1272 http cache tinyglobby@https://registry.npmjs.org/tinyglobby/-/tinyglobby-0.2.15.tgz 0ms (cache hit)
1273 http cache thunky@https://registry.npmjs.org/thunky/-/thunky-1.1.0.tgz 0ms (cache hit)
1274 http cache throat@https://registry.npmjs.org/throat/-/throat-6.0.2.tgz 0ms (cache hit)
1275 http cache thenify-all@https://registry.npmjs.org/thenify-all/-/thenify-all-1.6.0.tgz 0ms (cache hit)
1276 http cache thenify@https://registry.npmjs.org/thenify/-/thenify-3.3.1.tgz 0ms (cache hit)
1277 http cache test-exclude@https://registry.npmjs.org/test-exclude/-/test-exclude-6.0.0.tgz 0ms (cache hit)
1278 http cache text-table@https://registry.npmjs.org/text-table/-/text-table-0.2.0.tgz 0ms (cache hit)
1279 http cache terser@https://registry.npmjs.org/terser/-/terser-5.44.1.tgz 0ms (cache hit)
1280 http cache terser-webpack-plugin@https://registry.npmjs.org/terser-webpack-plugin/-/terser-webpack-plugin-5.3.16.tgz 0ms (cache hit)
1281 http cache tempy@https://registry.npmjs.org/tempy/-/tempy-0.6.0.tgz 0ms (cache hit)
1282 http cache terminal-link@https://registry.npmjs.org/terminal-link/-/terminal-link-2.1.1.tgz 0ms (cache hit)
1283 http cache tapable@https://registry.npmjs.org/tapable/-/tapable-2.3.0.tgz 0ms (cache hit)
1284 http cache temp-dir@https://registry.npmjs.org/temp-dir/-/temp-dir-2.0.0.tgz 0ms (cache hit)
1285 http cache symbol-tree@https://registry.npmjs.org/symbol-tree/-/symbol-tree-3.2.4.tgz 0ms (cache hit)
1286 http cache tailwindcss@https://registry.npmjs.org/tailwindcss/-/tailwindcss-3.4.19.tgz 0ms (cache hit)
1287 http cache svgo@https://registry.npmjs.org/svgo/-/svgo-1.3.2.tgz 0ms (cache hit)
1288 http cache svg-parser@https://registry.npmjs.org/svg-parser/-/svg-parser-2.0.4.tgz 0ms (cache hit)
1289 http cache supports-preserve-symlinks-flag@https://registry.npmjs.org/supports-preserve-symlinks-flag/-/supports-preserve-symlinks-flag-1.0.0.tgz 0ms (cache hit)
1290 http cache supports-color@https://registry.npmjs.org/supports-color/-/supports-color-7.2.0.tgz 0ms (cache hit)
1291 http cache sucrase@https://registry.npmjs.org/sucrase/-/sucrase-3.35.1.tgz 0ms (cache hit)
1292 http cache supports-hyperlinks@https://registry.npmjs.org/supports-hyperlinks/-/supports-hyperlinks-2.3.0.tgz 0ms (cache hit)
1293 http cache stylehacks@https://registry.npmjs.org/stylehacks/-/stylehacks-5.1.1.tgz 0ms (cache hit)
1294 http cache strip-json-comments@https://registry.npmjs.org/strip-json-comments/-/strip-json-comments-3.1.1.tgz 0ms (cache hit)
1295 http cache style-loader@https://registry.npmjs.org/style-loader/-/style-loader-3.3.4.tgz 0ms (cache hit)
1296 http cache strip-comments@https://registry.npmjs.org/strip-comments/-/strip-comments-2.0.1.tgz 0ms (cache hit)
1297 http cache strip-indent@https://registry.npmjs.org/strip-indent/-/strip-indent-3.0.0.tgz 0ms (cache hit)
1298 http cache strip-final-newline@https://registry.npmjs.org/strip-final-newline/-/strip-final-newline-2.0.0.tgz 0ms (cache hit)
1299 http cache strip-bom@https://registry.npmjs.org/strip-bom/-/strip-bom-4.0.0.tgz 0ms (cache hit)
1300 http cache strip-ansi@https://registry.npmjs.org/strip-ansi/-/strip-ansi-6.0.1.tgz 0ms (cache hit)
1301 http cache stringify-object@https://registry.npmjs.org/stringify-object/-/stringify-object-3.3.0.tgz 1ms (cache hit)
1302 http cache string.prototype.trimstart@https://registry.npmjs.org/string.prototype.trimstart/-/string.prototype.trimstart-1.0.8.tgz 0ms (cache hit)
1303 http cache string.prototype.trim@https://registry.npmjs.org/string.prototype.trim/-/string.prototype.trim-1.2.10.tgz 0ms (cache hit)
1304 http cache string.prototype.trimend@https://registry.npmjs.org/string.prototype.trimend/-/string.prototype.trimend-1.0.9.tgz 0ms (cache hit)
1305 http cache string.prototype.repeat@https://registry.npmjs.org/string.prototype.repeat/-/string.prototype.repeat-1.0.0.tgz 0ms (cache hit)
1306 http cache string.prototype.includes@https://registry.npmjs.org/string.prototype.includes/-/string.prototype.includes-2.0.1.tgz 0ms (cache hit)
1307 http cache string.prototype.matchall@https://registry.npmjs.org/string.prototype.matchall/-/string.prototype.matchall-4.0.12.tgz 0ms (cache hit)
1308 http cache string-width@https://registry.npmjs.org/string-width/-/string-width-4.2.3.tgz 0ms (cache hit)
1309 http cache string-length@https://registry.npmjs.org/string-length/-/string-length-4.0.2.tgz 0ms (cache hit)
1310 http cache string-natural-compare@https://registry.npmjs.org/string-natural-compare/-/string-natural-compare-3.0.1.tgz 0ms (cache hit)
1311 http cache statuses@https://registry.npmjs.org/statuses/-/statuses-2.0.2.tgz 0ms (cache hit)
1312 http cache string_decoder@https://registry.npmjs.org/string_decoder/-/string_decoder-1.3.0.tgz 0ms (cache hit)
1313 http cache stackframe@https://registry.npmjs.org/stackframe/-/stackframe-1.3.4.tgz 0ms (cache hit)
1314 http cache static-eval@https://registry.npmjs.org/static-eval/-/static-eval-2.0.2.tgz 0ms (cache hit)
1315 http cache stop-iteration-iterator@https://registry.npmjs.org/stop-iteration-iterator/-/stop-iteration-iterator-1.1.0.tgz 0ms (cache hit)
1316 http cache stack-utils@https://registry.npmjs.org/stack-utils/-/stack-utils-2.0.6.tgz 0ms (cache hit)
1317 http cache stable@https://registry.npmjs.org/stable/-/stable-0.1.8.tgz 0ms (cache hit)
1318 http cache spdy-transport@https://registry.npmjs.org/spdy-transport/-/spdy-transport-3.0.0.tgz 0ms (cache hit)
1319 http cache spdy@https://registry.npmjs.org/spdy/-/spdy-4.0.2.tgz 0ms (cache hit)
1320 http cache sprintf-js@https://registry.npmjs.org/sprintf-js/-/sprintf-js-1.0.3.tgz 0ms (cache hit)
1321 http cache sourcemap-codec@https://registry.npmjs.org/sourcemap-codec/-/sourcemap-codec-1.4.8.tgz 0ms (cache hit)
1322 http cache source-map-support@https://registry.npmjs.org/source-map-support/-/source-map-support-0.5.21.tgz 0ms (cache hit)
1323 http cache source-map-js@https://registry.npmjs.org/source-map-js/-/source-map-js-1.2.1.tgz 0ms (cache hit)
1324 http cache source-map-loader@https://registry.npmjs.org/source-map-loader/-/source-map-loader-3.0.2.tgz 0ms (cache hit)
1325 http cache source-map@https://registry.npmjs.org/source-map/-/source-map-0.7.6.tgz 0ms (cache hit)
1326 http cache source-list-map@https://registry.npmjs.org/source-list-map/-/source-list-map-2.0.1.tgz 0ms (cache hit)
1327 http cache sockjs@https://registry.npmjs.org/sockjs/-/sockjs-0.3.24.tgz 0ms (cache hit)
1328 http cache slash@https://registry.npmjs.org/slash/-/slash-3.0.0.tgz 0ms (cache hit)
1329 http cache signal-exit@https://registry.npmjs.org/signal-exit/-/signal-exit-3.0.7.tgz 0ms (cache hit)
1330 http cache sisteransi@https://registry.npmjs.org/sisteransi/-/sisteransi-1.0.5.tgz 0ms (cache hit)
1331 http cache side-channel-weakmap@https://registry.npmjs.org/side-channel-weakmap/-/side-channel-weakmap-1.0.2.tgz 0ms (cache hit)
1332 http cache side-channel-list@https://registry.npmjs.org/side-channel-list/-/side-channel-list-1.0.0.tgz 0ms (cache hit)
1333 http cache side-channel-map@https://registry.npmjs.org/side-channel-map/-/side-channel-map-1.0.1.tgz 0ms (cache hit)
1334 http cache side-channel@https://registry.npmjs.org/side-channel/-/side-channel-1.1.0.tgz 0ms (cache hit)
1335 http cache shebang-regex@https://registry.npmjs.org/shebang-regex/-/shebang-regex-3.0.0.tgz 0ms (cache hit)
1336 http cache shell-quote@https://registry.npmjs.org/shell-quote/-/shell-quote-1.8.3.tgz 1ms (cache hit)
1337 http cache setprototypeof@https://registry.npmjs.org/setprototypeof/-/setprototypeof-1.2.0.tgz 0ms (cache hit)
1338 http cache set-proto@https://registry.npmjs.org/set-proto/-/set-proto-1.0.0.tgz 0ms (cache hit)
1339 http cache shebang-command@https://registry.npmjs.org/shebang-command/-/shebang-command-2.0.0.tgz 0ms (cache hit)
1340 http cache set-function-name@https://registry.npmjs.org/set-function-name/-/set-function-name-2.0.2.tgz 0ms (cache hit)
1341 http cache serve-static@https://registry.npmjs.org/serve-static/-/serve-static-1.16.2.tgz 0ms (cache hit)
1342 http cache serve-index@https://registry.npmjs.org/serve-index/-/serve-index-1.9.1.tgz 0ms (cache hit)
1343 http cache set-function-length@https://registry.npmjs.org/set-function-length/-/set-function-length-1.2.2.tgz 0ms (cache hit)
1344 http cache serialize-javascript@https://registry.npmjs.org/serialize-javascript/-/serialize-javascript-6.0.2.tgz 0ms (cache hit)
1345 http cache send@https://registry.npmjs.org/send/-/send-0.19.1.tgz 0ms (cache hit)
1346 http cache semver@https://registry.npmjs.org/semver/-/semver-7.7.3.tgz 0ms (cache hit)
1347 http cache selfsigned@https://registry.npmjs.org/selfsigned/-/selfsigned-2.4.1.tgz 0ms (cache hit)
1348 http cache schema-utils@https://registry.npmjs.org/schema-utils/-/schema-utils-4.3.3.tgz 0ms (cache hit)
1349 http cache select-hose@https://registry.npmjs.org/select-hose/-/select-hose-2.0.0.tgz 0ms (cache hit)
1350 http cache saxes@https://registry.npmjs.org/saxes/-/saxes-5.0.1.tgz 0ms (cache hit)
1351 http cache sax@https://registry.npmjs.org/sax/-/sax-1.2.4.tgz 0ms (cache hit)
1352 http cache scheduler@https://registry.npmjs.org/scheduler/-/scheduler-0.27.0.tgz 0ms (cache hit)
1353 http cache sanitize.css@https://registry.npmjs.org/sanitize.css/-/sanitize.css-13.0.0.tgz 0ms (cache hit)
1354 http cache sass-loader@https://registry.npmjs.org/sass-loader/-/sass-loader-12.6.0.tgz 0ms (cache hit)
1355 http cache safe-regex-test@https://registry.npmjs.org/safe-regex-test/-/safe-regex-test-1.1.0.tgz 0ms (cache hit)
1356 http cache safer-buffer@https://registry.npmjs.org/safer-buffer/-/safer-buffer-2.1.2.tgz 0ms (cache hit)
1357 http cache safe-push-apply@https://registry.npmjs.org/safe-push-apply/-/safe-push-apply-1.0.0.tgz 0ms (cache hit)
1358 http cache safe-buffer@https://registry.npmjs.org/safe-buffer/-/safe-buffer-5.2.1.tgz 0ms (cache hit)
1359 http cache safe-array-concat@https://registry.npmjs.org/safe-array-concat/-/safe-array-concat-1.1.3.tgz 0ms (cache hit)
1360 http cache rollup-plugin-terser@https://registry.npmjs.org/rollup-plugin-terser/-/rollup-plugin-terser-7.0.2.tgz 0ms (cache hit)
1361 http cache reusify@https://registry.npmjs.org/reusify/-/reusify-1.1.0.tgz 0ms (cache hit)
1362 http cache run-parallel@https://registry.npmjs.org/run-parallel/-/run-parallel-1.2.0.tgz 0ms (cache hit)
1363 http cache retry@https://registry.npmjs.org/retry/-/retry-0.13.1.tgz 0ms (cache hit)
1364 http cache rollup@https://registry.npmjs.org/rollup/-/rollup-2.79.2.tgz 0ms (cache hit)
1365 http cache resolve.exports@https://registry.npmjs.org/resolve.exports/-/resolve.exports-1.1.1.tgz 0ms (cache hit)
1366 http cache rimraf@https://registry.npmjs.org/rimraf/-/rimraf-3.0.2.tgz 0ms (cache hit)
1367 http cache resolve-cwd@https://registry.npmjs.org/resolve-cwd/-/resolve-cwd-3.0.0.tgz 0ms (cache hit)
1368 http cache resolve-from@https://registry.npmjs.org/resolve-from/-/resolve-from-5.0.0.tgz 0ms (cache hit)
1369 http cache resolve-url-loader@https://registry.npmjs.org/resolve-url-loader/-/resolve-url-loader-4.0.0.tgz 0ms (cache hit)
1370 http cache resolve@https://registry.npmjs.org/resolve/-/resolve-1.22.11.tgz 0ms (cache hit)
1371 http cache requires-port@https://registry.npmjs.org/requires-port/-/requires-port-1.0.0.tgz 0ms (cache hit)
1372 http cache require-directory@https://registry.npmjs.org/require-directory/-/require-directory-2.1.1.tgz 0ms (cache hit)
1373 http cache relateurl@https://registry.npmjs.org/relateurl/-/relateurl-0.2.7.tgz 0ms (cache hit)
1374 http cache require-from-string@https://registry.npmjs.org/require-from-string/-/require-from-string-2.0.2.tgz 0ms (cache hit)
1375 http cache regjsparser@https://registry.npmjs.org/regjsparser/-/regjsparser-0.13.0.tgz 0ms (cache hit)
1376 http cache regjsgen@https://registry.npmjs.org/regjsgen/-/regjsgen-0.8.0.tgz 0ms (cache hit)
1377 http cache renderkid@https://registry.npmjs.org/renderkid/-/renderkid-3.0.0.tgz 0ms (cache hit)
1378 http cache regexp.prototype.flags@https://registry.npmjs.org/regexp.prototype.flags/-/regexp.prototype.flags-1.5.4.tgz 0ms (cache hit)
1379 http cache regex-parser@https://registry.npmjs.org/regex-parser/-/regex-parser-2.3.1.tgz 0ms (cache hit)
1380 http cache regenerator-runtime@https://registry.npmjs.org/regenerator-runtime/-/regenerator-runtime-0.13.11.tgz 0ms (cache hit)
1381 http cache regexpu-core@https://registry.npmjs.org/regexpu-core/-/regexpu-core-6.4.0.tgz 0ms (cache hit)
1382 http cache regenerate-unicode-properties@https://registry.npmjs.org/regenerate-unicode-properties/-/regenerate-unicode-properties-10.2.2.tgz 0ms (cache hit)
1383 http cache regenerate@https://registry.npmjs.org/regenerate/-/regenerate-1.4.2.tgz 0ms (cache hit)
1384 http cache reflect.getprototypeof@https://registry.npmjs.org/reflect.getprototypeof/-/reflect.getprototypeof-1.0.10.tgz 0ms (cache hit)
1385 http cache redent@https://registry.npmjs.org/redent/-/redent-3.0.0.tgz 0ms (cache hit)
1386 http cache readdirp@https://registry.npmjs.org/readdirp/-/readdirp-3.6.0.tgz 0ms (cache hit)
1387 http cache readable-stream@https://registry.npmjs.org/readable-stream/-/readable-stream-3.6.2.tgz 0ms (cache hit)
1388 http cache recursive-readdir@https://registry.npmjs.org/recursive-readdir/-/recursive-readdir-2.2.3.tgz 0ms (cache hit)
1389 http cache read-cache@https://registry.npmjs.org/read-cache/-/read-cache-1.0.0.tgz 0ms (cache hit)
1390 http cache react-refresh@https://registry.npmjs.org/react-refresh/-/react-refresh-0.11.0.tgz 0ms (cache hit)
1391 http cache react-error-overlay@https://registry.npmjs.org/react-error-overlay/-/react-error-overlay-6.1.0.tgz 0ms (cache hit)
1392 http cache react-scripts@https://registry.npmjs.org/react-scripts/-/react-scripts-5.0.1.tgz 0ms (cache hit)
1393 http cache react-is@https://registry.npmjs.org/react-is/-/react-is-17.0.2.tgz 0ms (cache hit)
1394 http cache react-dev-utils@https://registry.npmjs.org/react-dev-utils/-/react-dev-utils-12.0.1.tgz 0ms (cache hit)
1395 http cache react-dom@https://registry.npmjs.org/react-dom/-/react-dom-19.2.3.tgz 0ms (cache hit)
1396 http cache react@https://registry.npmjs.org/react/-/react-19.2.3.tgz 0ms (cache hit)
1397 http cache range-parser@https://registry.npmjs.org/range-parser/-/range-parser-1.2.1.tgz 0ms (cache hit)
1398 http cache react-app-polyfill@https://registry.npmjs.org/react-app-polyfill/-/react-app-polyfill-3.0.0.tgz 0ms (cache hit)
1399 http cache raw-body@https://registry.npmjs.org/raw-body/-/raw-body-2.5.3.tgz 0ms (cache hit)
1400 http cache randombytes@https://registry.npmjs.org/randombytes/-/randombytes-2.1.0.tgz 0ms (cache hit)
1401 http cache raf@https://registry.npmjs.org/raf/-/raf-3.4.1.tgz 0ms (cache hit)
1402 http cache q@https://registry.npmjs.org/q/-/q-1.5.1.tgz 0ms (cache hit)
1403 http cache punycode@https://registry.npmjs.org/punycode/-/punycode-2.3.1.tgz 0ms (cache hit)
1404 http cache querystringify@https://registry.npmjs.org/querystringify/-/querystringify-2.2.0.tgz 0ms (cache hit)
1405 http cache qs@https://registry.npmjs.org/qs/-/qs-6.14.0.tgz 0ms (cache hit)
1406 http cache queue-microtask@https://registry.npmjs.org/queue-microtask/-/queue-microtask-1.2.3.tgz 0ms (cache hit)
1407 http cache prop-types@https://registry.npmjs.org/prop-types/-/prop-types-15.8.1.tgz 0ms (cache hit)
1408 http cache proxy-addr@https://registry.npmjs.org/proxy-addr/-/proxy-addr-2.0.7.tgz 0ms (cache hit)
1409 http cache promise@https://registry.npmjs.org/promise/-/promise-8.3.0.tgz 0ms (cache hit)
1410 http cache psl@https://registry.npmjs.org/psl/-/psl-1.15.0.tgz 0ms (cache hit)
1411 http cache prompts@https://registry.npmjs.org/prompts/-/prompts-2.4.2.tgz 0ms (cache hit)
1412 http cache process-nextick-args@https://registry.npmjs.org/process-nextick-args/-/process-nextick-args-2.0.1.tgz 0ms (cache hit)
1413 http cache pretty-error@https://registry.npmjs.org/pretty-error/-/pretty-error-4.0.0.tgz 0ms (cache hit)
1414 http cache pretty-format@https://registry.npmjs.org/pretty-format/-/pretty-format-27.5.1.tgz 0ms (cache hit)
1415 http cache pretty-bytes@https://registry.npmjs.org/pretty-bytes/-/pretty-bytes-5.6.0.tgz 0ms (cache hit)
1416 http cache prelude-ls@https://registry.npmjs.org/prelude-ls/-/prelude-ls-1.2.1.tgz 0ms (cache hit)
1417 http cache postcss-unique-selectors@https://registry.npmjs.org/postcss-unique-selectors/-/postcss-unique-selectors-5.1.1.tgz 0ms (cache hit)
1418 http cache postcss-value-parser@https://registry.npmjs.org/postcss-value-parser/-/postcss-value-parser-4.2.0.tgz 0ms (cache hit)
1419 http cache postcss-svgo@https://registry.npmjs.org/postcss-svgo/-/postcss-svgo-5.1.0.tgz 0ms (cache hit)
1420 http cache postcss-selector-parser@https://registry.npmjs.org/postcss-selector-parser/-/postcss-selector-parser-6.1.2.tgz 0ms (cache hit)
1421 http cache postcss-reduce-transforms@https://registry.npmjs.org/postcss-reduce-transforms/-/postcss-reduce-transforms-5.1.0.tgz 0ms (cache hit)
1422 http cache postcss-selector-not@https://registry.npmjs.org/postcss-selector-not/-/postcss-selector-not-6.0.1.tgz 0ms (cache hit)
1423 http cache postcss-pseudo-class-any-link@https://registry.npmjs.org/postcss-pseudo-class-any-link/-/postcss-pseudo-class-any-link-7.1.6.tgz 0ms (cache hit)
1424 http cache postcss-replace-overflow-wrap@https://registry.npmjs.org/postcss-replace-overflow-wrap/-/postcss-replace-overflow-wrap-4.0.0.tgz 0ms (cache hit)
1425 http cache postcss-preset-env@https://registry.npmjs.org/postcss-preset-env/-/postcss-preset-env-7.8.3.tgz 0ms (cache hit)
1426 http cache postcss-reduce-initial@https://registry.npmjs.org/postcss-reduce-initial/-/postcss-reduce-initial-5.1.2.tgz 0ms (cache hit)
1427 http cache postcss-page-break@https://registry.npmjs.org/postcss-page-break/-/postcss-page-break-3.0.4.tgz 0ms (cache hit)
1428 http cache postcss-place@https://registry.npmjs.org/postcss-place/-/postcss-place-7.0.5.tgz 0ms (cache hit)
1429 http cache postcss-overflow-shorthand@https://registry.npmjs.org/postcss-overflow-shorthand/-/postcss-overflow-shorthand-3.0.4.tgz 0ms (cache hit)
1430 http cache postcss-ordered-values@https://registry.npmjs.org/postcss-ordered-values/-/postcss-ordered-values-5.1.3.tgz 0ms (cache hit)
1431 http cache postcss-opacity-percentage@https://registry.npmjs.org/postcss-opacity-percentage/-/postcss-opacity-percentage-1.1.3.tgz 0ms (cache hit)
1432 http cache postcss-normalize-unicode@https://registry.npmjs.org/postcss-normalize-unicode/-/postcss-normalize-unicode-5.1.1.tgz 0ms (cache hit)
1433 http cache postcss-normalize-whitespace@https://registry.npmjs.org/postcss-normalize-whitespace/-/postcss-normalize-whitespace-5.1.1.tgz 0ms (cache hit)
1434 http cache postcss-normalize-url@https://registry.npmjs.org/postcss-normalize-url/-/postcss-normalize-url-5.1.0.tgz 0ms (cache hit)
1435 http cache postcss-normalize-positions@https://registry.npmjs.org/postcss-normalize-positions/-/postcss-normalize-positions-5.1.1.tgz 0ms (cache hit)
1436 http cache postcss-normalize-timing-functions@https://registry.npmjs.org/postcss-normalize-timing-functions/-/postcss-normalize-timing-functions-5.1.0.tgz 0ms (cache hit)
1437 http cache postcss-normalize-repeat-style@https://registry.npmjs.org/postcss-normalize-repeat-style/-/postcss-normalize-repeat-style-5.1.1.tgz 0ms (cache hit)
1438 http cache postcss-normalize-string@https://registry.npmjs.org/postcss-normalize-string/-/postcss-normalize-string-5.1.0.tgz 0ms (cache hit)
1439 http cache postcss-normalize-display-values@https://registry.npmjs.org/postcss-normalize-display-values/-/postcss-normalize-display-values-5.1.0.tgz 0ms (cache hit)
1440 http cache postcss-normalize-charset@https://registry.npmjs.org/postcss-normalize-charset/-/postcss-normalize-charset-5.1.0.tgz 0ms (cache hit)
1441 http cache postcss-normalize@https://registry.npmjs.org/postcss-normalize/-/postcss-normalize-10.0.1.tgz 1ms (cache hit)
1442 http cache postcss-nested@https://registry.npmjs.org/postcss-nested/-/postcss-nested-6.2.0.tgz 0ms (cache hit)
1443 http cache postcss-modules-values@https://registry.npmjs.org/postcss-modules-values/-/postcss-modules-values-4.0.0.tgz 0ms (cache hit)
1444 http cache postcss-nesting@https://registry.npmjs.org/postcss-nesting/-/postcss-nesting-10.2.0.tgz 0ms (cache hit)
1445 http cache postcss-minify-params@https://registry.npmjs.org/postcss-minify-params/-/postcss-minify-params-5.1.4.tgz 0ms (cache hit)
1446 http cache postcss-modules-scope@https://registry.npmjs.org/postcss-modules-scope/-/postcss-modules-scope-3.2.1.tgz 0ms (cache hit)
1447 http cache postcss-modules-local-by-default@https://registry.npmjs.org/postcss-modules-local-by-default/-/postcss-modules-local-by-default-4.2.0.tgz 0ms (cache hit)
1448 http cache postcss-minify-gradients@https://registry.npmjs.org/postcss-minify-gradients/-/postcss-minify-gradients-5.1.1.tgz 0ms (cache hit)
1449 http cache postcss-minify-selectors@https://registry.npmjs.org/postcss-minify-selectors/-/postcss-minify-selectors-5.2.1.tgz 0ms (cache hit)
1450 http cache postcss-modules-extract-imports@https://registry.npmjs.org/postcss-modules-extract-imports/-/postcss-modules-extract-imports-3.1.0.tgz 0ms (cache hit)
1451 http cache postcss-merge-rules@https://registry.npmjs.org/postcss-merge-rules/-/postcss-merge-rules-5.1.4.tgz 0ms (cache hit)
1452 http cache postcss-minify-font-values@https://registry.npmjs.org/postcss-minify-font-values/-/postcss-minify-font-values-5.1.0.tgz 0ms (cache hit)
1453 http cache postcss-merge-longhand@https://registry.npmjs.org/postcss-merge-longhand/-/postcss-merge-longhand-5.1.7.tgz 0ms (cache hit)
1454 http cache postcss-media-minmax@https://registry.npmjs.org/postcss-media-minmax/-/postcss-media-minmax-5.0.0.tgz 0ms (cache hit)
1455 http cache postcss-loader@https://registry.npmjs.org/postcss-loader/-/postcss-loader-6.2.1.tgz 0ms (cache hit)
1456 http cache postcss-import@https://registry.npmjs.org/postcss-import/-/postcss-import-15.1.0.tgz 0ms (cache hit)
1457 http cache postcss-logical@https://registry.npmjs.org/postcss-logical/-/postcss-logical-5.0.4.tgz 0ms (cache hit)
1458 http cache postcss-initial@https://registry.npmjs.org/postcss-initial/-/postcss-initial-4.0.1.tgz 0ms (cache hit)
1459 http cache postcss-image-set-function@https://registry.npmjs.org/postcss-image-set-function/-/postcss-image-set-function-4.0.7.tgz 0ms (cache hit)
1460 http cache postcss-js@https://registry.npmjs.org/postcss-js/-/postcss-js-4.1.0.tgz 0ms (cache hit)
1461 http cache postcss-lab-function@https://registry.npmjs.org/postcss-lab-function/-/postcss-lab-function-4.2.1.tgz 0ms (cache hit)
1462 http cache postcss-font-variant@https://registry.npmjs.org/postcss-font-variant/-/postcss-font-variant-5.0.0.tgz 0ms (cache hit)
1463 http cache postcss-gap-properties@https://registry.npmjs.org/postcss-gap-properties/-/postcss-gap-properties-3.0.5.tgz 0ms (cache hit)
1464 http cache postcss-focus-visible@https://registry.npmjs.org/postcss-focus-visible/-/postcss-focus-visible-6.0.4.tgz 0ms (cache hit)
1465 http cache postcss-focus-within@https://registry.npmjs.org/postcss-focus-within/-/postcss-focus-within-5.0.4.tgz 0ms (cache hit)
1466 http cache postcss-flexbugs-fixes@https://registry.npmjs.org/postcss-flexbugs-fixes/-/postcss-flexbugs-fixes-5.0.2.tgz 0ms (cache hit)
1467 http cache postcss-double-position-gradients@https://registry.npmjs.org/postcss-double-position-gradients/-/postcss-double-position-gradients-3.1.2.tgz 0ms (cache hit)
1468 http cache postcss-env-function@https://registry.npmjs.org/postcss-env-function/-/postcss-env-function-4.0.6.tgz 0ms (cache hit)
1469 http cache postcss-discard-empty@https://registry.npmjs.org/postcss-discard-empty/-/postcss-discard-empty-5.1.1.tgz 0ms (cache hit)
1470 http cache postcss-discard-comments@https://registry.npmjs.org/postcss-discard-comments/-/postcss-discard-comments-5.1.2.tgz 0ms (cache hit)
1471 http cache postcss-custom-selectors@https://registry.npmjs.org/postcss-custom-selectors/-/postcss-custom-selectors-6.0.3.tgz 0ms (cache hit)
1472 http cache postcss-discard-overridden@https://registry.npmjs.org/postcss-discard-overridden/-/postcss-discard-overridden-5.1.0.tgz 0ms (cache hit)
1473 http cache postcss-discard-duplicates@https://registry.npmjs.org/postcss-discard-duplicates/-/postcss-discard-duplicates-5.1.0.tgz 0ms (cache hit)
1474 http cache postcss-dir-pseudo-class@https://registry.npmjs.org/postcss-dir-pseudo-class/-/postcss-dir-pseudo-class-6.0.5.tgz 0ms (cache hit)
1475 http cache postcss-custom-properties@https://registry.npmjs.org/postcss-custom-properties/-/postcss-custom-properties-12.1.11.tgz 0ms (cache hit)
1476 http cache postcss-custom-media@https://registry.npmjs.org/postcss-custom-media/-/postcss-custom-media-8.0.2.tgz 0ms (cache hit)
1477 http cache postcss-color-rebeccapurple@https://registry.npmjs.org/postcss-color-rebeccapurple/-/postcss-color-rebeccapurple-7.1.1.tgz 0ms (cache hit)
1478 http cache postcss-convert-values@https://registry.npmjs.org/postcss-convert-values/-/postcss-convert-values-5.1.3.tgz 0ms (cache hit)
1479 http cache postcss-colormin@https://registry.npmjs.org/postcss-colormin/-/postcss-colormin-5.3.1.tgz 0ms (cache hit)
1480 http cache postcss-color-hex-alpha@https://registry.npmjs.org/postcss-color-hex-alpha/-/postcss-color-hex-alpha-8.0.4.tgz 0ms (cache hit)
1481 http cache postcss-clamp@https://registry.npmjs.org/postcss-clamp/-/postcss-clamp-4.1.0.tgz 0ms (cache hit)
1482 http cache postcss-color-functional-notation@https://registry.npmjs.org/postcss-color-functional-notation/-/postcss-color-functional-notation-4.2.4.tgz 0ms (cache hit)
1483 http cache postcss-calc@https://registry.npmjs.org/postcss-calc/-/postcss-calc-8.2.4.tgz 0ms (cache hit)
1484 http cache postcss-browser-comments@https://registry.npmjs.org/postcss-browser-comments/-/postcss-browser-comments-4.0.0.tgz 0ms (cache hit)
1485 http cache postcss@https://registry.npmjs.org/postcss/-/postcss-8.5.6.tgz 0ms (cache hit)
1486 http cache possible-typed-array-names@https://registry.npmjs.org/possible-typed-array-names/-/possible-typed-array-names-1.1.0.tgz 0ms (cache hit)
1487 http cache pirates@https://registry.npmjs.org/pirates/-/pirates-4.0.7.tgz 0ms (cache hit)
1488 http cache postcss-attribute-case-insensitive@https://registry.npmjs.org/postcss-attribute-case-insensitive/-/postcss-attribute-case-insensitive-5.0.2.tgz 0ms (cache hit)
1489 http cache pkg-up@https://registry.npmjs.org/pkg-up/-/pkg-up-3.1.0.tgz 0ms (cache hit)
1490 http cache pkg-dir@https://registry.npmjs.org/pkg-dir/-/pkg-dir-4.2.0.tgz 0ms (cache hit)
1491 http cache pify@https://registry.npmjs.org/pify/-/pify-2.3.0.tgz 0ms (cache hit)
1492 http cache picomatch@https://registry.npmjs.org/picomatch/-/picomatch-2.3.1.tgz 0ms (cache hit)
1493 http cache picocolors@https://registry.npmjs.org/picocolors/-/picocolors-1.1.1.tgz 0ms (cache hit)
1494 http cache path-type@https://registry.npmjs.org/path-type/-/path-type-4.0.0.tgz 0ms (cache hit)
1495 http cache performance-now@https://registry.npmjs.org/performance-now/-/performance-now-2.1.0.tgz 0ms (cache hit)
1496 http cache path-to-regexp@https://registry.npmjs.org/path-to-regexp/-/path-to-regexp-0.1.12.tgz 0ms (cache hit)
1497 http cache path-parse@https://registry.npmjs.org/path-parse/-/path-parse-1.0.7.tgz 0ms (cache hit)
1498 http cache path-key@https://registry.npmjs.org/path-key/-/path-key-3.1.1.tgz 0ms (cache hit)
1499 http cache path-is-absolute@https://registry.npmjs.org/path-is-absolute/-/path-is-absolute-1.0.1.tgz 0ms (cache hit)
1500 http cache path-exists@https://registry.npmjs.org/path-exists/-/path-exists-4.0.0.tgz 0ms (cache hit)
1501 http cache parseurl@https://registry.npmjs.org/parseurl/-/parseurl-1.3.3.tgz 0ms (cache hit)
1502 http cache pascal-case@https://registry.npmjs.org/pascal-case/-/pascal-case-3.1.2.tgz 0ms (cache hit)
1503 http cache parse5@https://registry.npmjs.org/parse5/-/parse5-6.0.1.tgz 0ms (cache hit)
1504 http cache p-try@https://registry.npmjs.org/p-try/-/p-try-2.2.0.tgz 0ms (cache hit)
1505 http cache parent-module@https://registry.npmjs.org/parent-module/-/parent-module-1.0.1.tgz 0ms (cache hit)
1506 http cache parse-json@https://registry.npmjs.org/parse-json/-/parse-json-5.2.0.tgz 0ms (cache hit)
1507 http cache param-case@https://registry.npmjs.org/param-case/-/param-case-3.0.4.tgz 0ms (cache hit)
1508 http cache p-retry@https://registry.npmjs.org/p-retry/-/p-retry-4.6.2.tgz 0ms (cache hit)
1509 http cache p-locate@https://registry.npmjs.org/p-locate/-/p-locate-4.1.0.tgz 0ms (cache hit)
1510 http cache own-keys@https://registry.npmjs.org/own-keys/-/own-keys-1.0.1.tgz 0ms (cache hit)
1511 http cache optionator@https://registry.npmjs.org/optionator/-/optionator-0.9.4.tgz 0ms (cache hit)
1512 http cache onetime@https://registry.npmjs.org/onetime/-/onetime-5.1.2.tgz 0ms (cache hit)
1513 http cache open@https://registry.npmjs.org/open/-/open-8.4.2.tgz 0ms (cache hit)
1514 http cache on-headers@https://registry.npmjs.org/on-headers/-/on-headers-1.1.0.tgz 0ms (cache hit)
1515 http cache p-limit@https://registry.npmjs.org/p-limit/-/p-limit-2.3.0.tgz 0ms (cache hit)
1516 http cache on-finished@https://registry.npmjs.org/on-finished/-/on-finished-2.4.1.tgz 0ms (cache hit)
1517 http cache once@https://registry.npmjs.org/once/-/once-1.4.0.tgz 0ms (cache hit)
1518 http cache object.values@https://registry.npmjs.org/object.values/-/object.values-1.2.1.tgz 0ms (cache hit)
1519 http cache obuf@https://registry.npmjs.org/obuf/-/obuf-1.1.2.tgz 0ms (cache hit)
1520 http cache object.groupby@https://registry.npmjs.org/object.groupby/-/object.groupby-1.0.3.tgz 0ms (cache hit)
1521 http cache object.getownpropertydescriptors@https://registry.npmjs.org/object.getownpropertydescriptors/-/object.getownpropertydescriptors-2.1.9.tgz 0ms (cache hit)
1522 http cache object.entries@https://registry.npmjs.org/object.entries/-/object.entries-1.1.9.tgz 0ms (cache hit)
1523 http cache object.fromentries@https://registry.npmjs.org/object.fromentries/-/object.fromentries-2.0.8.tgz 0ms (cache hit)
1524 http cache object.assign@https://registry.npmjs.org/object.assign/-/object.assign-4.1.7.tgz 0ms (cache hit)
1525 http cache object-keys@https://registry.npmjs.org/object-keys/-/object-keys-1.1.1.tgz 0ms (cache hit)
1526 http cache object-hash@https://registry.npmjs.org/object-hash/-/object-hash-3.0.0.tgz 0ms (cache hit)
1527 http cache object-inspect@https://registry.npmjs.org/object-inspect/-/object-inspect-1.13.4.tgz 0ms (cache hit)
1528 http cache nwsapi@https://registry.npmjs.org/nwsapi/-/nwsapi-2.2.23.tgz 0ms (cache hit)
1529 http cache object-assign@https://registry.npmjs.org/object-assign/-/object-assign-4.1.1.tgz 0ms (cache hit)
1530 http cache nth-check@https://registry.npmjs.org/nth-check/-/nth-check-2.1.1.tgz 0ms (cache hit)
1531 http cache npm-run-path@https://registry.npmjs.org/npm-run-path/-/npm-run-path-4.0.1.tgz 0ms (cache hit)
1532 http cache normalize-url@https://registry.npmjs.org/normalize-url/-/normalize-url-6.1.0.tgz 0ms (cache hit)
1533 http cache normalize-range@https://registry.npmjs.org/normalize-range/-/normalize-range-0.1.2.tgz 0ms (cache hit)
1534 http cache normalize-path@https://registry.npmjs.org/normalize-path/-/normalize-path-3.0.0.tgz 0ms (cache hit)
1535 http cache node-releases@https://registry.npmjs.org/node-releases/-/node-releases-2.0.27.tgz 0ms (cache hit)
1536 http cache node-int64@https://registry.npmjs.org/node-int64/-/node-int64-0.4.0.tgz 0ms (cache hit)
1537 http cache node-forge@https://registry.npmjs.org/node-forge/-/node-forge-1.3.3.tgz 0ms (cache hit)
1538 http cache no-case@https://registry.npmjs.org/no-case/-/no-case-3.0.4.tgz 0ms (cache hit)
1539 http cache natural-compare-lite@https://registry.npmjs.org/natural-compare-lite/-/natural-compare-lite-1.4.0.tgz 0ms (cache hit)
1540 http cache negotiator@https://registry.npmjs.org/negotiator/-/negotiator-0.6.4.tgz 0ms (cache hit)
1541 http cache natural-compare@https://registry.npmjs.org/natural-compare/-/natural-compare-1.4.0.tgz 0ms (cache hit)
1542 http cache neo-async@https://registry.npmjs.org/neo-async/-/neo-async-2.6.2.tgz 0ms (cache hit)
1543 http cache nanoid@https://registry.npmjs.org/nanoid/-/nanoid-3.3.11.tgz 0ms (cache hit)
1544 http cache mz@https://registry.npmjs.org/mz/-/mz-2.7.0.tgz 0ms (cache hit)
1545 http cache ms@https://registry.npmjs.org/ms/-/ms-2.1.3.tgz 0ms (cache hit)
1546 http cache multicast-dns@https://registry.npmjs.org/multicast-dns/-/multicast-dns-7.2.5.tgz 0ms (cache hit)
1547 http cache mkdirp@https://registry.npmjs.org/mkdirp/-/mkdirp-0.5.6.tgz 0ms (cache hit)
1548 http cache minimist@https://registry.npmjs.org/minimist/-/minimist-1.2.8.tgz 0ms (cache hit)
1549 http cache min-indent@https://registry.npmjs.org/min-indent/-/min-indent-1.0.1.tgz 0ms (cache hit)
1550 http cache mini-css-extract-plugin@https://registry.npmjs.org/mini-css-extract-plugin/-/mini-css-extract-plugin-2.9.4.tgz 0ms (cache hit)
1551 http cache minimatch@https://registry.npmjs.org/minimatch/-/minimatch-3.1.2.tgz 0ms (cache hit)
1552 http cache minimalistic-assert@https://registry.npmjs.org/minimalistic-assert/-/minimalistic-assert-1.0.1.tgz 0ms (cache hit)
1553 http cache mime-db@https://registry.npmjs.org/mime-db/-/mime-db-1.52.0.tgz 0ms (cache hit)
1554 http cache mimic-fn@https://registry.npmjs.org/mimic-fn/-/mimic-fn-2.1.0.tgz 0ms (cache hit)
1555 http cache mime-types@https://registry.npmjs.org/mime-types/-/mime-types-2.1.35.tgz 0ms (cache hit)
1556 http cache mime@https://registry.npmjs.org/mime/-/mime-1.6.0.tgz 0ms (cache hit)
1557 http cache methods@https://registry.npmjs.org/methods/-/methods-1.1.2.tgz 0ms (cache hit)
1558 http cache merge-stream@https://registry.npmjs.org/merge-stream/-/merge-stream-2.0.0.tgz 0ms (cache hit)
1559 http cache merge-descriptors@https://registry.npmjs.org/merge-descriptors/-/merge-descriptors-1.0.3.tgz 0ms (cache hit)
1560 http cache memfs@https://registry.npmjs.org/memfs/-/memfs-3.5.3.tgz 0ms (cache hit)
1561 http cache merge2@https://registry.npmjs.org/merge2/-/merge2-1.4.1.tgz 0ms (cache hit)
1562 http cache media-typer@https://registry.npmjs.org/media-typer/-/media-typer-0.3.0.tgz 0ms (cache hit)
1563 http cache mdn-data@https://registry.npmjs.org/mdn-data/-/mdn-data-2.0.4.tgz 0ms (cache hit)
1564 http cache micromatch@https://registry.npmjs.org/micromatch/-/micromatch-4.0.8.tgz 0ms (cache hit)
1565 http cache makeerror@https://registry.npmjs.org/makeerror/-/makeerror-1.0.12.tgz 0ms (cache hit)
1566 http cache math-intrinsics@https://registry.npmjs.org/math-intrinsics/-/math-intrinsics-1.1.0.tgz 0ms (cache hit)
1567 http cache magic-string@https://registry.npmjs.org/magic-string/-/magic-string-0.25.9.tgz 0ms (cache hit)
1568 http cache make-dir@https://registry.npmjs.org/make-dir/-/make-dir-3.1.0.tgz 0ms (cache hit)
1569 http cache lru-cache@https://registry.npmjs.org/lru-cache/-/lru-cache-5.1.1.tgz 0ms (cache hit)
1570 http cache lz-string@https://registry.npmjs.org/lz-string/-/lz-string-1.5.0.tgz 0ms (cache hit)
1571 http cache lower-case@https://registry.npmjs.org/lower-case/-/lower-case-2.0.2.tgz 0ms (cache hit)
1572 http cache lodash.uniq@https://registry.npmjs.org/lodash.uniq/-/lodash.uniq-4.5.0.tgz 0ms (cache hit)
1573 http cache loose-envify@https://registry.npmjs.org/loose-envify/-/loose-envify-1.4.0.tgz 0ms (cache hit)
1574 http cache lodash.sortby@https://registry.npmjs.org/lodash.sortby/-/lodash.sortby-4.7.0.tgz 0ms (cache hit)
1575 http cache lodash.merge@https://registry.npmjs.org/lodash.merge/-/lodash.merge-4.6.2.tgz 0ms (cache hit)
1576 http cache lodash.debounce@https://registry.npmjs.org/lodash.debounce/-/lodash.debounce-4.0.8.tgz 0ms (cache hit)
1577 http cache lodash.memoize@https://registry.npmjs.org/lodash.memoize/-/lodash.memoize-4.1.2.tgz 0ms (cache hit)
1578 http cache lodash@https://registry.npmjs.org/lodash/-/lodash-4.17.21.tgz 0ms (cache hit)
1579 http cache locate-path@https://registry.npmjs.org/locate-path/-/locate-path-5.0.0.tgz 0ms (cache hit)
1580 http cache loader-utils@https://registry.npmjs.org/loader-utils/-/loader-utils-2.0.4.tgz 0ms (cache hit)
1581 http cache lines-and-columns@https://registry.npmjs.org/lines-and-columns/-/lines-and-columns-1.2.4.tgz 0ms (cache hit)
1582 http cache lilconfig@https://registry.npmjs.org/lilconfig/-/lilconfig-2.1.0.tgz 0ms (cache hit)
1583 http cache launch-editor@https://registry.npmjs.org/launch-editor/-/launch-editor-2.12.0.tgz 0ms (cache hit)
1584 http cache loader-runner@https://registry.npmjs.org/loader-runner/-/loader-runner-4.3.1.tgz 0ms (cache hit)
1585 http cache levn@https://registry.npmjs.org/levn/-/levn-0.4.1.tgz 0ms (cache hit)
1586 http cache leven@https://registry.npmjs.org/leven/-/leven-3.1.0.tgz 0ms (cache hit)
1587 http cache language-tags@https://registry.npmjs.org/language-tags/-/language-tags-1.0.9.tgz 0ms (cache hit)
1588 http cache language-subtag-registry@https://registry.npmjs.org/language-subtag-registry/-/language-subtag-registry-0.3.23.tgz 0ms (cache hit)
1589 http cache klona@https://registry.npmjs.org/klona/-/klona-2.0.6.tgz 0ms (cache hit)
1590 http cache kleur@https://registry.npmjs.org/kleur/-/kleur-3.0.3.tgz 0ms (cache hit)
1591 http cache kind-of@https://registry.npmjs.org/kind-of/-/kind-of-6.0.3.tgz 0ms (cache hit)
1592 http cache jsonpointer@https://registry.npmjs.org/jsonpointer/-/jsonpointer-5.0.1.tgz 0ms (cache hit)
1593 http cache jsonfile@https://registry.npmjs.org/jsonfile/-/jsonfile-6.2.0.tgz 0ms (cache hit)
1594 http cache jsx-ast-utils@https://registry.npmjs.org/jsx-ast-utils/-/jsx-ast-utils-3.3.5.tgz 0ms (cache hit)
1595 http cache jsonpath@https://registry.npmjs.org/jsonpath/-/jsonpath-1.1.1.tgz 0ms (cache hit)
1596 http cache keyv@https://registry.npmjs.org/keyv/-/keyv-4.5.4.tgz 0ms (cache hit)
1597 http cache json-stable-stringify-without-jsonify@https://registry.npmjs.org/json-stable-stringify-without-jsonify/-/json-stable-stringify-without-jsonify-1.0.1.tgz 0ms (cache hit)
1598 http cache json5@https://registry.npmjs.org/json5/-/json5-2.2.3.tgz 0ms (cache hit)
1599 http cache json-schema-traverse@https://registry.npmjs.org/json-schema-traverse/-/json-schema-traverse-0.4.1.tgz 0ms (cache hit)
1600 http cache json-buffer@https://registry.npmjs.org/json-buffer/-/json-buffer-3.0.1.tgz 0ms (cache hit)
1601 http cache json-parse-even-better-errors@https://registry.npmjs.org/json-parse-even-better-errors/-/json-parse-even-better-errors-2.3.1.tgz 0ms (cache hit)
1602 http cache jsesc@https://registry.npmjs.org/jsesc/-/jsesc-3.1.0.tgz 0ms (cache hit)
1603 http cache jsdom@https://registry.npmjs.org/jsdom/-/jsdom-16.7.0.tgz 0ms (cache hit)
1604 http cache json-schema@https://registry.npmjs.org/json-schema/-/json-schema-0.4.0.tgz 0ms (cache hit)
1605 http cache js-yaml@https://registry.npmjs.org/js-yaml/-/js-yaml-3.14.2.tgz 0ms (cache hit)
1606 http cache jiti@https://registry.npmjs.org/jiti/-/jiti-1.21.7.tgz 0ms (cache hit)
1607 http cache js-tokens@https://registry.npmjs.org/js-tokens/-/js-tokens-4.0.0.tgz 0ms (cache hit)
1608 http cache jest-watcher@https://registry.npmjs.org/jest-watcher/-/jest-watcher-27.5.1.tgz 0ms (cache hit)
1609 http cache jest-worker@https://registry.npmjs.org/jest-worker/-/jest-worker-27.5.1.tgz 0ms (cache hit)
1610 http cache jest-watch-typeahead@https://registry.npmjs.org/jest-watch-typeahead/-/jest-watch-typeahead-1.1.0.tgz 0ms (cache hit)
1611 http cache jest-util@https://registry.npmjs.org/jest-util/-/jest-util-27.5.1.tgz 0ms (cache hit)
1612 http cache jest-validate@https://registry.npmjs.org/jest-validate/-/jest-validate-27.5.1.tgz 0ms (cache hit)
1613 http cache jest-serializer@https://registry.npmjs.org/jest-serializer/-/jest-serializer-27.5.1.tgz 0ms (cache hit)
1614 http cache jest-snapshot@https://registry.npmjs.org/jest-snapshot/-/jest-snapshot-27.5.1.tgz 0ms (cache hit)
1615 http cache jest-runner@https://registry.npmjs.org/jest-runner/-/jest-runner-27.5.1.tgz 0ms (cache hit)
1616 http cache jest-resolve-dependencies@https://registry.npmjs.org/jest-resolve-dependencies/-/jest-resolve-dependencies-27.5.1.tgz 0ms (cache hit)
1617 http cache jest-regex-util@https://registry.npmjs.org/jest-regex-util/-/jest-regex-util-27.5.1.tgz 0ms (cache hit)
1618 http cache jest-runtime@https://registry.npmjs.org/jest-runtime/-/jest-runtime-27.5.1.tgz 0ms (cache hit)
1619 http cache jest-resolve@https://registry.npmjs.org/jest-resolve/-/jest-resolve-27.5.1.tgz 0ms (cache hit)
1620 http cache jest-pnp-resolver@https://registry.npmjs.org/jest-pnp-resolver/-/jest-pnp-resolver-1.2.3.tgz 0ms (cache hit)
1621 http cache jest-message-util@https://registry.npmjs.org/jest-message-util/-/jest-message-util-27.5.1.tgz 0ms (cache hit)
1622 http cache jest-matcher-utils@https://registry.npmjs.org/jest-matcher-utils/-/jest-matcher-utils-27.5.1.tgz 0ms (cache hit)
1623 http cache jest-mock@https://registry.npmjs.org/jest-mock/-/jest-mock-27.5.1.tgz 0ms (cache hit)
1624 http cache jest-leak-detector@https://registry.npmjs.org/jest-leak-detector/-/jest-leak-detector-27.5.1.tgz 0ms (cache hit)
1625 http cache jest-haste-map@https://registry.npmjs.org/jest-haste-map/-/jest-haste-map-27.5.1.tgz 0ms (cache hit)
1626 http cache jest-jasmine2@https://registry.npmjs.org/jest-jasmine2/-/jest-jasmine2-27.5.1.tgz 0ms (cache hit)
1627 http cache jest-environment-node@https://registry.npmjs.org/jest-environment-node/-/jest-environment-node-27.5.1.tgz 0ms (cache hit)
1628 http cache jest-get-type@https://registry.npmjs.org/jest-get-type/-/jest-get-type-27.5.1.tgz 0ms (cache hit)
1629 http cache jest-environment-jsdom@https://registry.npmjs.org/jest-environment-jsdom/-/jest-environment-jsdom-27.5.1.tgz 0ms (cache hit)
1630 http cache jest-each@https://registry.npmjs.org/jest-each/-/jest-each-27.5.1.tgz 0ms (cache hit)
1631 http cache jest-cli@https://registry.npmjs.org/jest-cli/-/jest-cli-27.5.1.tgz 0ms (cache hit)
1632 http cache jest-docblock@https://registry.npmjs.org/jest-docblock/-/jest-docblock-27.5.1.tgz 0ms (cache hit)
1633 http cache jest@https://registry.npmjs.org/jest/-/jest-27.5.1.tgz 0ms (cache hit)
1634 http cache jest-circus@https://registry.npmjs.org/jest-circus/-/jest-circus-27.5.1.tgz 0ms (cache hit)
1635 http cache jest-config@https://registry.npmjs.org/jest-config/-/jest-config-27.5.1.tgz 0ms (cache hit)
1636 http cache jest-changed-files@https://registry.npmjs.org/jest-changed-files/-/jest-changed-files-27.5.1.tgz 0ms (cache hit)
1637 http cache jest-diff@https://registry.npmjs.org/jest-diff/-/jest-diff-27.5.1.tgz 0ms (cache hit)
1638 http cache iterator.prototype@https://registry.npmjs.org/iterator.prototype/-/iterator.prototype-1.1.5.tgz 0ms (cache hit)
1639 http cache istanbul-reports@https://registry.npmjs.org/istanbul-reports/-/istanbul-reports-3.2.0.tgz 0ms (cache hit)
1640 http cache jake@https://registry.npmjs.org/jake/-/jake-10.9.4.tgz 0ms (cache hit)
1641 http cache istanbul-lib-source-maps@https://registry.npmjs.org/istanbul-lib-source-maps/-/istanbul-lib-source-maps-4.0.1.tgz 0ms (cache hit)
1642 http cache istanbul-lib-report@https://registry.npmjs.org/istanbul-lib-report/-/istanbul-lib-report-3.0.1.tgz 1ms (cache hit)
1643 http cache isexe@https://registry.npmjs.org/isexe/-/isexe-2.0.0.tgz 0ms (cache hit)
1644 http cache istanbul-lib-instrument@https://registry.npmjs.org/istanbul-lib-instrument/-/istanbul-lib-instrument-5.2.1.tgz 0ms (cache hit)
1645 http cache istanbul-lib-coverage@https://registry.npmjs.org/istanbul-lib-coverage/-/istanbul-lib-coverage-3.2.2.tgz 0ms (cache hit)
1646 http cache is-wsl@https://registry.npmjs.org/is-wsl/-/is-wsl-2.2.0.tgz 0ms (cache hit)
1647 http cache isarray@https://registry.npmjs.org/isarray/-/isarray-2.0.5.tgz 0ms (cache hit)
1648 http cache is-typedarray@https://registry.npmjs.org/is-typedarray/-/is-typedarray-1.0.0.tgz 0ms (cache hit)
1649 http cache is-weakset@https://registry.npmjs.org/is-weakset/-/is-weakset-2.0.4.tgz 0ms (cache hit)
1650 http cache is-weakmap@https://registry.npmjs.org/is-weakmap/-/is-weakmap-2.0.2.tgz 0ms (cache hit)
1651 http cache is-typed-array@https://registry.npmjs.org/is-typed-array/-/is-typed-array-1.1.15.tgz 0ms (cache hit)
1652 http cache is-string@https://registry.npmjs.org/is-string/-/is-string-1.1.1.tgz 0ms (cache hit)
1653 http cache is-weakref@https://registry.npmjs.org/is-weakref/-/is-weakref-1.1.1.tgz 0ms (cache hit)
1654 http cache is-symbol@https://registry.npmjs.org/is-symbol/-/is-symbol-1.1.1.tgz 0ms (cache hit)
1655 http cache is-stream@https://registry.npmjs.org/is-stream/-/is-stream-2.0.1.tgz 0ms (cache hit)
1656 http cache is-shared-array-buffer@https://registry.npmjs.org/is-shared-array-buffer/-/is-shared-array-buffer-1.0.4.tgz 0ms (cache hit)
1657 http cache is-root@https://registry.npmjs.org/is-root/-/is-root-2.1.0.tgz 0ms (cache hit)
1658 http cache is-set@https://registry.npmjs.org/is-set/-/is-set-2.0.3.tgz 0ms (cache hit)
1659 http cache is-regex@https://registry.npmjs.org/is-regex/-/is-regex-1.2.1.tgz 0ms (cache hit)
1660 http cache is-plain-obj@https://registry.npmjs.org/is-plain-obj/-/is-plain-obj-3.0.0.tgz 0ms (cache hit)
1661 http cache is-regexp@https://registry.npmjs.org/is-regexp/-/is-regexp-1.0.0.tgz 0ms (cache hit)
1662 http cache is-potential-custom-element-name@https://registry.npmjs.org/is-potential-custom-element-name/-/is-potential-custom-element-name-1.0.1.tgz 0ms (cache hit)
1663 http cache is-path-inside@https://registry.npmjs.org/is-path-inside/-/is-path-inside-3.0.3.tgz 0ms (cache hit)
1664 http cache is-obj@https://registry.npmjs.org/is-obj/-/is-obj-1.0.1.tgz 0ms (cache hit)
1665 http cache is-number@https://registry.npmjs.org/is-number/-/is-number-7.0.0.tgz 0ms (cache hit)
1666 http cache is-module@https://registry.npmjs.org/is-module/-/is-module-1.0.0.tgz 0ms (cache hit)
1667 http cache is-negative-zero@https://registry.npmjs.org/is-negative-zero/-/is-negative-zero-2.0.3.tgz 0ms (cache hit)
1668 http cache is-number-object@https://registry.npmjs.org/is-number-object/-/is-number-object-1.1.1.tgz 0ms (cache hit)
1669 http cache is-generator-function@https://registry.npmjs.org/is-generator-function/-/is-generator-function-1.1.2.tgz 0ms (cache hit)
1670 http cache is-generator-fn@https://registry.npmjs.org/is-generator-fn/-/is-generator-fn-2.1.0.tgz 0ms (cache hit)
1671 http cache is-glob@https://registry.npmjs.org/is-glob/-/is-glob-4.0.3.tgz 0ms (cache hit)
1672 http cache is-extglob@https://registry.npmjs.org/is-extglob/-/is-extglob-2.1.1.tgz 0ms (cache hit)
1673 http cache is-date-object@https://registry.npmjs.org/is-date-object/-/is-date-object-1.1.0.tgz 0ms (cache hit)
1674 http cache is-map@https://registry.npmjs.org/is-map/-/is-map-2.0.3.tgz 0ms (cache hit)
1675 http cache is-docker@https://registry.npmjs.org/is-docker/-/is-docker-2.2.1.tgz 0ms (cache hit)
1676 http cache is-data-view@https://registry.npmjs.org/is-data-view/-/is-data-view-1.0.2.tgz 0ms (cache hit)
1677 http cache is-core-module@https://registry.npmjs.org/is-core-module/-/is-core-module-2.16.1.tgz 0ms (cache hit)
1678 http cache is-finalizationregistry@https://registry.npmjs.org/is-finalizationregistry/-/is-finalizationregistry-1.1.1.tgz 0ms (cache hit)
1679 http cache is-boolean-object@https://registry.npmjs.org/is-boolean-object/-/is-boolean-object-1.2.2.tgz 0ms (cache hit)
1680 http cache is-callable@https://registry.npmjs.org/is-callable/-/is-callable-1.2.7.tgz 0ms (cache hit)
1681 http cache is-fullwidth-code-point@https://registry.npmjs.org/is-fullwidth-code-point/-/is-fullwidth-code-point-3.0.0.tgz 0ms (cache hit)
1682 http cache is-binary-path@https://registry.npmjs.org/is-binary-path/-/is-binary-path-2.1.0.tgz 0ms (cache hit)
1683 http cache is-bigint@https://registry.npmjs.org/is-bigint/-/is-bigint-1.1.0.tgz 0ms (cache hit)
1684 http cache is-array-buffer@https://registry.npmjs.org/is-array-buffer/-/is-array-buffer-3.0.5.tgz 0ms (cache hit)
1685 http cache is-async-function@https://registry.npmjs.org/is-async-function/-/is-async-function-2.1.1.tgz 0ms (cache hit)
1686 http cache ipaddr.js@https://registry.npmjs.org/ipaddr.js/-/ipaddr.js-2.3.0.tgz 0ms (cache hit)
1687 http cache is-arrayish@https://registry.npmjs.org/is-arrayish/-/is-arrayish-0.2.1.tgz 0ms (cache hit)
1688 http cache inherits@https://registry.npmjs.org/inherits/-/inherits-2.0.4.tgz 0ms (cache hit)
1689 http cache internal-slot@https://registry.npmjs.org/internal-slot/-/internal-slot-1.1.0.tgz 0ms (cache hit)
1690 http cache indent-string@https://registry.npmjs.org/indent-string/-/indent-string-4.0.0.tgz 0ms (cache hit)
1691 http cache import-fresh@https://registry.npmjs.org/import-fresh/-/import-fresh-3.3.1.tgz 0ms (cache hit)
1692 http cache ini@https://registry.npmjs.org/ini/-/ini-1.3.8.tgz 0ms (cache hit)
1693 http cache import-local@https://registry.npmjs.org/import-local/-/import-local-3.2.0.tgz 0ms (cache hit)
1694 http cache imurmurhash@https://registry.npmjs.org/imurmurhash/-/imurmurhash-0.1.4.tgz 0ms (cache hit)
1695 http cache ignore@https://registry.npmjs.org/ignore/-/ignore-5.3.2.tgz 0ms (cache hit)
1696 http cache inflight@https://registry.npmjs.org/inflight/-/inflight-1.0.6.tgz 0ms (cache hit)
1697 http cache immer@https://registry.npmjs.org/immer/-/immer-9.0.21.tgz 0ms (cache hit)
1698 http cache identity-obj-proxy@https://registry.npmjs.org/identity-obj-proxy/-/identity-obj-proxy-3.0.0.tgz 0ms (cache hit)
1699 http cache https-proxy-agent@https://registry.npmjs.org/https-proxy-agent/-/https-proxy-agent-5.0.1.tgz 0ms (cache hit)
1700 http cache icss-utils@https://registry.npmjs.org/icss-utils/-/icss-utils-5.1.0.tgz 0ms (cache hit)
1701 http cache http-proxy-middleware@https://registry.npmjs.org/http-proxy-middleware/-/http-proxy-middleware-2.0.9.tgz 0ms (cache hit)
1702 http cache human-signals@https://registry.npmjs.org/human-signals/-/human-signals-2.1.0.tgz 0ms (cache hit)
1703 http cache idb@https://registry.npmjs.org/idb/-/idb-7.1.1.tgz 0ms (cache hit)
1704 http cache http-proxy-agent@https://registry.npmjs.org/http-proxy-agent/-/http-proxy-agent-4.0.1.tgz 0ms (cache hit)
1705 http cache http-parser-js@https://registry.npmjs.org/http-parser-js/-/http-parser-js-0.5.10.tgz 0ms (cache hit)
1706 http cache iconv-lite@https://registry.npmjs.org/iconv-lite/-/iconv-lite-0.6.3.tgz 0ms (cache hit)
1707 http cache http-deceiver@https://registry.npmjs.org/http-deceiver/-/http-deceiver-1.2.7.tgz 0ms (cache hit)
1708 http cache http-errors@https://registry.npmjs.org/http-errors/-/http-errors-2.0.1.tgz 0ms (cache hit)
1709 http cache http-proxy@https://registry.npmjs.org/http-proxy/-/http-proxy-1.18.1.tgz 0ms (cache hit)
1710 http cache htmlparser2@https://registry.npmjs.org/htmlparser2/-/htmlparser2-6.1.0.tgz 0ms (cache hit)
1711 http cache html-minifier-terser@https://registry.npmjs.org/html-minifier-terser/-/html-minifier-terser-6.1.0.tgz 0ms (cache hit)
1712 http cache html-webpack-plugin@https://registry.npmjs.org/html-webpack-plugin/-/html-webpack-plugin-5.6.5.tgz 0ms (cache hit)
1713 http cache html-escaper@https://registry.npmjs.org/html-escaper/-/html-escaper-2.0.2.tgz 0ms (cache hit)
1714 http cache html-encoding-sniffer@https://registry.npmjs.org/html-encoding-sniffer/-/html-encoding-sniffer-2.0.1.tgz 0ms (cache hit)
1715 http cache hoopy@https://registry.npmjs.org/hoopy/-/hoopy-0.1.4.tgz 0ms (cache hit)
1716 http cache hpack.js@https://registry.npmjs.org/hpack.js/-/hpack.js-2.1.6.tgz 0ms (cache hit)
1717 http cache hasown@https://registry.npmjs.org/hasown/-/hasown-2.0.2.tgz 0ms (cache hit)
1718 http cache he@https://registry.npmjs.org/he/-/he-1.2.0.tgz 0ms (cache hit)
1719 http cache has-tostringtag@https://registry.npmjs.org/has-tostringtag/-/has-tostringtag-1.0.2.tgz 0ms (cache hit)
1720 http cache has-symbols@https://registry.npmjs.org/has-symbols/-/has-symbols-1.1.0.tgz 0ms (cache hit)
1721 http cache has-property-descriptors@https://registry.npmjs.org/has-property-descriptors/-/has-property-descriptors-1.0.2.tgz 0ms (cache hit)
1722 http cache has-bigints@https://registry.npmjs.org/has-bigints/-/has-bigints-1.1.0.tgz 0ms (cache hit)
1723 http cache has-proto@https://registry.npmjs.org/has-proto/-/has-proto-1.2.0.tgz 0ms (cache hit)
1724 http cache has-flag@https://registry.npmjs.org/has-flag/-/has-flag-4.0.0.tgz 0ms (cache hit)
1725 http cache gzip-size@https://registry.npmjs.org/gzip-size/-/gzip-size-6.0.0.tgz 0ms (cache hit)
1726 http cache harmony-reflect@https://registry.npmjs.org/harmony-reflect/-/harmony-reflect-1.6.2.tgz 0ms (cache hit)
1727 http cache handle-thing@https://registry.npmjs.org/handle-thing/-/handle-thing-2.0.1.tgz 0ms (cache hit)
1728 http cache graceful-fs@https://registry.npmjs.org/graceful-fs/-/graceful-fs-4.2.11.tgz 0ms (cache hit)
1729 http cache graphemer@https://registry.npmjs.org/graphemer/-/graphemer-1.4.0.tgz 0ms (cache hit)
1730 http cache html-entities@https://registry.npmjs.org/html-entities/-/html-entities-2.6.0.tgz 0ms (cache hit)
1731 http cache globalthis@https://registry.npmjs.org/globalthis/-/globalthis-1.0.4.tgz 0ms (cache hit)
1732 http cache gopd@https://registry.npmjs.org/gopd/-/gopd-1.2.0.tgz 0ms (cache hit)
1733 http cache global-prefix@https://registry.npmjs.org/global-prefix/-/global-prefix-3.0.0.tgz 0ms (cache hit)
1734 http cache globby@https://registry.npmjs.org/globby/-/globby-11.1.0.tgz 0ms (cache hit)
1735 http cache global-modules@https://registry.npmjs.org/global-modules/-/global-modules-2.0.0.tgz 0ms (cache hit)
1736 http cache glob-to-regexp@https://registry.npmjs.org/glob-to-regexp/-/glob-to-regexp-0.4.1.tgz 0ms (cache hit)
1737 http cache globals@https://registry.npmjs.org/globals/-/globals-13.24.0.tgz 0ms (cache hit)
1738 http cache glob-parent@https://registry.npmjs.org/glob-parent/-/glob-parent-6.0.2.tgz 0ms (cache hit)
1739 http cache glob@https://registry.npmjs.org/glob/-/glob-7.2.3.tgz 0ms (cache hit)
1740 http cache get-stream@https://registry.npmjs.org/get-stream/-/get-stream-6.0.1.tgz 0ms (cache hit)
1741 http cache get-symbol-description@https://registry.npmjs.org/get-symbol-description/-/get-symbol-description-1.1.0.tgz 0ms (cache hit)
1742 http cache get-package-type@https://registry.npmjs.org/get-package-type/-/get-package-type-0.1.0.tgz 0ms (cache hit)
1743 http cache get-own-enumerable-property-symbols@https://registry.npmjs.org/get-own-enumerable-property-symbols/-/get-own-enumerable-property-symbols-3.0.2.tgz 0ms (cache hit)
1744 http cache get-intrinsic@https://registry.npmjs.org/get-intrinsic/-/get-intrinsic-1.3.0.tgz 0ms (cache hit)
1745 http cache get-caller-file@https://registry.npmjs.org/get-caller-file/-/get-caller-file-2.0.5.tgz 0ms (cache hit)
1746 http cache gensync@https://registry.npmjs.org/gensync/-/gensync-1.0.0-beta.2.tgz 0ms (cache hit)
1747 http cache function.prototype.name@https://registry.npmjs.org/function.prototype.name/-/function.prototype.name-1.1.8.tgz 0ms (cache hit)
1748 http cache get-proto@https://registry.npmjs.org/get-proto/-/get-proto-1.0.1.tgz 0ms (cache hit)
1749 http cache function-bind@https://registry.npmjs.org/function-bind/-/function-bind-1.1.2.tgz 0ms (cache hit)
1750 http cache fs.realpath@https://registry.npmjs.org/fs.realpath/-/fs.realpath-1.0.0.tgz 0ms (cache hit)
1751 http cache generator-function@https://registry.npmjs.org/generator-function/-/generator-function-2.0.1.tgz 0ms (cache hit)
1752 http cache fs-extra@https://registry.npmjs.org/fs-extra/-/fs-extra-10.1.0.tgz 0ms (cache hit)
1753 http cache functions-have-names@https://registry.npmjs.org/functions-have-names/-/functions-have-names-1.2.3.tgz 0ms (cache hit)
1754 http cache fresh@https://registry.npmjs.org/fresh/-/fresh-0.5.2.tgz 0ms (cache hit)
1755 http cache fs-monkey@https://registry.npmjs.org/fs-monkey/-/fs-monkey-1.1.0.tgz 0ms (cache hit)
1756 http cache forwarded@https://registry.npmjs.org/forwarded/-/forwarded-0.2.0.tgz 0ms (cache hit)
1757 http cache form-data@https://registry.npmjs.org/form-data/-/form-data-3.0.4.tgz 0ms (cache hit)
1758 http cache fraction.js@https://registry.npmjs.org/fraction.js/-/fraction.js-5.3.4.tgz 0ms (cache hit)
1759 http cache fork-ts-checker-webpack-plugin@https://registry.npmjs.org/fork-ts-checker-webpack-plugin/-/fork-ts-checker-webpack-plugin-6.5.3.tgz 0ms (cache hit)
1760 http cache for-each@https://registry.npmjs.org/for-each/-/for-each-0.3.5.tgz 0ms (cache hit)
1761 http cache follow-redirects@https://registry.npmjs.org/follow-redirects/-/follow-redirects-1.15.11.tgz 0ms (cache hit)
1762 http cache flatted@https://registry.npmjs.org/flatted/-/flatted-3.3.3.tgz 0ms (cache hit)
1763 http cache flat-cache@https://registry.npmjs.org/flat-cache/-/flat-cache-3.2.0.tgz 0ms (cache hit)
1764 http cache find-cache-dir@https://registry.npmjs.org/find-cache-dir/-/find-cache-dir-3.3.2.tgz 0ms (cache hit)
1765 http cache find-up@https://registry.npmjs.org/find-up/-/find-up-4.1.0.tgz 0ms (cache hit)
1766 http cache finalhandler@https://registry.npmjs.org/finalhandler/-/finalhandler-1.3.2.tgz 0ms (cache hit)
1767 http cache filelist@https://registry.npmjs.org/filelist/-/filelist-1.0.4.tgz 0ms (cache hit)
1768 http cache fill-range@https://registry.npmjs.org/fill-range/-/fill-range-7.1.1.tgz 0ms (cache hit)
1769 http cache filesize@https://registry.npmjs.org/filesize/-/filesize-8.0.7.tgz 0ms (cache hit)
1770 http cache file-entry-cache@https://registry.npmjs.org/file-entry-cache/-/file-entry-cache-6.0.1.tgz 0ms (cache hit)
1771 http cache file-loader@https://registry.npmjs.org/file-loader/-/file-loader-6.2.0.tgz 0ms (cache hit)
1772 http cache faye-websocket@https://registry.npmjs.org/faye-websocket/-/faye-websocket-0.11.4.tgz 0ms (cache hit)
1773 http cache fastq@https://registry.npmjs.org/fastq/-/fastq-1.19.1.tgz 0ms (cache hit)
1774 http cache fb-watchman@https://registry.npmjs.org/fb-watchman/-/fb-watchman-2.0.2.tgz 0ms (cache hit)
1775 http cache fast-levenshtein@https://registry.npmjs.org/fast-levenshtein/-/fast-levenshtein-2.0.6.tgz 0ms (cache hit)
1776 http cache fast-glob@https://registry.npmjs.org/fast-glob/-/fast-glob-3.3.3.tgz 0ms (cache hit)
1777 http cache fast-uri@https://registry.npmjs.org/fast-uri/-/fast-uri-3.1.0.tgz 0ms (cache hit)
1778 http cache express@https://registry.npmjs.org/express/-/express-4.22.1.tgz 0ms (cache hit)
1779 http cache fast-deep-equal@https://registry.npmjs.org/fast-deep-equal/-/fast-deep-equal-3.1.3.tgz 0ms (cache hit)
1780 http cache expect@https://registry.npmjs.org/expect/-/expect-27.5.1.tgz 0ms (cache hit)
1781 http cache exit@https://registry.npmjs.org/exit/-/exit-0.1.2.tgz 0ms (cache hit)
1782 http cache execa@https://registry.npmjs.org/execa/-/execa-5.1.1.tgz 0ms (cache hit)
1783 http cache fast-json-stable-stringify@https://registry.npmjs.org/fast-json-stable-stringify/-/fast-json-stable-stringify-2.1.0.tgz 0ms (cache hit)
1784 http cache events@https://registry.npmjs.org/events/-/events-3.3.0.tgz 0ms (cache hit)
1785 http cache etag@https://registry.npmjs.org/etag/-/etag-1.8.1.tgz 0ms (cache hit)
1786 http cache eventemitter3@https://registry.npmjs.org/eventemitter3/-/eventemitter3-4.0.7.tgz 0ms (cache hit)
1787 http cache esutils@https://registry.npmjs.org/esutils/-/esutils-2.0.3.tgz 0ms (cache hit)
1788 http cache estraverse@https://registry.npmjs.org/estraverse/-/estraverse-5.3.0.tgz 0ms (cache hit)
1789 http cache estree-walker@https://registry.npmjs.org/estree-walker/-/estree-walker-1.0.1.tgz 0ms (cache hit)
1790 http cache esrecurse@https://registry.npmjs.org/esrecurse/-/esrecurse-4.3.0.tgz 0ms (cache hit)
1791 http cache esprima@https://registry.npmjs.org/esprima/-/esprima-4.0.1.tgz 0ms (cache hit)
1792 http cache eslint-visitor-keys@https://registry.npmjs.org/eslint-visitor-keys/-/eslint-visitor-keys-3.4.3.tgz 0ms (cache hit)
1793 http cache esquery@https://registry.npmjs.org/esquery/-/esquery-1.6.0.tgz 0ms (cache hit)
1794 http cache espree@https://registry.npmjs.org/espree/-/espree-9.6.1.tgz 0ms (cache hit)
1795 http cache eslint-plugin-testing-library@https://registry.npmjs.org/eslint-plugin-testing-library/-/eslint-plugin-testing-library-5.11.1.tgz 0ms (cache hit)
1796 http cache eslint-scope@https://registry.npmjs.org/eslint-scope/-/eslint-scope-7.2.2.tgz 0ms (cache hit)
1797 http cache eslint-webpack-plugin@https://registry.npmjs.org/eslint-webpack-plugin/-/eslint-webpack-plugin-3.2.0.tgz 0ms (cache hit)
1798 http cache eslint-plugin-react-hooks@https://registry.npmjs.org/eslint-plugin-react-hooks/-/eslint-plugin-react-hooks-4.6.2.tgz 0ms (cache hit)
1799 http cache eslint-plugin-react@https://registry.npmjs.org/eslint-plugin-react/-/eslint-plugin-react-7.37.5.tgz 0ms (cache hit)
1800 http cache eslint-plugin-jsx-a11y@https://registry.npmjs.org/eslint-plugin-jsx-a11y/-/eslint-plugin-jsx-a11y-6.10.2.tgz 0ms (cache hit)
1801 http cache eslint-plugin-jest@https://registry.npmjs.org/eslint-plugin-jest/-/eslint-plugin-jest-25.7.0.tgz 0ms (cache hit)
1802 http cache eslint-plugin-import@https://registry.npmjs.org/eslint-plugin-import/-/eslint-plugin-import-2.32.0.tgz 0ms (cache hit)
1803 http cache eslint-module-utils@https://registry.npmjs.org/eslint-module-utils/-/eslint-module-utils-2.12.1.tgz 0ms (cache hit)
1804 http cache eslint-plugin-flowtype@https://registry.npmjs.org/eslint-plugin-flowtype/-/eslint-plugin-flowtype-8.0.3.tgz 0ms (cache hit)
1805 http cache eslint-import-resolver-node@https://registry.npmjs.org/eslint-import-resolver-node/-/eslint-import-resolver-node-0.3.9.tgz 0ms (cache hit)
1806 http cache eslint-config-react-app@https://registry.npmjs.org/eslint-config-react-app/-/eslint-config-react-app-7.0.1.tgz 0ms (cache hit)
1807 http cache eslint@https://registry.npmjs.org/eslint/-/eslint-8.57.1.tgz 0ms (cache hit)
1808 http cache escodegen@https://registry.npmjs.org/escodegen/-/escodegen-2.1.0.tgz 0ms (cache hit)
1809 http cache escape-string-regexp@https://registry.npmjs.org/escape-string-regexp/-/escape-string-regexp-4.0.0.tgz 0ms (cache hit)
1810 http cache escalade@https://registry.npmjs.org/escalade/-/escalade-3.2.0.tgz 0ms (cache hit)
1811 http cache escape-html@https://registry.npmjs.org/escape-html/-/escape-html-1.0.3.tgz 0ms (cache hit)
1812 http cache es-to-primitive@https://registry.npmjs.org/es-to-primitive/-/es-to-primitive-1.3.0.tgz 0ms (cache hit)
1813 http cache es-set-tostringtag@https://registry.npmjs.org/es-set-tostringtag/-/es-set-tostringtag-2.1.0.tgz 0ms (cache hit)
1814 http cache es-shim-unscopables@https://registry.npmjs.org/es-shim-unscopables/-/es-shim-unscopables-1.1.0.tgz 0ms (cache hit)
1815 http cache es-iterator-helpers@https://registry.npmjs.org/es-iterator-helpers/-/es-iterator-helpers-1.2.1.tgz 0ms (cache hit)
1816 http cache es-errors@https://registry.npmjs.org/es-errors/-/es-errors-1.3.0.tgz 0ms (cache hit)
1817 http cache es-object-atoms@https://registry.npmjs.org/es-object-atoms/-/es-object-atoms-1.1.1.tgz 0ms (cache hit)
1818 http cache es-module-lexer@https://registry.npmjs.org/es-module-lexer/-/es-module-lexer-1.7.0.tgz 0ms (cache hit)
1819 http cache es-array-method-boxes-properly@https://registry.npmjs.org/es-array-method-boxes-properly/-/es-array-method-boxes-properly-1.0.0.tgz 0ms (cache hit)
1820 http cache es-define-property@https://registry.npmjs.org/es-define-property/-/es-define-property-1.0.1.tgz 0ms (cache hit)
1821 http cache error-stack-parser@https://registry.npmjs.org/error-stack-parser/-/error-stack-parser-2.1.4.tgz 0ms (cache hit)
1822 http cache es-abstract@https://registry.npmjs.org/es-abstract/-/es-abstract-1.24.0.tgz 0ms (cache hit)
1823 http cache error-ex@https://registry.npmjs.org/error-ex/-/error-ex-1.3.4.tgz 0ms (cache hit)
1824 http cache encodeurl@https://registry.npmjs.org/encodeurl/-/encodeurl-2.0.0.tgz 0ms (cache hit)
1825 http cache entities@https://registry.npmjs.org/entities/-/entities-2.2.0.tgz 0ms (cache hit)
1826 http cache enhanced-resolve@https://registry.npmjs.org/enhanced-resolve/-/enhanced-resolve-5.18.4.tgz 0ms (cache hit)
1827 http cache electron-to-chromium@https://registry.npmjs.org/electron-to-chromium/-/electron-to-chromium-1.5.267.tgz 0ms (cache hit)
1828 http cache emoji-regex@https://registry.npmjs.org/emoji-regex/-/emoji-regex-9.2.2.tgz 0ms (cache hit)
1829 http cache emittery@https://registry.npmjs.org/emittery/-/emittery-0.8.1.tgz 0ms (cache hit)
1830 http cache ejs@https://registry.npmjs.org/ejs/-/ejs-3.1.10.tgz 0ms (cache hit)
1831 http cache emojis-list@https://registry.npmjs.org/emojis-list/-/emojis-list-3.0.0.tgz 0ms (cache hit)
1832 http cache ee-first@https://registry.npmjs.org/ee-first/-/ee-first-1.1.1.tgz 0ms (cache hit)
1833 http cache dunder-proto@https://registry.npmjs.org/dunder-proto/-/dunder-proto-1.0.1.tgz 0ms (cache hit)
1834 http cache duplexer@https://registry.npmjs.org/duplexer/-/duplexer-0.1.2.tgz 0ms (cache hit)
1835 http cache dotenv-expand@https://registry.npmjs.org/dotenv-expand/-/dotenv-expand-5.1.0.tgz 0ms (cache hit)
1836 http cache domutils@https://registry.npmjs.org/domutils/-/domutils-2.8.0.tgz 0ms (cache hit)
1837 http cache dotenv@https://registry.npmjs.org/dotenv/-/dotenv-10.0.0.tgz 0ms (cache hit)
1838 http cache domexception@https://registry.npmjs.org/domexception/-/domexception-2.0.1.tgz 0ms (cache hit)
1839 http cache domhandler@https://registry.npmjs.org/domhandler/-/domhandler-4.3.1.tgz 0ms (cache hit)
1840 http cache dom-serializer@https://registry.npmjs.org/dom-serializer/-/dom-serializer-1.4.1.tgz 0ms (cache hit)
1841 http cache dot-case@https://registry.npmjs.org/dot-case/-/dot-case-3.0.4.tgz 0ms (cache hit)
1842 http cache domelementtype@https://registry.npmjs.org/domelementtype/-/domelementtype-2.3.0.tgz 0ms (cache hit)
1843 http cache dom-converter@https://registry.npmjs.org/dom-converter/-/dom-converter-0.2.0.tgz 0ms (cache hit)
1844 http cache dom-accessibility-api@https://registry.npmjs.org/dom-accessibility-api/-/dom-accessibility-api-0.5.16.tgz 0ms (cache hit)
1845 http cache doctrine@https://registry.npmjs.org/doctrine/-/doctrine-3.0.0.tgz 0ms (cache hit)
1846 http cache dir-glob@https://registry.npmjs.org/dir-glob/-/dir-glob-3.0.1.tgz 0ms (cache hit)
1847 http cache dns-packet@https://registry.npmjs.org/dns-packet/-/dns-packet-5.6.1.tgz 0ms (cache hit)
1848 http cache dlv@https://registry.npmjs.org/dlv/-/dlv-1.1.3.tgz 0ms (cache hit)
1849 http cache didyoumean@https://registry.npmjs.org/didyoumean/-/didyoumean-1.2.2.tgz 0ms (cache hit)
1850 http cache diff-sequences@https://registry.npmjs.org/diff-sequences/-/diff-sequences-27.5.1.tgz 0ms (cache hit)
1851 http cache detect-node@https://registry.npmjs.org/detect-node/-/detect-node-2.1.0.tgz 0ms (cache hit)
1852 http cache detect-port-alt@https://registry.npmjs.org/detect-port-alt/-/detect-port-alt-1.1.6.tgz 0ms (cache hit)
1853 http cache detect-newline@https://registry.npmjs.org/detect-newline/-/detect-newline-3.1.0.tgz 0ms (cache hit)
1854 http cache dequal@https://registry.npmjs.org/dequal/-/dequal-2.0.3.tgz 0ms (cache hit)
1855 http cache depd@https://registry.npmjs.org/depd/-/depd-2.0.0.tgz 0ms (cache hit)
1856 http cache delayed-stream@https://registry.npmjs.org/delayed-stream/-/delayed-stream-1.0.0.tgz 0ms (cache hit)
1857 http cache destroy@https://registry.npmjs.org/destroy/-/destroy-1.2.0.tgz 0ms (cache hit)
1858 http cache define-properties@https://registry.npmjs.org/define-properties/-/define-properties-1.2.1.tgz 0ms (cache hit)
1859 http cache define-lazy-prop@https://registry.npmjs.org/define-lazy-prop/-/define-lazy-prop-2.0.0.tgz 0ms (cache hit)
1860 http cache define-data-property@https://registry.npmjs.org/define-data-property/-/define-data-property-1.1.4.tgz 0ms (cache hit)
1861 http cache default-gateway@https://registry.npmjs.org/default-gateway/-/default-gateway-6.0.3.tgz 0ms (cache hit)
1862 http cache deepmerge@https://registry.npmjs.org/deepmerge/-/deepmerge-4.3.1.tgz 0ms (cache hit)
1863 http cache deep-is@https://registry.npmjs.org/deep-is/-/deep-is-0.1.4.tgz 0ms (cache hit)
1864 http cache decimal.js@https://registry.npmjs.org/decimal.js/-/decimal.js-10.6.0.tgz 0ms (cache hit)
1865 http cache dedent@https://registry.npmjs.org/dedent/-/dedent-0.7.0.tgz 0ms (cache hit)
1866 http cache data-view-byte-offset@https://registry.npmjs.org/data-view-byte-offset/-/data-view-byte-offset-1.0.1.tgz 0ms (cache hit)
1867 http cache debug@https://registry.npmjs.org/debug/-/debug-4.4.3.tgz 0ms (cache hit)
1868 http cache data-view-byte-length@https://registry.npmjs.org/data-view-byte-length/-/data-view-byte-length-1.0.2.tgz 0ms (cache hit)
1869 http cache data-view-buffer@https://registry.npmjs.org/data-view-buffer/-/data-view-buffer-1.0.2.tgz 0ms (cache hit)
1870 http cache damerau-levenshtein@https://registry.npmjs.org/damerau-levenshtein/-/damerau-levenshtein-1.0.8.tgz 0ms (cache hit)
1871 http cache cssom@https://registry.npmjs.org/cssom/-/cssom-0.4.4.tgz 0ms (cache hit)
1872 http cache cssstyle@https://registry.npmjs.org/cssstyle/-/cssstyle-2.3.0.tgz 0ms (cache hit)
1873 http cache data-urls@https://registry.npmjs.org/data-urls/-/data-urls-2.0.0.tgz 0ms (cache hit)
1874 http cache cssnano-utils@https://registry.npmjs.org/cssnano-utils/-/cssnano-utils-3.1.0.tgz 0ms (cache hit)
1875 http cache cssnano@https://registry.npmjs.org/cssnano/-/cssnano-5.1.15.tgz 0ms (cache hit)
1876 http cache csso@https://registry.npmjs.org/csso/-/csso-4.2.0.tgz 0ms (cache hit)
1877 http cache cssnano-preset-default@https://registry.npmjs.org/cssnano-preset-default/-/cssnano-preset-default-5.2.14.tgz 0ms (cache hit)
1878 http cache cssesc@https://registry.npmjs.org/cssesc/-/cssesc-3.0.0.tgz 0ms (cache hit)
1879 http cache cssdb@https://registry.npmjs.org/cssdb/-/cssdb-7.11.2.tgz 0ms (cache hit)
1880 http cache css-tree@https://registry.npmjs.org/css-tree/-/css-tree-1.0.0-alpha.37.tgz 0ms (cache hit)
1881 http cache css.escape@https://registry.npmjs.org/css.escape/-/css.escape-1.5.1.tgz 0ms (cache hit)
1882 http cache css-select-base-adapter@https://registry.npmjs.org/css-select-base-adapter/-/css-select-base-adapter-0.1.1.tgz 0ms (cache hit)
1883 http cache css-minimizer-webpack-plugin@https://registry.npmjs.org/css-minimizer-webpack-plugin/-/css-minimizer-webpack-plugin-3.4.1.tgz 0ms (cache hit)
1884 http cache css-what@https://registry.npmjs.org/css-what/-/css-what-6.2.2.tgz 0ms (cache hit)
1885 http cache css-select@https://registry.npmjs.org/css-select/-/css-select-4.3.0.tgz 0ms (cache hit)
1886 http cache css-loader@https://registry.npmjs.org/css-loader/-/css-loader-6.11.0.tgz 0ms (cache hit)
1887 http cache css-declaration-sorter@https://registry.npmjs.org/css-declaration-sorter/-/css-declaration-sorter-6.4.1.tgz 0ms (cache hit)
1888 http cache css-blank-pseudo@https://registry.npmjs.org/css-blank-pseudo/-/css-blank-pseudo-3.0.3.tgz 0ms (cache hit)
1889 http cache css-prefers-color-scheme@https://registry.npmjs.org/css-prefers-color-scheme/-/css-prefers-color-scheme-6.0.3.tgz 0ms (cache hit)
1890 http cache css-has-pseudo@https://registry.npmjs.org/css-has-pseudo/-/css-has-pseudo-3.0.4.tgz 0ms (cache hit)
1891 http cache cross-spawn@https://registry.npmjs.org/cross-spawn/-/cross-spawn-7.0.6.tgz 0ms (cache hit)
1892 http cache core-util-is@https://registry.npmjs.org/core-util-is/-/core-util-is-1.0.3.tgz 0ms (cache hit)
1893 http cache cosmiconfig@https://registry.npmjs.org/cosmiconfig/-/cosmiconfig-7.1.0.tgz 0ms (cache hit)
1894 http cache crypto-random-string@https://registry.npmjs.org/crypto-random-string/-/crypto-random-string-2.0.0.tgz 0ms (cache hit)
1895 http cache core-js-pure@https://registry.npmjs.org/core-js-pure/-/core-js-pure-3.47.0.tgz 0ms (cache hit)
1896 http cache core-js@https://registry.npmjs.org/core-js/-/core-js-3.47.0.tgz 0ms (cache hit)
1897 http cache cookie-signature@https://registry.npmjs.org/cookie-signature/-/cookie-signature-1.0.7.tgz 0ms (cache hit)
1898 http cache core-js-compat@https://registry.npmjs.org/core-js-compat/-/core-js-compat-3.47.0.tgz 0ms (cache hit)
1899 http cache cookie@https://registry.npmjs.org/cookie/-/cookie-0.7.2.tgz 0ms (cache hit)
1900 http cache convert-source-map@https://registry.npmjs.org/convert-source-map/-/convert-source-map-2.0.0.tgz 0ms (cache hit)
1901 http cache content-disposition@https://registry.npmjs.org/content-disposition/-/content-disposition-0.5.4.tgz 0ms (cache hit)
1902 http cache content-type@https://registry.npmjs.org/content-type/-/content-type-1.0.5.tgz 0ms (cache hit)
1903 http cache connect-history-api-fallback@https://registry.npmjs.org/connect-history-api-fallback/-/connect-history-api-fallback-2.0.0.tgz 0ms (cache hit)
1904 http cache confusing-browser-globals@https://registry.npmjs.org/confusing-browser-globals/-/confusing-browser-globals-1.0.11.tgz 0ms (cache hit)
1905 http cache compression@https://registry.npmjs.org/compression/-/compression-1.8.1.tgz 0ms (cache hit)
1906 http cache compressible@https://registry.npmjs.org/compressible/-/compressible-2.0.18.tgz 0ms (cache hit)
1907 http cache concat-map@https://registry.npmjs.org/concat-map/-/concat-map-0.0.1.tgz 0ms (cache hit)
1908 http cache commondir@https://registry.npmjs.org/commondir/-/commondir-1.0.1.tgz 0ms (cache hit)
1909 http cache common-tags@https://registry.npmjs.org/common-tags/-/common-tags-1.8.2.tgz 0ms (cache hit)
1910 http cache combined-stream@https://registry.npmjs.org/combined-stream/-/combined-stream-1.0.8.tgz 0ms (cache hit)
1911 http cache colorette@https://registry.npmjs.org/colorette/-/colorette-2.0.20.tgz 0ms (cache hit)
1912 http cache commander@https://registry.npmjs.org/commander/-/commander-8.3.0.tgz 0ms (cache hit)
1913 http cache colord@https://registry.npmjs.org/colord/-/colord-2.9.3.tgz 0ms (cache hit)
1914 http cache color-name@https://registry.npmjs.org/color-name/-/color-name-1.1.4.tgz 0ms (cache hit)
1915 http cache coa@https://registry.npmjs.org/coa/-/coa-2.0.2.tgz 0ms (cache hit)
1916 http cache color-convert@https://registry.npmjs.org/color-convert/-/color-convert-2.0.1.tgz 0ms (cache hit)
1917 http cache collect-v8-coverage@https://registry.npmjs.org/collect-v8-coverage/-/collect-v8-coverage-1.0.3.tgz 0ms (cache hit)
1918 http cache cliui@https://registry.npmjs.org/cliui/-/cliui-7.0.4.tgz 0ms (cache hit)
1919 http cache co@https://registry.npmjs.org/co/-/co-4.6.0.tgz 0ms (cache hit)
1920 http cache clean-css@https://registry.npmjs.org/clean-css/-/clean-css-5.3.3.tgz 0ms (cache hit)
1921 http cache cjs-module-lexer@https://registry.npmjs.org/cjs-module-lexer/-/cjs-module-lexer-1.4.3.tgz 0ms (cache hit)
1922 http cache chrome-trace-event@https://registry.npmjs.org/chrome-trace-event/-/chrome-trace-event-1.0.4.tgz 0ms (cache hit)
1923 http cache ci-info@https://registry.npmjs.org/ci-info/-/ci-info-3.9.0.tgz 0ms (cache hit)
1924 http cache check-types@https://registry.npmjs.org/check-types/-/check-types-11.2.3.tgz 0ms (cache hit)
1925 http cache chokidar@https://registry.npmjs.org/chokidar/-/chokidar-3.6.0.tgz 0ms (cache hit)
1926 http cache chalk@https://registry.npmjs.org/chalk/-/chalk-4.1.2.tgz 0ms (cache hit)
1927 http cache char-regex@https://registry.npmjs.org/char-regex/-/char-regex-1.0.2.tgz 0ms (cache hit)
1928 http cache caniuse-lite@https://registry.npmjs.org/caniuse-lite/-/caniuse-lite-1.0.30001760.tgz 0ms (cache hit)
1929 http cache case-sensitive-paths-webpack-plugin@https://registry.npmjs.org/case-sensitive-paths-webpack-plugin/-/case-sensitive-paths-webpack-plugin-2.4.0.tgz 0ms (cache hit)
1930 http cache camelcase-css@https://registry.npmjs.org/camelcase-css/-/camelcase-css-2.0.1.tgz 0ms (cache hit)
1931 http cache camel-case@https://registry.npmjs.org/camel-case/-/camel-case-4.1.2.tgz 0ms (cache hit)
1932 http cache callsites@https://registry.npmjs.org/callsites/-/callsites-3.1.0.tgz 0ms (cache hit)
1933 http cache call-bound@https://registry.npmjs.org/call-bound/-/call-bound-1.0.4.tgz 0ms (cache hit)
1934 http cache camelcase@https://registry.npmjs.org/camelcase/-/camelcase-6.3.0.tgz 0ms (cache hit)
1935 http cache caniuse-api@https://registry.npmjs.org/caniuse-api/-/caniuse-api-3.0.0.tgz 0ms (cache hit)
1936 http cache bytes@https://registry.npmjs.org/bytes/-/bytes-3.1.2.tgz 0ms (cache hit)
1937 http cache call-bind-apply-helpers@https://registry.npmjs.org/call-bind-apply-helpers/-/call-bind-apply-helpers-1.0.2.tgz 0ms (cache hit)
1938 http cache call-bind@https://registry.npmjs.org/call-bind/-/call-bind-1.0.8.tgz 0ms (cache hit)
1939 http cache builtin-modules@https://registry.npmjs.org/builtin-modules/-/builtin-modules-3.3.0.tgz 0ms (cache hit)
1940 http cache browserslist@https://registry.npmjs.org/browserslist/-/browserslist-4.28.1.tgz 0ms (cache hit)
1941 http cache bser@https://registry.npmjs.org/bser/-/bser-2.1.1.tgz 0ms (cache hit)
1942 http cache buffer-from@https://registry.npmjs.org/buffer-from/-/buffer-from-1.1.2.tgz 0ms (cache hit)
1943 http cache braces@https://registry.npmjs.org/braces/-/braces-3.0.3.tgz 0ms (cache hit)
1944 http cache brace-expansion@https://registry.npmjs.org/brace-expansion/-/brace-expansion-1.1.12.tgz 0ms (cache hit)
1945 http cache boolbase@https://registry.npmjs.org/boolbase/-/boolbase-1.0.0.tgz 0ms (cache hit)
1946 http cache browser-process-hrtime@https://registry.npmjs.org/browser-process-hrtime/-/browser-process-hrtime-1.0.0.tgz 0ms (cache hit)
1947 http cache bonjour-service@https://registry.npmjs.org/bonjour-service/-/bonjour-service-1.3.0.tgz 0ms (cache hit)
1948 http cache body-parser@https://registry.npmjs.org/body-parser/-/body-parser-1.20.4.tgz 0ms (cache hit)
1949 http cache big.js@https://registry.npmjs.org/big.js/-/big.js-5.2.2.tgz 0ms (cache hit)
1950 http cache bluebird@https://registry.npmjs.org/bluebird/-/bluebird-3.7.2.tgz 0ms (cache hit)
1951 http cache bfj@https://registry.npmjs.org/bfj/-/bfj-7.1.0.tgz 0ms (cache hit)
1952 http cache binary-extensions@https://registry.npmjs.org/binary-extensions/-/binary-extensions-2.3.0.tgz 0ms (cache hit)
1953 http cache batch@https://registry.npmjs.org/batch/-/batch-0.6.1.tgz 0ms (cache hit)
1954 http cache baseline-browser-mapping@https://registry.npmjs.org/baseline-browser-mapping/-/baseline-browser-mapping-2.9.6.tgz 0ms (cache hit)
1955 http cache balanced-match@https://registry.npmjs.org/balanced-match/-/balanced-match-1.0.2.tgz 0ms (cache hit)
1956 http cache babel-preset-react-app@https://registry.npmjs.org/babel-preset-react-app/-/babel-preset-react-app-10.1.0.tgz 0ms (cache hit)
1957 http cache babel-preset-jest@https://registry.npmjs.org/babel-preset-jest/-/babel-preset-jest-27.5.1.tgz 0ms (cache hit)
1958 http cache babel-preset-current-node-syntax@https://registry.npmjs.org/babel-preset-current-node-syntax/-/babel-preset-current-node-syntax-1.2.0.tgz 0ms (cache hit)
1959 http cache babel-plugin-transform-react-remove-prop-types@https://registry.npmjs.org/babel-plugin-transform-react-remove-prop-types/-/babel-plugin-transform-react-remove-prop-types-0.4.24.tgz 0ms (cache hit)
1960 http cache babel-plugin-polyfill-corejs3@https://registry.npmjs.org/babel-plugin-polyfill-corejs3/-/babel-plugin-polyfill-corejs3-0.13.0.tgz 0ms (cache hit)
1961 http cache babel-plugin-polyfill-regenerator@https://registry.npmjs.org/babel-plugin-polyfill-regenerator/-/babel-plugin-polyfill-regenerator-0.6.5.tgz 0ms (cache hit)
1962 http cache babel-plugin-polyfill-corejs2@https://registry.npmjs.org/babel-plugin-polyfill-corejs2/-/babel-plugin-polyfill-corejs2-0.4.14.tgz 0ms (cache hit)
1963 http cache babel-plugin-macros@https://registry.npmjs.org/babel-plugin-macros/-/babel-plugin-macros-3.1.0.tgz 0ms (cache hit)
1964 http cache babel-plugin-jest-hoist@https://registry.npmjs.org/babel-plugin-jest-hoist/-/babel-plugin-jest-hoist-27.5.1.tgz 0ms (cache hit)
1965 http cache babel-plugin-istanbul@https://registry.npmjs.org/babel-plugin-istanbul/-/babel-plugin-istanbul-6.1.1.tgz 0ms (cache hit)
1966 http cache babel-plugin-named-asset-import@https://registry.npmjs.org/babel-plugin-named-asset-import/-/babel-plugin-named-asset-import-0.3.8.tgz 0ms (cache hit)
1967 http cache babel-jest@https://registry.npmjs.org/babel-jest/-/babel-jest-27.5.1.tgz 0ms (cache hit)
1968 http cache babel-loader@https://registry.npmjs.org/babel-loader/-/babel-loader-8.4.1.tgz 0ms (cache hit)
1969 http cache autoprefixer@https://registry.npmjs.org/autoprefixer/-/autoprefixer-10.4.22.tgz 0ms (cache hit)
1970 http cache axobject-query@https://registry.npmjs.org/axobject-query/-/axobject-query-4.1.0.tgz 0ms (cache hit)
1971 http cache available-typed-arrays@https://registry.npmjs.org/available-typed-arrays/-/available-typed-arrays-1.0.7.tgz 0ms (cache hit)
1972 http cache axe-core@https://registry.npmjs.org/axe-core/-/axe-core-4.11.0.tgz 0ms (cache hit)
1973 http cache at-least-node@https://registry.npmjs.org/at-least-node/-/at-least-node-1.0.0.tgz 0ms (cache hit)
1974 http cache asynckit@https://registry.npmjs.org/asynckit/-/asynckit-0.4.0.tgz 0ms (cache hit)
1975 http cache asap@https://registry.npmjs.org/asap/-/asap-2.0.6.tgz 0ms (cache hit)
1976 http cache ast-types-flow@https://registry.npmjs.org/ast-types-flow/-/ast-types-flow-0.0.8.tgz 0ms (cache hit)
1977 http cache arraybuffer.prototype.slice@https://registry.npmjs.org/arraybuffer.prototype.slice/-/arraybuffer.prototype.slice-1.0.4.tgz 0ms (cache hit)
1978 http cache async-function@https://registry.npmjs.org/async-function/-/async-function-1.0.0.tgz 0ms (cache hit)
1979 http cache array.prototype.tosorted@https://registry.npmjs.org/array.prototype.tosorted/-/array.prototype.tosorted-1.1.4.tgz 0ms (cache hit)
1980 http cache async@https://registry.npmjs.org/async/-/async-3.2.6.tgz 0ms (cache hit)
1981 http cache array.prototype.flatmap@https://registry.npmjs.org/array.prototype.flatmap/-/array.prototype.flatmap-1.3.3.tgz 0ms (cache hit)
1982 http cache array.prototype.reduce@https://registry.npmjs.org/array.prototype.reduce/-/array.prototype.reduce-1.0.8.tgz 0ms (cache hit)
1983 http cache array.prototype.flat@https://registry.npmjs.org/array.prototype.flat/-/array.prototype.flat-1.3.3.tgz 0ms (cache hit)
1984 http cache array.prototype.findlastindex@https://registry.npmjs.org/array.prototype.findlastindex/-/array.prototype.findlastindex-1.2.6.tgz 0ms (cache hit)
1985 http cache array-includes@https://registry.npmjs.org/array-includes/-/array-includes-3.1.9.tgz 0ms (cache hit)
1986 http cache array-union@https://registry.npmjs.org/array-union/-/array-union-2.1.0.tgz 0ms (cache hit)
1987 http cache array.prototype.findlast@https://registry.npmjs.org/array.prototype.findlast/-/array.prototype.findlast-1.2.5.tgz 0ms (cache hit)
1988 http cache array-buffer-byte-length@https://registry.npmjs.org/array-buffer-byte-length/-/array-buffer-byte-length-1.0.2.tgz 0ms (cache hit)
1989 http cache array-flatten@https://registry.npmjs.org/array-flatten/-/array-flatten-1.1.1.tgz 0ms (cache hit)
1990 http cache argparse@https://registry.npmjs.org/argparse/-/argparse-1.0.10.tgz 0ms (cache hit)
1991 http cache arg@https://registry.npmjs.org/arg/-/arg-5.0.2.tgz 0ms (cache hit)
1992 http cache aria-query@https://registry.npmjs.org/aria-query/-/aria-query-5.3.2.tgz 0ms (cache hit)
1993 http cache anymatch@https://registry.npmjs.org/anymatch/-/anymatch-3.1.3.tgz 0ms (cache hit)
1994 http cache ansi-regex@https://registry.npmjs.org/ansi-regex/-/ansi-regex-5.0.1.tgz 0ms (cache hit)
1995 http cache any-promise@https://registry.npmjs.org/any-promise/-/any-promise-1.3.0.tgz 0ms (cache hit)
1996 http cache ansi-styles@https://registry.npmjs.org/ansi-styles/-/ansi-styles-4.3.0.tgz 0ms (cache hit)
1997 http cache ansi-html@https://registry.npmjs.org/ansi-html/-/ansi-html-0.0.9.tgz 0ms (cache hit)
1998 http cache ansi-html-community@https://registry.npmjs.org/ansi-html-community/-/ansi-html-community-0.0.8.tgz 0ms (cache hit)
1999 http cache ajv-keywords@https://registry.npmjs.org/ajv-keywords/-/ajv-keywords-3.5.2.tgz 0ms (cache hit)
2000 http cache ajv@https://registry.npmjs.org/ajv/-/ajv-6.12.6.tgz 0ms (cache hit)
2001 http cache ansi-escapes@https://registry.npmjs.org/ansi-escapes/-/ansi-escapes-4.3.2.tgz 0ms (cache hit)
2002 http cache ajv-formats@https://registry.npmjs.org/ajv-formats/-/ajv-formats-2.1.1.tgz 0ms (cache hit)
2003 http cache agent-base@https://registry.npmjs.org/agent-base/-/agent-base-6.0.2.tgz 0ms (cache hit)
2004 http cache address@https://registry.npmjs.org/address/-/address-1.2.2.tgz 0ms (cache hit)
2005 http cache adjust-sourcemap-loader@https://registry.npmjs.org/adjust-sourcemap-loader/-/adjust-sourcemap-loader-4.0.0.tgz 0ms (cache hit)
2006 http cache acorn-jsx@https://registry.npmjs.org/acorn-jsx/-/acorn-jsx-5.3.2.tgz 0ms (cache hit)
2007 http cache acorn-walk@https://registry.npmjs.org/acorn-walk/-/acorn-walk-7.2.0.tgz 0ms (cache hit)
2008 http cache @xtuc/long@https://registry.npmjs.org/@xtuc/long/-/long-4.2.2.tgz 0ms (cache hit)
2009 http cache acorn-globals@https://registry.npmjs.org/acorn-globals/-/acorn-globals-6.0.0.tgz 0ms (cache hit)
2010 http cache acorn@https://registry.npmjs.org/acorn/-/acorn-8.15.0.tgz 0ms (cache hit)
2011 http cache accepts@https://registry.npmjs.org/accepts/-/accepts-1.3.8.tgz 0ms (cache hit)
2012 http cache @xtuc/ieee754@https://registry.npmjs.org/@xtuc/ieee754/-/ieee754-1.2.0.tgz 0ms (cache hit)
2013 http cache acorn-import-phases@https://registry.npmjs.org/acorn-import-phases/-/acorn-import-phases-1.0.4.tgz 0ms (cache hit)
2014 http cache abab@https://registry.npmjs.org/abab/-/abab-2.0.6.tgz 0ms (cache hit)
2015 http cache @webassemblyjs/wast-printer@https://registry.npmjs.org/@webassemblyjs/wast-printer/-/wast-printer-1.14.1.tgz 0ms (cache hit)
2016 http cache @webassemblyjs/wasm-parser@https://registry.npmjs.org/@webassemblyjs/wasm-parser/-/wasm-parser-1.14.1.tgz 0ms (cache hit)
2017 http cache @webassemblyjs/wasm-opt@https://registry.npmjs.org/@webassemblyjs/wasm-opt/-/wasm-opt-1.14.1.tgz 0ms (cache hit)
2018 http cache @webassemblyjs/wasm-gen@https://registry.npmjs.org/@webassemblyjs/wasm-gen/-/wasm-gen-1.14.1.tgz 0ms (cache hit)
2019 http cache @webassemblyjs/wasm-edit@https://registry.npmjs.org/@webassemblyjs/wasm-edit/-/wasm-edit-1.14.1.tgz 0ms (cache hit)
2020 http cache @webassemblyjs/leb128@https://registry.npmjs.org/@webassemblyjs/leb128/-/leb128-1.13.2.tgz 0ms (cache hit)
2021 http cache @webassemblyjs/ieee754@https://registry.npmjs.org/@webassemblyjs/ieee754/-/ieee754-1.13.2.tgz 0ms (cache hit)
2022 http cache @webassemblyjs/utf8@https://registry.npmjs.org/@webassemblyjs/utf8/-/utf8-1.13.2.tgz 0ms (cache hit)
2023 http cache @webassemblyjs/helper-wasm-bytecode@https://registry.npmjs.org/@webassemblyjs/helper-wasm-bytecode/-/helper-wasm-bytecode-1.13.2.tgz 0ms (cache hit)
2024 http cache @webassemblyjs/helper-wasm-section@https://registry.npmjs.org/@webassemblyjs/helper-wasm-section/-/helper-wasm-section-1.14.1.tgz 0ms (cache hit)
2025 http cache @webassemblyjs/helper-numbers@https://registry.npmjs.org/@webassemblyjs/helper-numbers/-/helper-numbers-1.13.2.tgz 0ms (cache hit)
2026 http cache @webassemblyjs/helper-buffer@https://registry.npmjs.org/@webassemblyjs/helper-buffer/-/helper-buffer-1.14.1.tgz 0ms (cache hit)
2027 http cache @typescript-eslint/visitor-keys@https://registry.npmjs.org/@typescript-eslint/visitor-keys/-/visitor-keys-5.62.0.tgz 0ms (cache hit)
2028 http cache @webassemblyjs/helper-api-error@https://registry.npmjs.org/@webassemblyjs/helper-api-error/-/helper-api-error-1.13.2.tgz 0ms (cache hit)
2029 http cache @ungap/structured-clone@https://registry.npmjs.org/@ungap/structured-clone/-/structured-clone-1.3.0.tgz 0ms (cache hit)
2030 http cache @webassemblyjs/floating-point-hex-parser@https://registry.npmjs.org/@webassemblyjs/floating-point-hex-parser/-/floating-point-hex-parser-1.13.2.tgz 0ms (cache hit)
2031 http cache @webassemblyjs/ast@https://registry.npmjs.org/@webassemblyjs/ast/-/ast-1.14.1.tgz 0ms (cache hit)
2032 http cache @typescript-eslint/typescript-estree@https://registry.npmjs.org/@typescript-eslint/typescript-estree/-/typescript-estree-5.62.0.tgz 0ms (cache hit)
2033 http cache @typescript-eslint/types@https://registry.npmjs.org/@typescript-eslint/types/-/types-5.62.0.tgz 0ms (cache hit)
2034 http cache @typescript-eslint/type-utils@https://registry.npmjs.org/@typescript-eslint/type-utils/-/type-utils-5.62.0.tgz 0ms (cache hit)
2035 http cache @typescript-eslint/utils@https://registry.npmjs.org/@typescript-eslint/utils/-/utils-5.62.0.tgz 0ms (cache hit)
2036 http cache @typescript-eslint/experimental-utils@https://registry.npmjs.org/@typescript-eslint/experimental-utils/-/experimental-utils-5.62.0.tgz 0ms (cache hit)
2037 http cache @typescript-eslint/parser@https://registry.npmjs.org/@typescript-eslint/parser/-/parser-5.62.0.tgz 0ms (cache hit)
2038 http cache @typescript-eslint/scope-manager@https://registry.npmjs.org/@typescript-eslint/scope-manager/-/scope-manager-5.62.0.tgz 0ms (cache hit)
2039 http cache @types/yargs-parser@https://registry.npmjs.org/@types/yargs-parser/-/yargs-parser-21.0.3.tgz 0ms (cache hit)
2040 http cache @types/ws@https://registry.npmjs.org/@types/ws/-/ws-8.18.1.tgz 0ms (cache hit)
2041 http cache @types/yargs@https://registry.npmjs.org/@types/yargs/-/yargs-16.0.11.tgz 0ms (cache hit)
2042 http cache @typescript-eslint/eslint-plugin@https://registry.npmjs.org/@typescript-eslint/eslint-plugin/-/eslint-plugin-5.62.0.tgz 0ms (cache hit)
2043 http cache @types/sockjs@https://registry.npmjs.org/@types/sockjs/-/sockjs-0.3.36.tgz 0ms (cache hit)
2044 http cache @types/trusted-types@https://registry.npmjs.org/@types/trusted-types/-/trusted-types-2.0.7.tgz 0ms (cache hit)
2045 http cache @types/stack-utils@https://registry.npmjs.org/@types/stack-utils/-/stack-utils-2.0.3.tgz 0ms (cache hit)
2046 http cache @types/serve-static@https://registry.npmjs.org/@types/serve-static/-/serve-static-1.15.10.tgz 0ms (cache hit)
2047 http cache @types/serve-index@https://registry.npmjs.org/@types/serve-index/-/serve-index-1.9.4.tgz 0ms (cache hit)
2048 http cache @types/send@https://registry.npmjs.org/@types/send/-/send-1.2.1.tgz 0ms (cache hit)
2049 http cache @types/semver@https://registry.npmjs.org/@types/semver/-/semver-7.7.1.tgz 0ms (cache hit)
2050 http cache @types/resolve@https://registry.npmjs.org/@types/resolve/-/resolve-1.17.1.tgz 0ms (cache hit)
2051 http cache @types/qs@https://registry.npmjs.org/@types/qs/-/qs-6.14.0.tgz 0ms (cache hit)
2052 http cache @types/retry@https://registry.npmjs.org/@types/retry/-/retry-0.12.0.tgz 0ms (cache hit)
2053 http cache @types/prettier@https://registry.npmjs.org/@types/prettier/-/prettier-2.7.3.tgz 0ms (cache hit)
2054 http cache @types/range-parser@https://registry.npmjs.org/@types/range-parser/-/range-parser-1.2.7.tgz 0ms (cache hit)
2055 http cache @types/q@https://registry.npmjs.org/@types/q/-/q-1.5.8.tgz 1ms (cache hit)
2056 http cache @types/parse-json@https://registry.npmjs.org/@types/parse-json/-/parse-json-4.0.2.tgz 0ms (cache hit)
2057 http cache @types/node@https://registry.npmjs.org/@types/node/-/node-25.0.1.tgz 0ms (cache hit)
2058 http cache @types/node-forge@https://registry.npmjs.org/@types/node-forge/-/node-forge-1.3.14.tgz 0ms (cache hit)
2059 http cache @types/mime@https://registry.npmjs.org/@types/mime/-/mime-1.3.5.tgz 0ms (cache hit)
2060 http cache @types/json5@https://registry.npmjs.org/@types/json5/-/json5-0.0.29.tgz 0ms (cache hit)
2061 http cache @types/istanbul-reports@https://registry.npmjs.org/@types/istanbul-reports/-/istanbul-reports-3.0.4.tgz 0ms (cache hit)
2062 http cache @types/json-schema@https://registry.npmjs.org/@types/json-schema/-/json-schema-7.0.15.tgz 0ms (cache hit)
2063 http cache @types/istanbul-lib-coverage@https://registry.npmjs.org/@types/istanbul-lib-coverage/-/istanbul-lib-coverage-2.0.6.tgz 0ms (cache hit)
2064 http cache @types/http-proxy@https://registry.npmjs.org/@types/http-proxy/-/http-proxy-1.17.17.tgz 0ms (cache hit)
2065 http cache @types/istanbul-lib-report@https://registry.npmjs.org/@types/istanbul-lib-report/-/istanbul-lib-report-3.0.3.tgz 0ms (cache hit)
2066 http cache @types/http-errors@https://registry.npmjs.org/@types/http-errors/-/http-errors-2.0.5.tgz 0ms (cache hit)
2067 http cache @types/html-minifier-terser@https://registry.npmjs.org/@types/html-minifier-terser/-/html-minifier-terser-6.1.0.tgz 0ms (cache hit)
2068 http cache @types/graceful-fs@https://registry.npmjs.org/@types/graceful-fs/-/graceful-fs-4.1.9.tgz 0ms (cache hit)
2069 http cache @types/express-serve-static-core@https://registry.npmjs.org/@types/express-serve-static-core/-/express-serve-static-core-5.1.0.tgz 0ms (cache hit)
2070 http cache @types/estree@https://registry.npmjs.org/@types/estree/-/estree-1.0.8.tgz 0ms (cache hit)
2071 http cache @types/eslint@https://registry.npmjs.org/@types/eslint/-/eslint-8.56.12.tgz 0ms (cache hit)
2072 http cache @types/express@https://registry.npmjs.org/@types/express/-/express-4.17.25.tgz 0ms (cache hit)
2073 http cache @types/eslint-scope@https://registry.npmjs.org/@types/eslint-scope/-/eslint-scope-3.7.7.tgz 0ms (cache hit)
2074 http cache @types/connect@https://registry.npmjs.org/@types/connect/-/connect-3.4.38.tgz 0ms (cache hit)
2075 http cache @types/bonjour@https://registry.npmjs.org/@types/bonjour/-/bonjour-3.5.13.tgz 0ms (cache hit)
2076 http cache @types/connect-history-api-fallback@https://registry.npmjs.org/@types/connect-history-api-fallback/-/connect-history-api-fallback-1.5.4.tgz 0ms (cache hit)
2077 http cache @types/body-parser@https://registry.npmjs.org/@types/body-parser/-/body-parser-1.19.6.tgz 0ms (cache hit)
2078 http cache @types/babel__template@https://registry.npmjs.org/@types/babel__template/-/babel__template-7.4.4.tgz 0ms (cache hit)
2079 http cache @types/babel__traverse@https://registry.npmjs.org/@types/babel__traverse/-/babel__traverse-7.28.0.tgz 0ms (cache hit)
2080 http cache @tootallnate/once@https://registry.npmjs.org/@tootallnate/once/-/once-1.1.2.tgz 0ms (cache hit)
2081 http cache @types/babel__core@https://registry.npmjs.org/@types/babel__core/-/babel__core-7.20.5.tgz 0ms (cache hit)
2082 http cache @types/babel__generator@https://registry.npmjs.org/@types/babel__generator/-/babel__generator-7.27.0.tgz 0ms (cache hit)
2083 http cache @types/aria-query@https://registry.npmjs.org/@types/aria-query/-/aria-query-5.0.4.tgz 0ms (cache hit)
2084 http cache @testing-library/react@https://registry.npmjs.org/@testing-library/react/-/react-16.3.0.tgz 0ms (cache hit)
2085 http cache @trysound/sax@https://registry.npmjs.org/@trysound/sax/-/sax-0.2.0.tgz 0ms (cache hit)
2086 http cache @testing-library/user-event@https://registry.npmjs.org/@testing-library/user-event/-/user-event-13.5.0.tgz 0ms (cache hit)
2087 http cache @testing-library/jest-dom@https://registry.npmjs.org/@testing-library/jest-dom/-/jest-dom-6.9.1.tgz 0ms (cache hit)
2088 http cache @testing-library/dom@https://registry.npmjs.org/@testing-library/dom/-/dom-10.4.1.tgz 0ms (cache hit)
2089 http cache @svgr/webpack@https://registry.npmjs.org/@svgr/webpack/-/webpack-5.5.0.tgz 0ms (cache hit)
2090 http cache @svgr/plugin-svgo@https://registry.npmjs.org/@svgr/plugin-svgo/-/plugin-svgo-5.5.0.tgz 0ms (cache hit)
2091 http cache @svgr/hast-util-to-babel-ast@https://registry.npmjs.org/@svgr/hast-util-to-babel-ast/-/hast-util-to-babel-ast-5.5.0.tgz 0ms (cache hit)
2092 http cache @svgr/core@https://registry.npmjs.org/@svgr/core/-/core-5.5.0.tgz 0ms (cache hit)
2093 http cache @svgr/babel-preset@https://registry.npmjs.org/@svgr/babel-preset/-/babel-preset-5.5.0.tgz 0ms (cache hit)
2094 http cache @svgr/babel-plugin-transform-svg-component@https://registry.npmjs.org/@svgr/babel-plugin-transform-svg-component/-/babel-plugin-transform-svg-component-5.5.0.tgz 0ms (cache hit)
2095 http cache @svgr/plugin-jsx@https://registry.npmjs.org/@svgr/plugin-jsx/-/plugin-jsx-5.5.0.tgz 0ms (cache hit)
2096 http cache @svgr/babel-plugin-transform-react-native-svg@https://registry.npmjs.org/@svgr/babel-plugin-transform-react-native-svg/-/babel-plugin-transform-react-native-svg-5.4.0.tgz 0ms (cache hit)
2097 http cache @svgr/babel-plugin-svg-em-dimensions@https://registry.npmjs.org/@svgr/babel-plugin-svg-em-dimensions/-/babel-plugin-svg-em-dimensions-5.4.0.tgz 0ms (cache hit)
2098 http cache @svgr/babel-plugin-svg-dynamic-title@https://registry.npmjs.org/@svgr/babel-plugin-svg-dynamic-title/-/babel-plugin-svg-dynamic-title-5.4.0.tgz 0ms (cache hit)
2099 http cache @svgr/babel-plugin-replace-jsx-attribute-value@https://registry.npmjs.org/@svgr/babel-plugin-replace-jsx-attribute-value/-/babel-plugin-replace-jsx-attribute-value-5.0.1.tgz 0ms (cache hit)
2100 http cache @surma/rollup-plugin-off-main-thread@https://registry.npmjs.org/@surma/rollup-plugin-off-main-thread/-/rollup-plugin-off-main-thread-2.2.3.tgz 0ms (cache hit)
2101 http cache @sinclair/typebox@https://registry.npmjs.org/@sinclair/typebox/-/typebox-0.24.51.tgz 0ms (cache hit)
2102 http cache @svgr/babel-plugin-remove-jsx-attribute@https://registry.npmjs.org/@svgr/babel-plugin-remove-jsx-attribute/-/babel-plugin-remove-jsx-attribute-5.4.0.tgz 0ms (cache hit)
2103 http cache @svgr/babel-plugin-add-jsx-attribute@https://registry.npmjs.org/@svgr/babel-plugin-add-jsx-attribute/-/babel-plugin-add-jsx-attribute-5.4.0.tgz 0ms (cache hit)
2104 http cache @sinonjs/fake-timers@https://registry.npmjs.org/@sinonjs/fake-timers/-/fake-timers-8.1.0.tgz 0ms (cache hit)
2105 http cache @svgr/babel-plugin-remove-jsx-empty-expression@https://registry.npmjs.org/@svgr/babel-plugin-remove-jsx-empty-expression/-/babel-plugin-remove-jsx-empty-expression-5.0.1.tgz 0ms (cache hit)
2106 http cache @rushstack/eslint-patch@https://registry.npmjs.org/@rushstack/eslint-patch/-/eslint-patch-1.15.0.tgz 0ms (cache hit)
2107 http cache @sinonjs/commons@https://registry.npmjs.org/@sinonjs/commons/-/commons-1.8.6.tgz 1ms (cache hit)
2108 http cache @rtsao/scc@https://registry.npmjs.org/@rtsao/scc/-/scc-1.1.0.tgz 0ms (cache hit)
2109 http cache @pmmmwh/react-refresh-webpack-plugin@https://registry.npmjs.org/@pmmmwh/react-refresh-webpack-plugin/-/react-refresh-webpack-plugin-0.5.17.tgz 0ms (cache hit)
2110 http cache @rollup/pluginutils@https://registry.npmjs.org/@rollup/pluginutils/-/pluginutils-3.1.0.tgz 0ms (cache hit)
2111 http cache @rollup/plugin-node-resolve@https://registry.npmjs.org/@rollup/plugin-node-resolve/-/plugin-node-resolve-11.2.1.tgz 0ms (cache hit)
2112 http cache @nicolo-ribaudo/eslint-scope-5-internals@https://registry.npmjs.org/@nicolo-ribaudo/eslint-scope-5-internals/-/eslint-scope-5-internals-5.1.1-v1.tgz 0ms (cache hit)
2113 http cache @rollup/plugin-replace@https://registry.npmjs.org/@rollup/plugin-replace/-/plugin-replace-2.4.2.tgz 0ms (cache hit)
2114 http cache @rollup/plugin-babel@https://registry.npmjs.org/@rollup/plugin-babel/-/plugin-babel-5.3.1.tgz 0ms (cache hit)
2115 http cache @nodelib/fs.walk@https://registry.npmjs.org/@nodelib/fs.walk/-/fs.walk-1.2.8.tgz 0ms (cache hit)
2116 http cache @nodelib/fs.scandir@https://registry.npmjs.org/@nodelib/fs.scandir/-/fs.scandir-2.1.5.tgz 0ms (cache hit)
2117 http cache @jridgewell/trace-mapping@https://registry.npmjs.org/@jridgewell/trace-mapping/-/trace-mapping-0.3.31.tgz 0ms (cache hit)
2118 http cache @nodelib/fs.stat@https://registry.npmjs.org/@nodelib/fs.stat/-/fs.stat-2.0.5.tgz 0ms (cache hit)
2119 http cache @jridgewell/sourcemap-codec@https://registry.npmjs.org/@jridgewell/sourcemap-codec/-/sourcemap-codec-1.5.5.tgz 0ms (cache hit)
2120 http cache @leichtgewicht/ip-codec@https://registry.npmjs.org/@leichtgewicht/ip-codec/-/ip-codec-2.0.5.tgz 0ms (cache hit)
2121 http cache @jridgewell/source-map@https://registry.npmjs.org/@jridgewell/source-map/-/source-map-0.3.11.tgz 0ms (cache hit)
2122 http cache @jridgewell/resolve-uri@https://registry.npmjs.org/@jridgewell/resolve-uri/-/resolve-uri-3.1.2.tgz 0ms (cache hit)
2123 http cache @jest/test-sequencer@https://registry.npmjs.org/@jest/test-sequencer/-/test-sequencer-27.5.1.tgz 0ms (cache hit)
2124 http cache @jridgewell/gen-mapping@https://registry.npmjs.org/@jridgewell/gen-mapping/-/gen-mapping-0.3.13.tgz 0ms (cache hit)
2125 http cache @jest/types@https://registry.npmjs.org/@jest/types/-/types-27.5.1.tgz 0ms (cache hit)
2126 http cache @jridgewell/remapping@https://registry.npmjs.org/@jridgewell/remapping/-/remapping-2.3.5.tgz 0ms (cache hit)
2127 http cache @jest/transform@https://registry.npmjs.org/@jest/transform/-/transform-27.5.1.tgz 0ms (cache hit)
2128 http cache @jest/source-map@https://registry.npmjs.org/@jest/source-map/-/source-map-27.5.1.tgz 0ms (cache hit)
2129 http cache @jest/test-result@https://registry.npmjs.org/@jest/test-result/-/test-result-27.5.1.tgz 0ms (cache hit)
2130 http cache @jest/schemas@https://registry.npmjs.org/@jest/schemas/-/schemas-28.1.3.tgz 0ms (cache hit)
2131 http cache @jest/reporters@https://registry.npmjs.org/@jest/reporters/-/reporters-27.5.1.tgz 0ms (cache hit)
2132 http cache @jest/globals@https://registry.npmjs.org/@jest/globals/-/globals-27.5.1.tgz 0ms (cache hit)
2133 http cache @jest/fake-timers@https://registry.npmjs.org/@jest/fake-timers/-/fake-timers-27.5.1.tgz 0ms (cache hit)
2134 http cache @jest/environment@https://registry.npmjs.org/@jest/environment/-/environment-27.5.1.tgz 0ms (cache hit)
2135 http cache @jest/core@https://registry.npmjs.org/@jest/core/-/core-27.5.1.tgz 0ms (cache hit)
2136 http cache @istanbuljs/schema@https://registry.npmjs.org/@istanbuljs/schema/-/schema-0.1.3.tgz 0ms (cache hit)
2137 http cache @jest/console@https://registry.npmjs.org/@jest/console/-/console-27.5.1.tgz 0ms (cache hit)
2138 http cache @humanwhocodes/object-schema@https://registry.npmjs.org/@humanwhocodes/object-schema/-/object-schema-2.0.3.tgz 0ms (cache hit)
2139 http cache @istanbuljs/load-nyc-config@https://registry.npmjs.org/@istanbuljs/load-nyc-config/-/load-nyc-config-1.1.0.tgz 0ms (cache hit)
2140 http cache @humanwhocodes/module-importer@https://registry.npmjs.org/@humanwhocodes/module-importer/-/module-importer-1.0.1.tgz 0ms (cache hit)
2141 http cache @eslint/js@https://registry.npmjs.org/@eslint/js/-/js-8.57.1.tgz 0ms (cache hit)
2142 http cache @humanwhocodes/config-array@https://registry.npmjs.org/@humanwhocodes/config-array/-/config-array-0.13.0.tgz 0ms (cache hit)
2143 http cache @eslint/eslintrc@https://registry.npmjs.org/@eslint/eslintrc/-/eslintrc-2.1.4.tgz 0ms (cache hit)
2144 http cache @eslint-community/eslint-utils@https://registry.npmjs.org/@eslint-community/eslint-utils/-/eslint-utils-4.9.0.tgz 0ms (cache hit)
2145 http cache @eslint-community/regexpp@https://registry.npmjs.org/@eslint-community/regexpp/-/regexpp-4.12.2.tgz 0ms (cache hit)
2146 http cache @csstools/selector-specificity@https://registry.npmjs.org/@csstools/selector-specificity/-/selector-specificity-2.2.0.tgz 0ms (cache hit)
2147 http cache @csstools/postcss-text-decoration-shorthand@https://registry.npmjs.org/@csstools/postcss-text-decoration-shorthand/-/postcss-text-decoration-shorthand-1.0.0.tgz 0ms (cache hit)
2148 http cache @csstools/postcss-unset-value@https://registry.npmjs.org/@csstools/postcss-unset-value/-/postcss-unset-value-1.0.2.tgz 0ms (cache hit)
2149 http cache @csstools/postcss-stepped-value-functions@https://registry.npmjs.org/@csstools/postcss-stepped-value-functions/-/postcss-stepped-value-functions-1.0.1.tgz 0ms (cache hit)
2150 http cache @csstools/postcss-trigonometric-functions@https://registry.npmjs.org/@csstools/postcss-trigonometric-functions/-/postcss-trigonometric-functions-1.0.2.tgz 0ms (cache hit)
2151 http cache @csstools/postcss-progressive-custom-properties@https://registry.npmjs.org/@csstools/postcss-progressive-custom-properties/-/postcss-progressive-custom-properties-1.3.0.tgz 0ms (cache hit)
2152 http cache @csstools/postcss-oklab-function@https://registry.npmjs.org/@csstools/postcss-oklab-function/-/postcss-oklab-function-1.1.1.tgz 1ms (cache hit)
2153 http cache @csstools/postcss-is-pseudo-class@https://registry.npmjs.org/@csstools/postcss-is-pseudo-class/-/postcss-is-pseudo-class-2.0.7.tgz 0ms (cache hit)
2154 http cache @csstools/postcss-nested-calc@https://registry.npmjs.org/@csstools/postcss-nested-calc/-/postcss-nested-calc-1.0.0.tgz 0ms (cache hit)
2155 http cache @csstools/postcss-ic-unit@https://registry.npmjs.org/@csstools/postcss-ic-unit/-/postcss-ic-unit-1.0.1.tgz 0ms (cache hit)
2156 http cache @csstools/postcss-normalize-display-values@https://registry.npmjs.org/@csstools/postcss-normalize-display-values/-/postcss-normalize-display-values-1.0.1.tgz 0ms (cache hit)
2157 http cache @csstools/postcss-font-format-keywords@https://registry.npmjs.org/@csstools/postcss-font-format-keywords/-/postcss-font-format-keywords-1.0.1.tgz 0ms (cache hit)
2158 http cache @csstools/postcss-hwb-function@https://registry.npmjs.org/@csstools/postcss-hwb-function/-/postcss-hwb-function-1.0.2.tgz 0ms (cache hit)
2159 http cache @bcoe/v8-coverage@https://registry.npmjs.org/@bcoe/v8-coverage/-/v8-coverage-0.2.3.tgz 0ms (cache hit)
2160 http cache @csstools/normalize.css@https://registry.npmjs.org/@csstools/normalize.css/-/normalize.css-12.1.1.tgz 0ms (cache hit)
2161 http cache @csstools/postcss-color-function@https://registry.npmjs.org/@csstools/postcss-color-function/-/postcss-color-function-1.1.1.tgz 0ms (cache hit)
2162 http cache @babel/types@https://registry.npmjs.org/@babel/types/-/types-7.28.5.tgz 0ms (cache hit)
2163 http cache @csstools/postcss-cascade-layers@https://registry.npmjs.org/@csstools/postcss-cascade-layers/-/postcss-cascade-layers-1.1.1.tgz 0ms (cache hit)
2164 http cache @babel/runtime@https://registry.npmjs.org/@babel/runtime/-/runtime-7.28.4.tgz 0ms (cache hit)
2165 http cache @babel/traverse@https://registry.npmjs.org/@babel/traverse/-/traverse-7.28.5.tgz 0ms (cache hit)
2166 http cache @babel/template@https://registry.npmjs.org/@babel/template/-/template-7.27.2.tgz 0ms (cache hit)
2167 http cache @babel/preset-typescript@https://registry.npmjs.org/@babel/preset-typescript/-/preset-typescript-7.28.5.tgz 0ms (cache hit)
2168 http cache @babel/preset-modules@https://registry.npmjs.org/@babel/preset-modules/-/preset-modules-0.1.6-no-external-plugins.tgz 0ms (cache hit)
2169 http cache @babel/preset-react@https://registry.npmjs.org/@babel/preset-react/-/preset-react-7.28.5.tgz 0ms (cache hit)
2170 http cache @babel/preset-env@https://registry.npmjs.org/@babel/preset-env/-/preset-env-7.28.5.tgz 0ms (cache hit)
2171 http cache @babel/plugin-transform-unicode-sets-regex@https://registry.npmjs.org/@babel/plugin-transform-unicode-sets-regex/-/plugin-transform-unicode-sets-regex-7.27.1.tgz 0ms (cache hit)
2172 http cache @babel/plugin-transform-unicode-regex@https://registry.npmjs.org/@babel/plugin-transform-unicode-regex/-/plugin-transform-unicode-regex-7.27.1.tgz 0ms (cache hit)
2173 http cache @babel/plugin-transform-typescript@https://registry.npmjs.org/@babel/plugin-transform-typescript/-/plugin-transform-typescript-7.28.5.tgz 0ms (cache hit)
2174 http cache @babel/plugin-transform-unicode-property-regex@https://registry.npmjs.org/@babel/plugin-transform-unicode-property-regex/-/plugin-transform-unicode-property-regex-7.27.1.tgz 0ms (cache hit)
2175 http cache @babel/plugin-transform-unicode-escapes@https://registry.npmjs.org/@babel/plugin-transform-unicode-escapes/-/plugin-transform-unicode-escapes-7.27.1.tgz 0ms (cache hit)
2176 http cache @babel/plugin-transform-typeof-symbol@https://registry.npmjs.org/@babel/plugin-transform-typeof-symbol/-/plugin-transform-typeof-symbol-7.27.1.tgz 0ms (cache hit)
2177 http cache @babel/plugin-transform-template-literals@https://registry.npmjs.org/@babel/plugin-transform-template-literals/-/plugin-transform-template-literals-7.27.1.tgz 0ms (cache hit)
2178 http cache @babel/plugin-transform-sticky-regex@https://registry.npmjs.org/@babel/plugin-transform-sticky-regex/-/plugin-transform-sticky-regex-7.27.1.tgz 0ms (cache hit)
2179 http cache @babel/plugin-transform-shorthand-properties@https://registry.npmjs.org/@babel/plugin-transform-shorthand-properties/-/plugin-transform-shorthand-properties-7.27.1.tgz 0ms (cache hit)
2180 http cache @babel/plugin-transform-runtime@https://registry.npmjs.org/@babel/plugin-transform-runtime/-/plugin-transform-runtime-7.28.5.tgz 0ms (cache hit)
2181 http cache @babel/plugin-transform-spread@https://registry.npmjs.org/@babel/plugin-transform-spread/-/plugin-transform-spread-7.27.1.tgz 0ms (cache hit)
2182 http cache @babel/plugin-transform-reserved-words@https://registry.npmjs.org/@babel/plugin-transform-reserved-words/-/plugin-transform-reserved-words-7.27.1.tgz 0ms (cache hit)
2183 http cache @babel/plugin-transform-regenerator@https://registry.npmjs.org/@babel/plugin-transform-regenerator/-/plugin-transform-regenerator-7.28.4.tgz 0ms (cache hit)
2184 http cache @babel/plugin-transform-regexp-modifiers@https://registry.npmjs.org/@babel/plugin-transform-regexp-modifiers/-/plugin-transform-regexp-modifiers-7.27.1.tgz 0ms (cache hit)
2185 http cache @babel/plugin-transform-react-pure-annotations@https://registry.npmjs.org/@babel/plugin-transform-react-pure-annotations/-/plugin-transform-react-pure-annotations-7.27.1.tgz 0ms (cache hit)
2186 http cache @babel/plugin-transform-react-jsx@https://registry.npmjs.org/@babel/plugin-transform-react-jsx/-/plugin-transform-react-jsx-7.27.1.tgz 0ms (cache hit)
2187 http cache @babel/plugin-transform-react-display-name@https://registry.npmjs.org/@babel/plugin-transform-react-display-name/-/plugin-transform-react-display-name-7.28.0.tgz 0ms (cache hit)
2188 http cache @babel/plugin-transform-react-jsx-development@https://registry.npmjs.org/@babel/plugin-transform-react-jsx-development/-/plugin-transform-react-jsx-development-7.27.1.tgz 1ms (cache hit)
2189 http cache @babel/plugin-transform-react-constant-elements@https://registry.npmjs.org/@babel/plugin-transform-react-constant-elements/-/plugin-transform-react-constant-elements-7.27.1.tgz 0ms (cache hit)
2190 http cache @babel/plugin-transform-private-property-in-object@https://registry.npmjs.org/@babel/plugin-transform-private-property-in-object/-/plugin-transform-private-property-in-object-7.27.1.tgz 0ms (cache hit)
2191 http cache @babel/plugin-transform-property-literals@https://registry.npmjs.org/@babel/plugin-transform-property-literals/-/plugin-transform-property-literals-7.27.1.tgz 0ms (cache hit)
2192 http cache @babel/plugin-transform-parameters@https://registry.npmjs.org/@babel/plugin-transform-parameters/-/plugin-transform-parameters-7.27.7.tgz 0ms (cache hit)
2193 http cache @babel/plugin-transform-private-methods@https://registry.npmjs.org/@babel/plugin-transform-private-methods/-/plugin-transform-private-methods-7.27.1.tgz 0ms (cache hit)
2194 http cache @babel/plugin-transform-optional-chaining@https://registry.npmjs.org/@babel/plugin-transform-optional-chaining/-/plugin-transform-optional-chaining-7.28.5.tgz 0ms (cache hit)
2195 http cache @babel/plugin-transform-object-super@https://registry.npmjs.org/@babel/plugin-transform-object-super/-/plugin-transform-object-super-7.27.1.tgz 0ms (cache hit)
2196 http cache @babel/plugin-transform-optional-catch-binding@https://registry.npmjs.org/@babel/plugin-transform-optional-catch-binding/-/plugin-transform-optional-catch-binding-7.27.1.tgz 0ms (cache hit)
2197 http cache @babel/plugin-transform-object-rest-spread@https://registry.npmjs.org/@babel/plugin-transform-object-rest-spread/-/plugin-transform-object-rest-spread-7.28.4.tgz 0ms (cache hit)
2198 http cache @babel/plugin-transform-numeric-separator@https://registry.npmjs.org/@babel/plugin-transform-numeric-separator/-/plugin-transform-numeric-separator-7.27.1.tgz 0ms (cache hit)
2199 http cache @babel/plugin-transform-nullish-coalescing-operator@https://registry.npmjs.org/@babel/plugin-transform-nullish-coalescing-operator/-/plugin-transform-nullish-coalescing-operator-7.27.1.tgz 0ms (cache hit)
2200 http cache @babel/plugin-transform-new-target@https://registry.npmjs.org/@babel/plugin-transform-new-target/-/plugin-transform-new-target-7.27.1.tgz 0ms (cache hit)
2201 http cache @babel/plugin-transform-modules-umd@https://registry.npmjs.org/@babel/plugin-transform-modules-umd/-/plugin-transform-modules-umd-7.27.1.tgz 0ms (cache hit)
2202 http cache @babel/plugin-transform-modules-systemjs@https://registry.npmjs.org/@babel/plugin-transform-modules-systemjs/-/plugin-transform-modules-systemjs-7.28.5.tgz 0ms (cache hit)
2203 http cache @babel/plugin-transform-named-capturing-groups-regex@https://registry.npmjs.org/@babel/plugin-transform-named-capturing-groups-regex/-/plugin-transform-named-capturing-groups-regex-7.27.1.tgz 0ms (cache hit)
2204 http cache @babel/plugin-transform-modules-commonjs@https://registry.npmjs.org/@babel/plugin-transform-modules-commonjs/-/plugin-transform-modules-commonjs-7.27.1.tgz 0ms (cache hit)
2205 http cache @babel/plugin-transform-member-expression-literals@https://registry.npmjs.org/@babel/plugin-transform-member-expression-literals/-/plugin-transform-member-expression-literals-7.27.1.tgz 0ms (cache hit)
2206 http cache @babel/plugin-transform-modules-amd@https://registry.npmjs.org/@babel/plugin-transform-modules-amd/-/plugin-transform-modules-amd-7.27.1.tgz 0ms (cache hit)
2207 http cache @babel/plugin-transform-logical-assignment-operators@https://registry.npmjs.org/@babel/plugin-transform-logical-assignment-operators/-/plugin-transform-logical-assignment-operators-7.28.5.tgz 0ms (cache hit)
2208 http cache @babel/plugin-transform-json-strings@https://registry.npmjs.org/@babel/plugin-transform-json-strings/-/plugin-transform-json-strings-7.27.1.tgz 0ms (cache hit)
2209 http cache @babel/plugin-transform-function-name@https://registry.npmjs.org/@babel/plugin-transform-function-name/-/plugin-transform-function-name-7.27.1.tgz 0ms (cache hit)
2210 http cache @babel/plugin-transform-literals@https://registry.npmjs.org/@babel/plugin-transform-literals/-/plugin-transform-literals-7.27.1.tgz 0ms (cache hit)
2211 http cache @babel/plugin-transform-for-of@https://registry.npmjs.org/@babel/plugin-transform-for-of/-/plugin-transform-for-of-7.27.1.tgz 0ms (cache hit)
2212 http cache @babel/plugin-transform-export-namespace-from@https://registry.npmjs.org/@babel/plugin-transform-export-namespace-from/-/plugin-transform-export-namespace-from-7.27.1.tgz 0ms (cache hit)
2213 http cache @babel/plugin-transform-exponentiation-operator@https://registry.npmjs.org/@babel/plugin-transform-exponentiation-operator/-/plugin-transform-exponentiation-operator-7.28.5.tgz 0ms (cache hit)
2214 http cache @babel/plugin-transform-flow-strip-types@https://registry.npmjs.org/@babel/plugin-transform-flow-strip-types/-/plugin-transform-flow-strip-types-7.27.1.tgz 0ms (cache hit)
2215 http cache @babel/plugin-transform-explicit-resource-management@https://registry.npmjs.org/@babel/plugin-transform-explicit-resource-management/-/plugin-transform-explicit-resource-management-7.28.0.tgz 0ms (cache hit)
2216 http cache @babel/plugin-transform-duplicate-named-capturing-groups-regex@https://registry.npmjs.org/@babel/plugin-transform-duplicate-named-capturing-groups-regex/-/plugin-transform-duplicate-named-capturing-groups-regex-7.27.1.tgz 0ms (cache hit)
2217 http cache @babel/plugin-transform-dynamic-import@https://registry.npmjs.org/@babel/plugin-transform-dynamic-import/-/plugin-transform-dynamic-import-7.27.1.tgz 0ms (cache hit)
2218 http cache @babel/plugin-transform-duplicate-keys@https://registry.npmjs.org/@babel/plugin-transform-duplicate-keys/-/plugin-transform-duplicate-keys-7.27.1.tgz 0ms (cache hit)
2219 http cache @babel/plugin-transform-dotall-regex@https://registry.npmjs.org/@babel/plugin-transform-dotall-regex/-/plugin-transform-dotall-regex-7.27.1.tgz 0ms (cache hit)
2220 http cache @babel/plugin-transform-destructuring@https://registry.npmjs.org/@babel/plugin-transform-destructuring/-/plugin-transform-destructuring-7.28.5.tgz 0ms (cache hit)
2221 http cache @babel/plugin-transform-class-static-block@https://registry.npmjs.org/@babel/plugin-transform-class-static-block/-/plugin-transform-class-static-block-7.28.3.tgz 0ms (cache hit)
2222 http cache @babel/plugin-transform-computed-properties@https://registry.npmjs.org/@babel/plugin-transform-computed-properties/-/plugin-transform-computed-properties-7.27.1.tgz 0ms (cache hit)
2223 http cache @babel/plugin-transform-class-properties@https://registry.npmjs.org/@babel/plugin-transform-class-properties/-/plugin-transform-class-properties-7.27.1.tgz 0ms (cache hit)
2224 http cache @babel/plugin-transform-classes@https://registry.npmjs.org/@babel/plugin-transform-classes/-/plugin-transform-classes-7.28.4.tgz 0ms (cache hit)
2225 http cache @babel/plugin-transform-block-scoping@https://registry.npmjs.org/@babel/plugin-transform-block-scoping/-/plugin-transform-block-scoping-7.28.5.tgz 0ms (cache hit)
2226 http cache @babel/plugin-transform-async-to-generator@https://registry.npmjs.org/@babel/plugin-transform-async-to-generator/-/plugin-transform-async-to-generator-7.27.1.tgz 0ms (cache hit)
2227 http cache @babel/plugin-transform-block-scoped-functions@https://registry.npmjs.org/@babel/plugin-transform-block-scoped-functions/-/plugin-transform-block-scoped-functions-7.27.1.tgz 0ms (cache hit)
2228 http cache @babel/plugin-transform-async-generator-functions@https://registry.npmjs.org/@babel/plugin-transform-async-generator-functions/-/plugin-transform-async-generator-functions-7.28.0.tgz 0ms (cache hit)
2229 http cache @babel/plugin-syntax-unicode-sets-regex@https://registry.npmjs.org/@babel/plugin-syntax-unicode-sets-regex/-/plugin-syntax-unicode-sets-regex-7.18.6.tgz 0ms (cache hit)
2230 http cache @babel/plugin-transform-arrow-functions@https://registry.npmjs.org/@babel/plugin-transform-arrow-functions/-/plugin-transform-arrow-functions-7.27.1.tgz 0ms (cache hit)
2231 http cache @babel/plugin-syntax-private-property-in-object@https://registry.npmjs.org/@babel/plugin-syntax-private-property-in-object/-/plugin-syntax-private-property-in-object-7.14.5.tgz 0ms (cache hit)
2232 http cache @babel/plugin-syntax-typescript@https://registry.npmjs.org/@babel/plugin-syntax-typescript/-/plugin-syntax-typescript-7.27.1.tgz 0ms (cache hit)
2233 http cache @babel/plugin-syntax-top-level-await@https://registry.npmjs.org/@babel/plugin-syntax-top-level-await/-/plugin-syntax-top-level-await-7.14.5.tgz 0ms (cache hit)
2234 http cache @babel/plugin-syntax-object-rest-spread@https://registry.npmjs.org/@babel/plugin-syntax-object-rest-spread/-/plugin-syntax-object-rest-spread-7.8.3.tgz 0ms (cache hit)
2235 http cache @babel/plugin-syntax-optional-catch-binding@https://registry.npmjs.org/@babel/plugin-syntax-optional-catch-binding/-/plugin-syntax-optional-catch-binding-7.8.3.tgz 0ms (cache hit)
2236 http cache @babel/plugin-syntax-optional-chaining@https://registry.npmjs.org/@babel/plugin-syntax-optional-chaining/-/plugin-syntax-optional-chaining-7.8.3.tgz 0ms (cache hit)
2237 http cache @babel/plugin-syntax-numeric-separator@https://registry.npmjs.org/@babel/plugin-syntax-numeric-separator/-/plugin-syntax-numeric-separator-7.10.4.tgz 0ms (cache hit)
2238 http cache @babel/plugin-syntax-jsx@https://registry.npmjs.org/@babel/plugin-syntax-jsx/-/plugin-syntax-jsx-7.27.1.tgz 0ms (cache hit)
2239 http cache @babel/plugin-syntax-logical-assignment-operators@https://registry.npmjs.org/@babel/plugin-syntax-logical-assignment-operators/-/plugin-syntax-logical-assignment-operators-7.10.4.tgz 0ms (cache hit)
2240 http cache @babel/plugin-syntax-nullish-coalescing-operator@https://registry.npmjs.org/@babel/plugin-syntax-nullish-coalescing-operator/-/plugin-syntax-nullish-coalescing-operator-7.8.3.tgz 0ms (cache hit)
2241 http cache @babel/plugin-syntax-json-strings@https://registry.npmjs.org/@babel/plugin-syntax-json-strings/-/plugin-syntax-json-strings-7.8.3.tgz 0ms (cache hit)
2242 http cache @babel/plugin-syntax-import-attributes@https://registry.npmjs.org/@babel/plugin-syntax-import-attributes/-/plugin-syntax-import-attributes-7.27.1.tgz 0ms (cache hit)
2243 http cache @babel/plugin-syntax-import-meta@https://registry.npmjs.org/@babel/plugin-syntax-import-meta/-/plugin-syntax-import-meta-7.10.4.tgz 0ms (cache hit)
2244 http cache @babel/plugin-syntax-import-assertions@https://registry.npmjs.org/@babel/plugin-syntax-import-assertions/-/plugin-syntax-import-assertions-7.27.1.tgz 0ms (cache hit)
2245 http cache @babel/plugin-syntax-flow@https://registry.npmjs.org/@babel/plugin-syntax-flow/-/plugin-syntax-flow-7.27.1.tgz 0ms (cache hit)
2246 http cache @babel/plugin-syntax-decorators@https://registry.npmjs.org/@babel/plugin-syntax-decorators/-/plugin-syntax-decorators-7.27.1.tgz 0ms (cache hit)
2247 http cache @babel/plugin-syntax-class-properties@https://registry.npmjs.org/@babel/plugin-syntax-class-properties/-/plugin-syntax-class-properties-7.12.13.tgz 0ms (cache hit)
2248 http cache @babel/plugin-syntax-class-static-block@https://registry.npmjs.org/@babel/plugin-syntax-class-static-block/-/plugin-syntax-class-static-block-7.14.5.tgz 0ms (cache hit)
2249 http cache @babel/plugin-syntax-bigint@https://registry.npmjs.org/@babel/plugin-syntax-bigint/-/plugin-syntax-bigint-7.8.3.tgz 0ms (cache hit)
2250 http cache @babel/plugin-syntax-async-generators@https://registry.npmjs.org/@babel/plugin-syntax-async-generators/-/plugin-syntax-async-generators-7.8.4.tgz 0ms (cache hit)
2251 http cache @babel/plugin-proposal-private-property-in-object@https://registry.npmjs.org/@babel/plugin-proposal-private-property-in-object/-/plugin-proposal-private-property-in-object-7.21.0-placeholder-for-preset-env.2.tgz 0ms (cache hit)
2252 http cache @babel/plugin-proposal-private-methods@https://registry.npmjs.org/@babel/plugin-proposal-private-methods/-/plugin-proposal-private-methods-7.18.6.tgz 0ms (cache hit)
2253 http cache @babel/plugin-proposal-numeric-separator@https://registry.npmjs.org/@babel/plugin-proposal-numeric-separator/-/plugin-proposal-numeric-separator-7.18.6.tgz 0ms (cache hit)
2254 http cache @babel/plugin-proposal-optional-chaining@https://registry.npmjs.org/@babel/plugin-proposal-optional-chaining/-/plugin-proposal-optional-chaining-7.21.0.tgz 0ms (cache hit)
2255 http cache @babel/plugin-proposal-decorators@https://registry.npmjs.org/@babel/plugin-proposal-decorators/-/plugin-proposal-decorators-7.28.0.tgz 0ms (cache hit)
2256 http cache @babel/plugin-bugfix-v8-static-class-fields-redefine-readonly@https://registry.npmjs.org/@babel/plugin-bugfix-v8-static-class-fields-redefine-readonly/-/plugin-bugfix-v8-static-class-fields-redefine-readonly-7.28.3.tgz 0ms (cache hit)
2257 http cache @babel/plugin-proposal-nullish-coalescing-operator@https://registry.npmjs.org/@babel/plugin-proposal-nullish-coalescing-operator/-/plugin-proposal-nullish-coalescing-operator-7.18.6.tgz 0ms (cache hit)
2258 http cache @babel/plugin-proposal-class-properties@https://registry.npmjs.org/@babel/plugin-proposal-class-properties/-/plugin-proposal-class-properties-7.18.6.tgz 0ms (cache hit)
2259 http cache @babel/plugin-bugfix-v8-spread-parameters-in-optional-chaining@https://registry.npmjs.org/@babel/plugin-bugfix-v8-spread-parameters-in-optional-chaining/-/plugin-bugfix-v8-spread-parameters-in-optional-chaining-7.27.1.tgz 0ms (cache hit)
2260 http cache @babel/plugin-bugfix-safari-class-field-initializer-scope@https://registry.npmjs.org/@babel/plugin-bugfix-safari-class-field-initializer-scope/-/plugin-bugfix-safari-class-field-initializer-scope-7.27.1.tgz 0ms (cache hit)
2261 http cache @babel/plugin-bugfix-safari-id-destructuring-collision-in-function-expression@https://registry.npmjs.org/@babel/plugin-bugfix-safari-id-destructuring-collision-in-function-expression/-/plugin-bugfix-safari-id-destructuring-collision-in-function-expression-7.27.1.tgz 0ms (cache hit)
2262 http cache @babel/parser@https://registry.npmjs.org/@babel/parser/-/parser-7.28.5.tgz 0ms (cache hit)
2263 http cache @babel/plugin-bugfix-firefox-class-in-computed-class-key@https://registry.npmjs.org/@babel/plugin-bugfix-firefox-class-in-computed-class-key/-/plugin-bugfix-firefox-class-in-computed-class-key-7.28.5.tgz 0ms (cache hit)
2264 http cache @babel/helpers@https://registry.npmjs.org/@babel/helpers/-/helpers-7.28.4.tgz 0ms (cache hit)
2265 http cache @babel/helper-wrap-function@https://registry.npmjs.org/@babel/helper-wrap-function/-/helper-wrap-function-7.28.3.tgz 0ms (cache hit)
2266 http cache @babel/helper-validator-option@https://registry.npmjs.org/@babel/helper-validator-option/-/helper-validator-option-7.27.1.tgz 0ms (cache hit)
2267 http cache @babel/helper-validator-identifier@https://registry.npmjs.org/@babel/helper-validator-identifier/-/helper-validator-identifier-7.28.5.tgz 0ms (cache hit)
2268 http cache @babel/helper-string-parser@https://registry.npmjs.org/@babel/helper-string-parser/-/helper-string-parser-7.27.1.tgz 0ms (cache hit)
2269 http cache @babel/helper-skip-transparent-expression-wrappers@https://registry.npmjs.org/@babel/helper-skip-transparent-expression-wrappers/-/helper-skip-transparent-expression-wrappers-7.27.1.tgz 0ms (cache hit)
2270 http cache @babel/helper-replace-supers@https://registry.npmjs.org/@babel/helper-replace-supers/-/helper-replace-supers-7.27.1.tgz 0ms (cache hit)
2271 http cache @babel/helper-optimise-call-expression@https://registry.npmjs.org/@babel/helper-optimise-call-expression/-/helper-optimise-call-expression-7.27.1.tgz 0ms (cache hit)
2272 http cache @babel/helper-module-transforms@https://registry.npmjs.org/@babel/helper-module-transforms/-/helper-module-transforms-7.28.3.tgz 0ms (cache hit)
2273 http cache @babel/helper-remap-async-to-generator@https://registry.npmjs.org/@babel/helper-remap-async-to-generator/-/helper-remap-async-to-generator-7.27.1.tgz 0ms (cache hit)
2274 http cache @babel/helper-module-imports@https://registry.npmjs.org/@babel/helper-module-imports/-/helper-module-imports-7.27.1.tgz 0ms (cache hit)
2275 http cache @babel/helper-plugin-utils@https://registry.npmjs.org/@babel/helper-plugin-utils/-/helper-plugin-utils-7.27.1.tgz 0ms (cache hit)
2276 http cache @babel/helper-member-expression-to-functions@https://registry.npmjs.org/@babel/helper-member-expression-to-functions/-/helper-member-expression-to-functions-7.28.5.tgz 0ms (cache hit)
2277 http cache @babel/helper-define-polyfill-provider@https://registry.npmjs.org/@babel/helper-define-polyfill-provider/-/helper-define-polyfill-provider-0.6.5.tgz 0ms (cache hit)
2278 http cache @babel/helper-create-regexp-features-plugin@https://registry.npmjs.org/@babel/helper-create-regexp-features-plugin/-/helper-create-regexp-features-plugin-7.28.5.tgz 0ms (cache hit)
2279 http cache @babel/helper-globals@https://registry.npmjs.org/@babel/helper-globals/-/helper-globals-7.28.0.tgz 0ms (cache hit)
2280 http cache @babel/helper-compilation-targets@https://registry.npmjs.org/@babel/helper-compilation-targets/-/helper-compilation-targets-7.27.2.tgz 0ms (cache hit)
2281 http cache @babel/helper-annotate-as-pure@https://registry.npmjs.org/@babel/helper-annotate-as-pure/-/helper-annotate-as-pure-7.27.3.tgz 0ms (cache hit)
2282 http cache @babel/generator@https://registry.npmjs.org/@babel/generator/-/generator-7.28.5.tgz 0ms (cache hit)
2283 http cache @babel/helper-create-class-features-plugin@https://registry.npmjs.org/@babel/helper-create-class-features-plugin/-/helper-create-class-features-plugin-7.28.5.tgz 0ms (cache hit)
2284 http cache @babel/eslint-parser@https://registry.npmjs.org/@babel/eslint-parser/-/eslint-parser-7.28.5.tgz 0ms (cache hit)
2285 http cache @babel/compat-data@https://registry.npmjs.org/@babel/compat-data/-/compat-data-7.28.5.tgz 0ms (cache hit)
2286 http cache @babel/core@https://registry.npmjs.org/@babel/core/-/core-7.28.5.tgz 0ms (cache hit)
2287 http cache strip-bom@https://registry.npmjs.org/strip-bom/-/strip-bom-3.0.0.tgz 0ms (cache hit)
2288 http cache @babel/code-frame@https://registry.npmjs.org/@babel/code-frame/-/code-frame-7.27.1.tgz 0ms (cache hit)
2289 http cache @alloc/quick-lru@https://registry.npmjs.org/@alloc/quick-lru/-/quick-lru-5.2.0.tgz 0ms (cache hit)
2290 http cache @adobe/css-tools@https://registry.npmjs.org/@adobe/css-tools/-/css-tools-4.4.4.tgz 0ms (cache hit)
2291 http cache pify@https://registry.npmjs.org/pify/-/pify-4.0.1.tgz 0ms (cache hit)
2292 http cache is-obj@https://registry.npmjs.org/is-obj/-/is-obj-2.0.0.tgz 0ms (cache hit)
2293 http cache strip-json-comments@https://registry.npmjs.org/strip-json-comments/-/strip-json-comments-2.0.1.tgz 0ms (cache hit)
2294 http cache hosted-git-info@https://registry.npmjs.org/hosted-git-info/-/hosted-git-info-2.8.9.tgz 0ms (cache hit)
2295 http cache ini@https://registry.npmjs.org/ini/-/ini-2.0.0.tgz 0ms (cache hit)
2296 http cache type-fest@https://registry.npmjs.org/type-fest/-/type-fest-0.6.0.tgz 0ms (cache hit)
2297 http cache cookie@https://registry.npmjs.org/cookie/-/cookie-1.1.1.tgz 0ms (cache hit)
2298 http cache semver@https://registry.npmjs.org/semver/-/semver-5.7.2.tgz 0ms (cache hit)
2299 http cache json-buffer@https://registry.npmjs.org/json-buffer/-/json-buffer-3.0.0.tgz 0ms (cache hit)
2300 http cache normalize-package-data@https://registry.npmjs.org/normalize-package-data/-/normalize-package-data-2.5.0.tgz 0ms (cache hit)
2301 http cache lowercase-keys@https://registry.npmjs.org/lowercase-keys/-/lowercase-keys-2.0.0.tgz 0ms (cache hit)
2302 http cache get-stream@https://registry.npmjs.org/get-stream/-/get-stream-5.2.0.tgz 0ms (cache hit)
2303 http cache get-stream@https://registry.npmjs.org/get-stream/-/get-stream-4.1.0.tgz 0ms (cache hit)
2304 http cache type-fest@https://registry.npmjs.org/type-fest/-/type-fest-0.8.1.tgz 0ms (cache hit)
2305 http cache normalize-url@https://registry.npmjs.org/normalize-url/-/normalize-url-4.5.1.tgz 0ms (cache hit)
2306 http cache keyv@https://registry.npmjs.org/keyv/-/keyv-3.1.0.tgz 0ms (cache hit)
2307 http cache is-plain-obj@https://registry.npmjs.org/is-plain-obj/-/is-plain-obj-1.1.0.tgz 0ms (cache hit)
2308 http cache camelcase@https://registry.npmjs.org/camelcase/-/camelcase-5.3.1.tgz 0ms (cache hit)
2309 http cache lru-cache@https://registry.npmjs.org/lru-cache/-/lru-cache-6.0.0.tgz 0ms (cache hit)
2310 http cache yallist@https://registry.npmjs.org/yallist/-/yallist-4.0.0.tgz 0ms (cache hit)
2311 http cache map-obj@https://registry.npmjs.org/map-obj/-/map-obj-1.0.1.tgz 0ms (cache hit)
2312 http cache escape-string-regexp@https://registry.npmjs.org/escape-string-regexp/-/escape-string-regexp-1.0.5.tgz 0ms (cache hit)
2313 http cache which@https://registry.npmjs.org/which/-/which-1.3.1.tgz 0ms (cache hit)
2314 http cache tslib@https://registry.npmjs.org/tslib/-/tslib-1.14.1.tgz 0ms (cache hit)
2315 http cache iconv-lite@https://registry.npmjs.org/iconv-lite/-/iconv-lite-0.4.24.tgz 0ms (cache hit)
2316 http cache global-modules@https://registry.npmjs.org/global-modules/-/global-modules-1.0.0.tgz 0ms (cache hit)
2317 http cache entities@https://registry.npmjs.org/entities/-/entities-4.5.0.tgz 0ms (cache hit)
2318 http cache global-prefix@https://registry.npmjs.org/global-prefix/-/global-prefix-1.0.2.tgz 0ms (cache hit)
2319 http cache arrify@https://registry.npmjs.org/arrify/-/arrify-2.0.1.tgz 0ms (cache hit)
2320 http cache estree-walker@https://registry.npmjs.org/estree-walker/-/estree-walker-2.0.2.tgz 0ms (cache hit)
2321 http cache has-flag@https://registry.npmjs.org/has-flag/-/has-flag-3.0.0.tgz 0ms (cache hit)
2322 http cache magic-string@https://registry.npmjs.org/magic-string/-/magic-string-0.30.21.tgz 0ms (cache hit)
2323 http cache supports-color@https://registry.npmjs.org/supports-color/-/supports-color-5.5.0.tgz 0ms (cache hit)
2324 http cache estree-walker@https://registry.npmjs.org/estree-walker/-/estree-walker-2.0.2.tgz 0ms (cache hit)
2325 http cache color-name@https://registry.npmjs.org/color-name/-/color-name-1.1.3.tgz 0ms (cache hit)
2326 http cache color-convert@https://registry.npmjs.org/color-convert/-/color-convert-1.9.3.tgz 0ms (cache hit)
2327 http cache ansi-styles@https://registry.npmjs.org/ansi-styles/-/ansi-styles-3.2.1.tgz 0ms (cache hit)
2328 http cache semver@https://registry.npmjs.org/semver/-/semver-6.3.1.tgz 1ms (cache hit)
2329 http cache escape-string-regexp@https://registry.npmjs.org/escape-string-regexp/-/escape-string-regexp-1.0.5.tgz 0ms (cache hit)
2330 http cache chalk@https://registry.npmjs.org/chalk/-/chalk-2.4.2.tgz 0ms (cache hit)
2331 http cache js-yaml@https://registry.npmjs.org/js-yaml/-/js-yaml-4.1.1.tgz 0ms (cache hit)
2332 http cache js-tokens@https://registry.npmjs.org/js-tokens/-/js-tokens-3.0.2.tgz 0ms (cache hit)
2333 http cache argparse@https://registry.npmjs.org/argparse/-/argparse-2.0.1.tgz 0ms (cache hit)
2334 http cache semver@https://registry.npmjs.org/semver/-/semver-6.3.1.tgz 0ms (cache hit)
2335 http cache p-limit@https://registry.npmjs.org/p-limit/-/p-limit-3.1.0.tgz 0ms (cache hit)
2336 http cache locate-path@https://registry.npmjs.org/locate-path/-/locate-path-6.0.0.tgz 0ms (cache hit)
2337 http cache p-locate@https://registry.npmjs.org/p-locate/-/p-locate-5.0.0.tgz 0ms (cache hit)
2338 http cache find-up@https://registry.npmjs.org/find-up/-/find-up-5.0.0.tgz 0ms (cache hit)
2339 http cache brace-expansion@https://registry.npmjs.org/brace-expansion/-/brace-expansion-2.0.2.tgz 0ms (cache hit)
2340 http cache type-fest@https://registry.npmjs.org/type-fest/-/type-fest-0.18.1.tgz 0ms (cache hit)
2341 http cache minimatch@https://registry.npmjs.org/minimatch/-/minimatch-7.4.6.tgz 0ms (cache hit)
2342 http cache color-convert@https://registry.npmjs.org/color-convert/-/color-convert-1.9.3.tgz 0ms (cache hit)
2343 http cache ci-info@https://registry.npmjs.org/ci-info/-/ci-info-2.0.0.tgz 0ms (cache hit)
2344 http cache color-name@https://registry.npmjs.org/color-name/-/color-name-1.1.3.tgz 0ms (cache hit)
2345 http cache has-flag@https://registry.npmjs.org/has-flag/-/has-flag-3.0.0.tgz 0ms (cache hit)
2346 http cache supports-color@https://registry.npmjs.org/supports-color/-/supports-color-5.5.0.tgz 0ms (cache hit)
2347 http cache escape-string-regexp@https://registry.npmjs.org/escape-string-regexp/-/escape-string-regexp-1.0.5.tgz 0ms (cache hit)
2348 http cache ansi-styles@https://registry.npmjs.org/ansi-styles/-/ansi-styles-3.2.1.tgz 0ms (cache hit)
2349 http cache escape-string-regexp@https://registry.npmjs.org/escape-string-regexp/-/escape-string-regexp-1.0.5.tgz 0ms (cache hit)
2350 http cache escape-string-regexp@https://registry.npmjs.org/escape-string-regexp/-/escape-string-regexp-1.0.5.tgz 0ms (cache hit)
2351 http cache fs-extra@https://registry.npmjs.org/fs-extra/-/fs-extra-11.3.2.tgz 0ms (cache hit)
2352 http cache commander@https://registry.npmjs.org/commander/-/commander-13.1.0.tgz 0ms (cache hit)
2353 http cache p-limit@https://registry.npmjs.org/p-limit/-/p-limit-3.1.0.tgz 0ms (cache hit)
2354 http cache p-locate@https://registry.npmjs.org/p-locate/-/p-locate-5.0.0.tgz 0ms (cache hit)
2355 http cache find-up@https://registry.npmjs.org/find-up/-/find-up-5.0.0.tgz 0ms (cache hit)
2356 http cache chalk@https://registry.npmjs.org/chalk/-/chalk-2.4.2.tgz 0ms (cache hit)
2357 http cache whatwg-url@https://registry.npmjs.org/whatwg-url/-/whatwg-url-7.1.0.tgz 0ms (cache hit)
2358 http cache locate-path@https://registry.npmjs.org/locate-path/-/locate-path-6.0.0.tgz 0ms (cache hit)
2359 http cache pkg-dir@https://registry.npmjs.org/pkg-dir/-/pkg-dir-5.0.0.tgz 0ms (cache hit)
2360 http cache webpack-sources@https://registry.npmjs.org/webpack-sources/-/webpack-sources-1.4.3.tgz 0ms (cache hit)
2361 http cache source-map@https://registry.npmjs.org/source-map/-/source-map-0.6.1.tgz 0ms (cache hit)
2362 http cache webidl-conversions@https://registry.npmjs.org/webidl-conversions/-/webidl-conversions-4.0.2.tgz 0ms (cache hit)
2363 http cache fs-extra@https://registry.npmjs.org/fs-extra/-/fs-extra-9.1.0.tgz 0ms (cache hit)
2364 http cache iconv-lite@https://registry.npmjs.org/iconv-lite/-/iconv-lite-0.4.24.tgz 1ms (cache hit)
2365 http cache tr46@https://registry.npmjs.org/tr46/-/tr46-1.0.1.tgz 0ms (cache hit)
2366 http cache @apideck/better-ajv-errors@https://registry.npmjs.org/@apideck/better-ajv-errors/-/better-ajv-errors-0.3.6.tgz 0ms (cache hit)
2367 http cache ajv@https://registry.npmjs.org/ajv/-/ajv-8.17.1.tgz 0ms (cache hit)
2368 http cache json-schema-traverse@https://registry.npmjs.org/json-schema-traverse/-/json-schema-traverse-1.0.0.tgz 0ms (cache hit)
2369 http cache webpack-sources@https://registry.npmjs.org/webpack-sources/-/webpack-sources-2.3.1.tgz 0ms (cache hit)
2370 http cache source-map@https://registry.npmjs.org/source-map/-/source-map-0.8.0-beta.0.tgz 0ms (cache hit)
2371 http cache estraverse@https://registry.npmjs.org/estraverse/-/estraverse-4.3.0.tgz 0ms (cache hit)
2372 http cache ws@https://registry.npmjs.org/ws/-/ws-8.18.3.tgz 0ms (cache hit)
2373 http cache source-map@https://registry.npmjs.org/source-map/-/source-map-0.6.1.tgz 0ms (cache hit)
2374 http cache tslib@https://registry.npmjs.org/tslib/-/tslib-1.14.1.tgz 0ms (cache hit)
2375 http cache eslint-scope@https://registry.npmjs.org/eslint-scope/-/eslint-scope-5.1.1.tgz 0ms (cache hit)
2376 http cache convert-source-map@https://registry.npmjs.org/convert-source-map/-/convert-source-map-1.9.0.tgz 0ms (cache hit)
2377 http cache universalify@https://registry.npmjs.org/universalify/-/universalify-0.2.0.tgz 0ms (cache hit)
2378 http cache strip-bom@https://registry.npmjs.org/strip-bom/-/strip-bom-3.0.0.tgz 0ms (cache hit)
2379 http cache json5@https://registry.npmjs.org/json5/-/json5-1.0.2.tgz 0ms (cache hit)
2380 http cache commander@https://registry.npmjs.org/commander/-/commander-2.20.3.tgz 0ms (cache hit)
2381 http cache picomatch@https://registry.npmjs.org/picomatch/-/picomatch-4.0.3.tgz 0ms (cache hit)
2382 http cache fdir@https://registry.npmjs.org/fdir/-/fdir-6.5.0.tgz 0ms (cache hit)
2383 http cache type-fest@https://registry.npmjs.org/type-fest/-/type-fest-0.16.0.tgz 0ms (cache hit)
2384 http cache lilconfig@https://registry.npmjs.org/lilconfig/-/lilconfig-3.1.3.tgz 0ms (cache hit)
2385 http cache has-flag@https://registry.npmjs.org/has-flag/-/has-flag-3.0.0.tgz 0ms (cache hit)
2386 http cache supports-color@https://registry.npmjs.org/supports-color/-/supports-color-5.5.0.tgz 0ms (cache hit)
2387 http cache nth-check@https://registry.npmjs.org/nth-check/-/nth-check-1.0.2.tgz 0ms (cache hit)
2388 http cache postcss-load-config@https://registry.npmjs.org/postcss-load-config/-/postcss-load-config-6.0.1.tgz 0ms (cache hit)
2389 http cache domutils@https://registry.npmjs.org/domutils/-/domutils-1.7.0.tgz 0ms (cache hit)
2390 http cache dom-serializer@https://registry.npmjs.org/dom-serializer/-/dom-serializer-0.2.2.tgz 0ms (cache hit)
2391 http cache domelementtype@https://registry.npmjs.org/domelementtype/-/domelementtype-1.3.1.tgz 0ms (cache hit)
2392 http cache escape-string-regexp@https://registry.npmjs.org/escape-string-regexp/-/escape-string-regexp-1.0.5.tgz 0ms (cache hit)
2393 http cache css-select@https://registry.npmjs.org/css-select/-/css-select-2.1.0.tgz 0ms (cache hit)
2394 http cache css-what@https://registry.npmjs.org/css-what/-/css-what-3.4.2.tgz 0ms (cache hit)
2395 http cache color-name@https://registry.npmjs.org/color-name/-/color-name-1.1.3.tgz 0ms (cache hit)
2396 http cache color-convert@https://registry.npmjs.org/color-convert/-/color-convert-1.9.3.tgz 0ms (cache hit)
2397 http cache commander@https://registry.npmjs.org/commander/-/commander-4.1.1.tgz 0ms (cache hit)
2398 http cache type-check@https://registry.npmjs.org/type-check/-/type-check-0.3.2.tgz 0ms (cache hit)
2399 http cache chalk@https://registry.npmjs.org/chalk/-/chalk-2.4.2.tgz 0ms (cache hit)
2400 http cache ansi-styles@https://registry.npmjs.org/ansi-styles/-/ansi-styles-3.2.1.tgz 0ms (cache hit)
2401 http cache emoji-regex@https://registry.npmjs.org/emoji-regex/-/emoji-regex-8.0.0.tgz 0ms (cache hit)
2402 http cache escape-string-regexp@https://registry.npmjs.org/escape-string-regexp/-/escape-string-regexp-2.0.0.tgz 0ms (cache hit)
2403 http cache source-map@https://registry.npmjs.org/source-map/-/source-map-0.6.1.tgz 0ms (cache hit)
2404 http cache optionator@https://registry.npmjs.org/optionator/-/optionator-0.8.3.tgz 0ms (cache hit)
2405 http cache encodeurl@https://registry.npmjs.org/encodeurl/-/encodeurl-1.0.2.tgz 0ms (cache hit)
2406 http cache prelude-ls@https://registry.npmjs.org/prelude-ls/-/prelude-ls-1.1.2.tgz 0ms (cache hit)
2407 http cache levn@https://registry.npmjs.org/levn/-/levn-0.3.0.tgz 0ms (cache hit)
2408 http cache estraverse@https://registry.npmjs.org/estraverse/-/estraverse-4.3.0.tgz 0ms (cache hit)
2409 http cache source-map@https://registry.npmjs.org/source-map/-/source-map-0.6.1.tgz 0ms (cache hit)
2410 http cache escodegen@https://registry.npmjs.org/escodegen/-/escodegen-1.14.3.tgz 1ms (cache hit)
2411 http cache statuses@https://registry.npmjs.org/statuses/-/statuses-2.0.1.tgz 0ms (cache hit)
2412 http cache send@https://registry.npmjs.org/send/-/send-0.19.0.tgz 0ms (cache hit)
2413 http cache debug@https://registry.npmjs.org/debug/-/debug-2.6.9.tgz 0ms (cache hit)
2414 http cache http-errors@https://registry.npmjs.org/http-errors/-/http-errors-2.0.0.tgz 0ms (cache hit)
2415 http cache setprototypeof@https://registry.npmjs.org/setprototypeof/-/setprototypeof-1.1.0.tgz 0ms (cache hit)
2416 http cache ms@https://registry.npmjs.org/ms/-/ms-2.0.0.tgz 0ms (cache hit)
2417 http cache statuses@https://registry.npmjs.org/statuses/-/statuses-1.5.0.tgz 0ms (cache hit)
2418 http cache ms@https://registry.npmjs.org/ms/-/ms-2.0.0.tgz 0ms (cache hit)
2419 http cache statuses@https://registry.npmjs.org/statuses/-/statuses-2.0.1.tgz 0ms (cache hit)
2420 http cache http-errors@https://registry.npmjs.org/http-errors/-/http-errors-1.6.3.tgz 0ms (cache hit)
2421 http cache json-schema-traverse@https://registry.npmjs.org/json-schema-traverse/-/json-schema-traverse-1.0.0.tgz 0ms (cache hit)
2422 http cache depd@https://registry.npmjs.org/depd/-/depd-1.1.2.tgz 0ms (cache hit)
2423 http cache debug@https://registry.npmjs.org/debug/-/debug-2.6.9.tgz 0ms (cache hit)
2424 http cache ajv-keywords@https://registry.npmjs.org/ajv-keywords/-/ajv-keywords-5.1.0.tgz 0ms (cache hit)
2425 http cache inherits@https://registry.npmjs.org/inherits/-/inherits-2.0.3.tgz 0ms (cache hit)
2426 http cache http-errors@https://registry.npmjs.org/http-errors/-/http-errors-2.0.0.tgz 0ms (cache hit)
2427 http cache debug@https://registry.npmjs.org/debug/-/debug-2.6.9.tgz 0ms (cache hit)
2428 http cache ms@https://registry.npmjs.org/ms/-/ms-2.0.0.tgz 0ms (cache hit)
2429 http cache ajv@https://registry.npmjs.org/ajv/-/ajv-8.17.1.tgz 0ms (cache hit)
2430 http cache source-map@https://registry.npmjs.org/source-map/-/source-map-0.6.1.tgz 0ms (cache hit)
2431 http cache postcss@https://registry.npmjs.org/postcss/-/postcss-7.0.39.tgz 0ms (cache hit)
2432 http cache picocolors@https://registry.npmjs.org/picocolors/-/picocolors-0.2.1.tgz 0ms (cache hit)
2433 http cache serialize-javascript@https://registry.npmjs.org/serialize-javascript/-/serialize-javascript-4.0.0.tgz 0ms (cache hit)
2434 http cache jest-worker@https://registry.npmjs.org/jest-worker/-/jest-worker-26.6.2.tgz 0ms (cache hit)
2435 http cache convert-source-map@https://registry.npmjs.org/convert-source-map/-/convert-source-map-1.9.0.tgz 0ms (cache hit)
2436 http cache p-limit@https://registry.npmjs.org/p-limit/-/p-limit-3.1.0.tgz 0ms (cache hit)
2437 http cache p-locate@https://registry.npmjs.org/p-locate/-/p-locate-5.0.0.tgz 0ms (cache hit)
2438 http cache locate-path@https://registry.npmjs.org/locate-path/-/locate-path-6.0.0.tgz 0ms (cache hit)
2439 http cache iconv-lite@https://registry.npmjs.org/iconv-lite/-/iconv-lite-0.4.24.tgz 0ms (cache hit)
2440 http cache find-up@https://registry.npmjs.org/find-up/-/find-up-5.0.0.tgz 0ms (cache hit)
2441 http cache react-is@https://registry.npmjs.org/react-is/-/react-is-16.13.1.tgz 0ms (cache hit)
2442 http cache loader-utils@https://registry.npmjs.org/loader-utils/-/loader-utils-3.3.1.tgz 0ms (cache hit)
2443 http cache svgo@https://registry.npmjs.org/svgo/-/svgo-2.8.0.tgz 0ms (cache hit)
2444 http cache mdn-data@https://registry.npmjs.org/mdn-data/-/mdn-data-2.0.14.tgz 0ms (cache hit)
2445 http cache commander@https://registry.npmjs.org/commander/-/commander-7.2.0.tgz 1ms (cache hit)
2446 http cache ipaddr.js@https://registry.npmjs.org/ipaddr.js/-/ipaddr.js-1.9.1.tgz 0ms (cache hit)
2447 http cache css-tree@https://registry.npmjs.org/css-tree/-/css-tree-1.1.3.tgz 0ms (cache hit)
2448 http cache postcss-selector-parser@https://registry.npmjs.org/postcss-selector-parser/-/postcss-selector-parser-7.1.1.tgz 0ms (cache hit)
2449 http cache ansi-styles@https://registry.npmjs.org/ansi-styles/-/ansi-styles-5.2.0.tgz 0ms (cache hit)
2450 http cache postcss-selector-parser@https://registry.npmjs.org/postcss-selector-parser/-/postcss-selector-parser-7.1.1.tgz 0ms (cache hit)
2451 http cache source-map@https://registry.npmjs.org/source-map/-/source-map-0.6.1.tgz 0ms (cache hit)
2452 http cache path-exists@https://registry.npmjs.org/path-exists/-/path-exists-3.0.0.tgz 0ms (cache hit)
2453 http cache p-locate@https://registry.npmjs.org/p-locate/-/p-locate-3.0.0.tgz 0ms (cache hit)
2454 http cache semver@https://registry.npmjs.org/semver/-/semver-6.3.1.tgz 0ms (cache hit)
2455 http cache supports-color@https://registry.npmjs.org/supports-color/-/supports-color-8.1.1.tgz 0ms (cache hit)
2456 http cache esprima@https://registry.npmjs.org/esprima/-/esprima-1.2.2.tgz 1ms (cache hit)
2457 http cache find-up@https://registry.npmjs.org/find-up/-/find-up-3.0.0.tgz 0ms (cache hit)
2458 http cache locate-path@https://registry.npmjs.org/locate-path/-/locate-path-3.0.0.tgz 0ms (cache hit)
2459 http cache char-regex@https://registry.npmjs.org/char-regex/-/char-regex-2.0.2.tgz 0ms (cache hit)
2460 http cache strip-ansi@https://registry.npmjs.org/strip-ansi/-/strip-ansi-7.1.2.tgz 0ms (cache hit)
2461 http cache ansi-regex@https://registry.npmjs.org/ansi-regex/-/ansi-regex-6.2.2.tgz 0ms (cache hit)
2462 http cache string-length@https://registry.npmjs.org/string-length/-/string-length-5.0.1.tgz 0ms (cache hit)
2463 http cache slash@https://registry.npmjs.org/slash/-/slash-4.0.0.tgz 0ms (cache hit)
2464 http cache react-is@https://registry.npmjs.org/react-is/-/react-is-18.3.1.tgz 0ms (cache hit)
2465 http cache jest-watcher@https://registry.npmjs.org/jest-watcher/-/jest-watcher-28.1.3.tgz 0ms (cache hit)
2466 http cache string-length@https://registry.npmjs.org/string-length/-/string-length-4.0.2.tgz 0ms (cache hit)
2467 http cache strip-ansi@https://registry.npmjs.org/strip-ansi/-/strip-ansi-6.0.1.tgz 0ms (cache hit)
2468 http cache pretty-format@https://registry.npmjs.org/pretty-format/-/pretty-format-28.1.3.tgz 0ms (cache hit)
2469 http cache jest-util@https://registry.npmjs.org/jest-util/-/jest-util-28.1.3.tgz 0ms (cache hit)
2470 http cache jest-message-util@https://registry.npmjs.org/jest-message-util/-/jest-message-util-28.1.3.tgz 0ms (cache hit)
2471 http cache emittery@https://registry.npmjs.org/emittery/-/emittery-0.10.2.tgz 0ms (cache hit)
2472 http cache slash@https://registry.npmjs.org/slash/-/slash-3.0.0.tgz 0ms (cache hit)
2473 http cache ansi-styles@https://registry.npmjs.org/ansi-styles/-/ansi-styles-5.2.0.tgz 0ms (cache hit)
2474 http cache @types/yargs@https://registry.npmjs.org/@types/yargs/-/yargs-17.0.35.tgz 0ms (cache hit)
2475 http cache slash@https://registry.npmjs.org/slash/-/slash-3.0.0.tgz 0ms (cache hit)
2476 http cache jest-regex-util@https://registry.npmjs.org/jest-regex-util/-/jest-regex-util-28.0.2.tgz 0ms (cache hit)
2477 http cache source-map@https://registry.npmjs.org/source-map/-/source-map-0.6.1.tgz 0ms (cache hit)
2478 http cache @jest/test-result@https://registry.npmjs.org/@jest/test-result/-/test-result-28.1.3.tgz 0ms (cache hit)
2479 http cache @jest/types@https://registry.npmjs.org/@jest/types/-/types-28.1.3.tgz 0ms (cache hit)
2480 http cache semver@https://registry.npmjs.org/semver/-/semver-6.3.1.tgz 0ms (cache hit)
2481 http cache resolve-from@https://registry.npmjs.org/resolve-from/-/resolve-from-4.0.0.tgz 0ms (cache hit)
2482 http cache make-dir@https://registry.npmjs.org/make-dir/-/make-dir-4.0.0.tgz 0ms (cache hit)
2483 http cache @jest/console@https://registry.npmjs.org/@jest/console/-/console-28.1.3.tgz 0ms (cache hit)
2484 http cache tapable@https://registry.npmjs.org/tapable/-/tapable-1.1.3.tgz 0ms (cache hit)
2485 http cache safe-buffer@https://registry.npmjs.org/safe-buffer/-/safe-buffer-5.1.2.tgz 0ms (cache hit)
2486 http cache readable-stream@https://registry.npmjs.org/readable-stream/-/readable-stream-2.3.8.tgz 0ms (cache hit)
2487 http cache string_decoder@https://registry.npmjs.org/string_decoder/-/string_decoder-1.1.1.tgz 0ms (cache hit)
2488 http cache which@https://registry.npmjs.org/which/-/which-1.3.1.tgz 0ms (cache hit)
2489 http cache isarray@https://registry.npmjs.org/isarray/-/isarray-1.0.0.tgz 0ms (cache hit)
2490 http cache ms@https://registry.npmjs.org/ms/-/ms-2.0.0.tgz 0ms (cache hit)
2491 http cache schema-utils@https://registry.npmjs.org/schema-utils/-/schema-utils-2.7.0.tgz 0ms (cache hit)
2492 http cache debug@https://registry.npmjs.org/debug/-/debug-2.6.9.tgz 0ms (cache hit)
2493 http cache fs-extra@https://registry.npmjs.org/fs-extra/-/fs-extra-9.1.0.tgz 0ms (cache hit)
2494 http cache schema-utils@https://registry.npmjs.org/schema-utils/-/schema-utils-3.3.0.tgz 0ms (cache hit)
2495 http cache brace-expansion@https://registry.npmjs.org/brace-expansion/-/brace-expansion-2.0.2.tgz 0ms (cache hit)
2496 http cache minimatch@https://registry.npmjs.org/minimatch/-/minimatch-5.1.6.tgz 0ms (cache hit)
2497 http cache debug@https://registry.npmjs.org/debug/-/debug-2.6.9.tgz 0ms (cache hit)
2498 http cache glob-parent@https://registry.npmjs.org/glob-parent/-/glob-parent-5.1.2.tgz 0ms (cache hit)
2499 http cache cosmiconfig@https://registry.npmjs.org/cosmiconfig/-/cosmiconfig-6.0.0.tgz 0ms (cache hit)
2500 http cache ms@https://registry.npmjs.org/ms/-/ms-2.0.0.tgz 0ms (cache hit)
2501 http cache supports-color@https://registry.npmjs.org/supports-color/-/supports-color-8.1.1.tgz 0ms (cache hit)
2502 http cache jest-worker@https://registry.npmjs.org/jest-worker/-/jest-worker-28.1.3.tgz 0ms (cache hit)
2503 http cache resolve@https://registry.npmjs.org/resolve/-/resolve-2.0.0-next.5.tgz 0ms (cache hit)
2504 http cache debug@https://registry.npmjs.org/debug/-/debug-3.2.7.tgz 0ms (cache hit)
2505 http cache semver@https://registry.npmjs.org/semver/-/semver-6.3.1.tgz 0ms (cache hit)
2506 http cache doctrine@https://registry.npmjs.org/doctrine/-/doctrine-2.1.0.tgz 0ms (cache hit)
2507 http cache doctrine@https://registry.npmjs.org/doctrine/-/doctrine-2.1.0.tgz 0ms (cache hit)
2508 http cache debug@https://registry.npmjs.org/debug/-/debug-3.2.7.tgz 0ms (cache hit)
2509 http cache debug@https://registry.npmjs.org/debug/-/debug-3.2.7.tgz 0ms (cache hit)
2510 http cache semver@https://registry.npmjs.org/semver/-/semver-6.3.1.tgz 0ms (cache hit)
2511 http cache p-limit@https://registry.npmjs.org/p-limit/-/p-limit-3.1.0.tgz 0ms (cache hit)
2512 http cache p-locate@https://registry.npmjs.org/p-locate/-/p-locate-5.0.0.tgz 0ms (cache hit)
2513 http cache find-up@https://registry.npmjs.org/find-up/-/find-up-5.0.0.tgz 0ms (cache hit)
2514 http cache js-yaml@https://registry.npmjs.org/js-yaml/-/js-yaml-4.1.1.tgz 0ms (cache hit)
2515 http cache locate-path@https://registry.npmjs.org/locate-path/-/locate-path-6.0.0.tgz 0ms (cache hit)
2516 http cache source-map@https://registry.npmjs.org/source-map/-/source-map-0.6.1.tgz 0ms (cache hit)
2517 http cache argparse@https://registry.npmjs.org/argparse/-/argparse-2.0.1.tgz 0ms (cache hit)
2518 http cache webidl-conversions@https://registry.npmjs.org/webidl-conversions/-/webidl-conversions-5.0.0.tgz 0ms (cache hit)
2519 http cache cssom@https://registry.npmjs.org/cssom/-/cssom-0.3.8.tgz 0ms (cache hit)
2520 http cache ms@https://registry.npmjs.org/ms/-/ms-2.0.0.tgz 0ms (cache hit)
2521 http cache debug@https://registry.npmjs.org/debug/-/debug-2.6.9.tgz 0ms (cache hit)
2522 http cache mdn-data@https://registry.npmjs.org/mdn-data/-/mdn-data-2.0.14.tgz 0ms (cache hit)
2523 http cache source-map@https://registry.npmjs.org/source-map/-/source-map-0.6.1.tgz 0ms (cache hit)
2524 http cache source-map@https://registry.npmjs.org/source-map/-/source-map-0.6.1.tgz 0ms (cache hit)
2525 http cache source-map@https://registry.npmjs.org/source-map/-/source-map-0.6.1.tgz 0ms (cache hit)
2526 http cache debug@https://registry.npmjs.org/debug/-/debug-2.6.9.tgz 0ms (cache hit)
2527 http cache css-tree@https://registry.npmjs.org/css-tree/-/css-tree-1.1.3.tgz 0ms (cache hit)
2528 http cache supports-color@https://registry.npmjs.org/supports-color/-/supports-color-5.5.0.tgz 0ms (cache hit)
2529 http cache ms@https://registry.npmjs.org/ms/-/ms-2.0.0.tgz 0ms (cache hit)
2530 http cache escape-string-regexp@https://registry.npmjs.org/escape-string-regexp/-/escape-string-regexp-1.0.5.tgz 0ms (cache hit)
2531 http cache color-convert@https://registry.npmjs.org/color-convert/-/color-convert-1.9.3.tgz 0ms (cache hit)
2532 http cache has-flag@https://registry.npmjs.org/has-flag/-/has-flag-3.0.0.tgz 0ms (cache hit)
2533 http cache source-map@https://registry.npmjs.org/source-map/-/source-map-0.6.1.tgz 0ms (cache hit)
2534 http cache glob-parent@https://registry.npmjs.org/glob-parent/-/glob-parent-5.1.2.tgz 0ms (cache hit)
2535 http cache color-name@https://registry.npmjs.org/color-name/-/color-name-1.1.3.tgz 0ms (cache hit)
2536 http cache ansi-styles@https://registry.npmjs.org/ansi-styles/-/ansi-styles-3.2.1.tgz 0ms (cache hit)
2537 http cache chalk@https://registry.npmjs.org/chalk/-/chalk-2.4.2.tgz 0ms (cache hit)
2538 http cache semver@https://registry.npmjs.org/semver/-/semver-6.3.1.tgz 0ms (cache hit)
2539 http cache @babel/plugin-proposal-private-property-in-object@https://registry.npmjs.org/@babel/plugin-proposal-private-property-in-object/-/plugin-proposal-private-property-in-object-7.21.11.tgz 0ms (cache hit)
2540 http cache ms@https://registry.npmjs.org/ms/-/ms-2.0.0.tgz 0ms (cache hit)
2541 http cache iconv-lite@https://registry.npmjs.org/iconv-lite/-/iconv-lite-0.4.24.tgz 0ms (cache hit)
2542 http cache debug@https://registry.npmjs.org/debug/-/debug-2.6.9.tgz 0ms (cache hit)
2543 http cache type-fest@https://registry.npmjs.org/type-fest/-/type-fest-0.21.3.tgz 0ms (cache hit)
2544 http cache schema-utils@https://registry.npmjs.org/schema-utils/-/schema-utils-2.7.1.tgz 0ms (cache hit)
2545 http cache json-schema-traverse@https://registry.npmjs.org/json-schema-traverse/-/json-schema-traverse-1.0.0.tgz 1ms (cache hit)
2546 http cache ajv@https://registry.npmjs.org/ajv/-/ajv-8.17.1.tgz 0ms (cache hit)
2547 http cache negotiator@https://registry.npmjs.org/negotiator/-/negotiator-0.6.3.tgz 0ms (cache hit)
2548 http cache estraverse@https://registry.npmjs.org/estraverse/-/estraverse-4.3.0.tgz 0ms (cache hit)
2549 http cache @types/send@https://registry.npmjs.org/@types/send/-/send-0.17.6.tgz 1ms (cache hit)
2550 http cache estraverse@https://registry.npmjs.org/estraverse/-/estraverse-4.3.0.tgz 0ms (cache hit)
2551 http cache aria-query@https://registry.npmjs.org/aria-query/-/aria-query-5.3.0.tgz 0ms (cache hit)
2552 http cache acorn@https://registry.npmjs.org/acorn/-/acorn-7.4.1.tgz 0ms (cache hit)
2553 http cache eslint-scope@https://registry.npmjs.org/eslint-scope/-/eslint-scope-5.1.1.tgz 0ms (cache hit)
2554 http cache @types/express-serve-static-core@https://registry.npmjs.org/@types/express-serve-static-core/-/express-serve-static-core-4.19.7.tgz 0ms (cache hit)
2555 http cache dom-accessibility-api@https://registry.npmjs.org/dom-accessibility-api/-/dom-accessibility-api-0.6.3.tgz 0ms (cache hit)
2556 http cache @types/estree@https://registry.npmjs.org/@types/estree/-/estree-0.0.39.tgz 0ms (cache hit)
2557 http cache convert-source-map@https://registry.npmjs.org/convert-source-map/-/convert-source-map-1.9.0.tgz 0ms (cache hit)
2558 http cache source-map@https://registry.npmjs.org/source-map/-/source-map-0.6.1.tgz 0ms (cache hit)
2559 http cache source-map@https://registry.npmjs.org/source-map/-/source-map-0.6.1.tgz 0ms (cache hit)
2560 http cache eslint-scope@https://registry.npmjs.org/eslint-scope/-/eslint-scope-5.1.1.tgz 0ms (cache hit)
2561 http cache camelcase@https://registry.npmjs.org/camelcase/-/camelcase-5.3.1.tgz 0ms (cache hit)
2562 http cache js-yaml@https://registry.npmjs.org/js-yaml/-/js-yaml-4.1.1.tgz 0ms (cache hit)
2563 http cache source-map@https://registry.npmjs.org/source-map/-/source-map-0.6.1.tgz 0ms (cache hit)
2564 http cache argparse@https://registry.npmjs.org/argparse/-/argparse-2.0.1.tgz 0ms (cache hit)
2565 http cache semver@https://registry.npmjs.org/semver/-/semver-6.3.1.tgz 0ms (cache hit)
2566 http cache semver@https://registry.npmjs.org/semver/-/semver-6.3.1.tgz 0ms (cache hit)
2567 http cache semver@https://registry.npmjs.org/semver/-/semver-6.3.1.tgz 0ms (cache hit)
2568 http cache semver@https://registry.npmjs.org/semver/-/semver-6.3.1.tgz 0ms (cache hit)
2569 http cache semver@https://registry.npmjs.org/semver/-/semver-6.3.1.tgz 0ms (cache hit)
2570 http cache eslint-visitor-keys@https://registry.npmjs.org/eslint-visitor-keys/-/eslint-visitor-keys-2.1.0.tgz 0ms (cache hit)
2571 http cache semver@https://registry.npmjs.org/semver/-/semver-6.3.1.tgz 0ms (cache hit)
2572 silly tarball no local data for is-windows@https://registry.npmjs.org/is-windows/-/is-windows-1.0.2.tgz. Extracting by manifest.
2573 http cache semver@https://registry.npmjs.org/semver/-/semver-6.3.1.tgz 0ms (cache hit)
2574 silly tarball no local data for end-of-stream@https://registry.npmjs.org/end-of-stream/-/end-of-stream-1.4.5.tgz. Extracting by manifest.
2575 silly tarball no local data for pump@https://registry.npmjs.org/pump/-/pump-3.0.3.tgz. Extracting by manifest.
2576 silly tarball no local data for clone@https://registry.npmjs.org/clone/-/clone-1.0.4.tgz. Extracting by manifest.
2577 silly tarball no local data for spdx-exceptions@https://registry.npmjs.org/spdx-exceptions/-/spdx-exceptions-2.5.0.tgz. Extracting by manifest.
2578 silly tarball no local data for defaults@https://registry.npmjs.org/defaults/-/defaults-1.0.4.tgz. Extracting by manifest.
2579 silly tarball no local data for load-yaml-file@https://registry.npmjs.org/load-yaml-file/-/load-yaml-file-0.2.0.tgz. Extracting by manifest.
2580 silly tarball no local data for spdx-license-ids@https://registry.npmjs.org/spdx-license-ids/-/spdx-license-ids-3.0.22.tgz. Extracting by manifest.
2581 silly tarball no local data for spdx-expression-parse@https://registry.npmjs.org/spdx-expression-parse/-/spdx-expression-parse-3.0.1.tgz. Extracting by manifest.
2582 silly tarball no local data for spdx-correct@https://registry.npmjs.org/spdx-correct/-/spdx-correct-3.2.0.tgz. Extracting by manifest.
2583 silly tarball no local data for escape-goat@https://registry.npmjs.org/escape-goat/-/escape-goat-2.1.1.tgz. Extracting by manifest.
2584 silly tarball no local data for prepend-http@https://registry.npmjs.org/prepend-http/-/prepend-http-2.0.0.tgz. Extracting by manifest.
2585 silly tarball no local data for dot-prop@https://registry.npmjs.org/dot-prop/-/dot-prop-5.3.0.tgz. Extracting by manifest.
2586 silly tarball no local data for global-dirs@https://registry.npmjs.org/global-dirs/-/global-dirs-3.0.1.tgz. Extracting by manifest.
2587 silly tarball no local data for widest-line@https://registry.npmjs.org/widest-line/-/widest-line-3.1.0.tgz. Extracting by manifest.
2588 silly tarball no local data for cli-boxes@https://registry.npmjs.org/cli-boxes/-/cli-boxes-2.2.1.tgz. Extracting by manifest.
2589 silly tarball no local data for xdg-basedir@https://registry.npmjs.org/xdg-basedir/-/xdg-basedir-4.0.0.tgz. Extracting by manifest.
2590 silly tarball no local data for ansi-align@https://registry.npmjs.org/ansi-align/-/ansi-align-3.0.1.tgz. Extracting by manifest.
2591 silly tarball no local data for pupa@https://registry.npmjs.org/pupa/-/pupa-2.1.1.tgz. Extracting by manifest.
2592 silly tarball no local data for latest-version@https://registry.npmjs.org/latest-version/-/latest-version-5.1.0.tgz. Extracting by manifest.
2593 silly tarball no local data for is-yarn-global@https://registry.npmjs.org/is-yarn-global/-/is-yarn-global-0.3.0.tgz. Extracting by manifest.
2594 silly tarball no local data for is-npm@https://registry.npmjs.org/is-npm/-/is-npm-5.0.0.tgz. Extracting by manifest.
2595 silly tarball no local data for has-yarn@https://registry.npmjs.org/has-yarn/-/has-yarn-2.1.0.tgz. Extracting by manifest.
2596 silly tarball no local data for is-installed-globally@https://registry.npmjs.org/is-installed-globally/-/is-installed-globally-0.4.0.tgz. Extracting by manifest.
2597 silly tarball no local data for import-lazy@https://registry.npmjs.org/import-lazy/-/import-lazy-2.1.0.tgz. Extracting by manifest.
2598 silly tarball no local data for boxen@https://registry.npmjs.org/boxen/-/boxen-5.1.2.tgz. Extracting by manifest.
2599 silly tarball no local data for configstore@https://registry.npmjs.org/configstore/-/configstore-5.0.1.tgz. Extracting by manifest.
2600 silly tarball no local data for os-tmpdir@https://registry.npmjs.org/os-tmpdir/-/os-tmpdir-1.0.2.tgz. Extracting by manifest.
2601 silly tarball no local data for parse-passwd@https://registry.npmjs.org/parse-passwd/-/parse-passwd-1.0.0.tgz. Extracting by manifest.
2602 silly tarball no local data for @types/normalize-package-data@https://registry.npmjs.org/@types/normalize-package-data/-/normalize-package-data-2.4.4.tgz. Extracting by manifest.
2603 silly tarball no local data for expand-tilde@https://registry.npmjs.org/expand-tilde/-/expand-tilde-2.0.2.tgz. Extracting by manifest.
2604 silly tarball no local data for homedir-polyfill@https://registry.npmjs.org/homedir-polyfill/-/homedir-polyfill-1.0.3.tgz. Extracting by manifest.
2605 silly tarball no local data for rc@https://registry.npmjs.org/rc/-/rc-1.2.8.tgz. Extracting by manifest.
2606 silly tarball no local data for read-pkg@https://registry.npmjs.org/read-pkg/-/read-pkg-5.2.0.tgz. Extracting by manifest.
2607 silly tarball no local data for set-cookie-parser@https://registry.npmjs.org/set-cookie-parser/-/set-cookie-parser-2.7.2.tgz. Extracting by manifest.
2608 silly tarball no local data for deep-extend@https://registry.npmjs.org/deep-extend/-/deep-extend-0.6.0.tgz. Extracting by manifest.
2609 silly tarball no local data for react-router@https://registry.npmjs.org/react-router/-/react-router-7.10.1.tgz. Extracting by manifest.
2610 silly tarball no local data for which-pm@https://registry.npmjs.org/which-pm/-/which-pm-2.2.0.tgz. Extracting by manifest.
2611 silly tarball no local data for find-yarn-workspace-root2@https://registry.npmjs.org/find-yarn-workspace-root2/-/find-yarn-workspace-root2-1.2.16.tgz. Extracting by manifest.
2612 silly tarball no local data for semver-compare@https://registry.npmjs.org/semver-compare/-/semver-compare-1.0.0.tgz. Extracting by manifest.
2613 silly tarball no local data for pinkie@https://registry.npmjs.org/pinkie/-/pinkie-2.0.4.tgz. Extracting by manifest.
2614 silly tarball no local data for responselike@https://registry.npmjs.org/responselike/-/responselike-1.0.2.tgz. Extracting by manifest.
2615 silly tarball no local data for clone-response@https://registry.npmjs.org/clone-response/-/clone-response-1.0.3.tgz. Extracting by manifest.
2616 silly tarball no local data for defer-to-connect@https://registry.npmjs.org/defer-to-connect/-/defer-to-connect-1.1.3.tgz. Extracting by manifest.
2617 silly tarball no local data for url-parse-lax@https://registry.npmjs.org/url-parse-lax/-/url-parse-lax-3.0.0.tgz. Extracting by manifest.
2618 silly tarball no local data for to-readable-stream@https://registry.npmjs.org/to-readable-stream/-/to-readable-stream-1.0.0.tgz. Extracting by manifest.
2619 silly tarball no local data for http-cache-semantics@https://registry.npmjs.org/http-cache-semantics/-/http-cache-semantics-4.2.0.tgz. Extracting by manifest.
2620 silly tarball no local data for p-cancelable@https://registry.npmjs.org/p-cancelable/-/p-cancelable-1.1.0.tgz. Extracting by manifest.
2621 silly tarball no local data for mimic-response@https://registry.npmjs.org/mimic-response/-/mimic-response-1.0.1.tgz. Extracting by manifest.
2622 silly tarball no local data for lowercase-keys@https://registry.npmjs.org/lowercase-keys/-/lowercase-keys-1.0.1.tgz. Extracting by manifest.
2623 silly tarball no local data for duplexer3@https://registry.npmjs.org/duplexer3/-/duplexer3-0.1.5.tgz. Extracting by manifest.
2624 silly tarball no local data for @szmarczak/http-timer@https://registry.npmjs.org/@szmarczak/http-timer/-/http-timer-1.1.2.tgz. Extracting by manifest.
2625 silly tarball no local data for decompress-response@https://registry.npmjs.org/decompress-response/-/decompress-response-3.3.0.tgz. Extracting by manifest.
2626 silly tarball no local data for cacheable-request@https://registry.npmjs.org/cacheable-request/-/cacheable-request-6.1.0.tgz. Extracting by manifest.
2627 silly tarball no local data for @sindresorhus/is@https://registry.npmjs.org/@sindresorhus/is/-/is-0.14.0.tgz. Extracting by manifest.
2628 silly tarball no local data for got@https://registry.npmjs.org/got/-/got-9.6.0.tgz. Extracting by manifest.
2629 silly tarball no local data for registry-auth-token@https://registry.npmjs.org/registry-auth-token/-/registry-auth-token-4.2.2.tgz. Extracting by manifest.
2630 silly tarball no local data for registry-url@https://registry.npmjs.org/registry-url/-/registry-url-5.1.0.tgz. Extracting by manifest.
2631 silly tarball no local data for ieee754@https://registry.npmjs.org/ieee754/-/ieee754-1.2.1.tgz. Extracting by manifest.
2632 silly tarball no local data for base64-js@https://registry.npmjs.org/base64-js/-/base64-js-1.5.1.tgz. Extracting by manifest.
2633 silly tarball no local data for wcwidth@https://registry.npmjs.org/wcwidth/-/wcwidth-1.0.1.tgz. Extracting by manifest.
2634 silly tarball no local data for buffer@https://registry.npmjs.org/buffer/-/buffer-5.7.1.tgz. Extracting by manifest.
2635 silly tarball no local data for log-symbols@https://registry.npmjs.org/log-symbols/-/log-symbols-4.1.0.tgz. Extracting by manifest.
2636 silly tarball no local data for cli-spinners@https://registry.npmjs.org/cli-spinners/-/cli-spinners-2.9.2.tgz. Extracting by manifest.
2637 silly tarball no local data for is-unicode-supported@https://registry.npmjs.org/is-unicode-supported/-/is-unicode-supported-0.1.0.tgz. Extracting by manifest.
2638 silly tarball no local data for is-interactive@https://registry.npmjs.org/is-interactive/-/is-interactive-1.0.0.tgz. Extracting by manifest.
2639 silly tarball no local data for @types/minimatch@https://registry.npmjs.org/@types/minimatch/-/minimatch-3.0.5.tgz. Extracting by manifest.
2640 silly tarball no local data for validate-npm-package-license@https://registry.npmjs.org/validate-npm-package-license/-/validate-npm-package-license-3.0.4.tgz. Extracting by manifest.
2641 silly tarball no local data for bl@https://registry.npmjs.org/bl/-/bl-4.1.0.tgz. Extracting by manifest.
2642 silly tarball no local data for hosted-git-info@https://registry.npmjs.org/hosted-git-info/-/hosted-git-info-4.1.0.tgz. Extracting by manifest.
2643 silly tarball no local data for array-differ@https://registry.npmjs.org/array-differ/-/array-differ-3.0.0.tgz. Extracting by manifest.
2644 silly tarball no local data for arrify@https://registry.npmjs.org/arrify/-/arrify-1.0.1.tgz. Extracting by manifest.
2645 silly tarball no local data for quick-lru@https://registry.npmjs.org/quick-lru/-/quick-lru-4.0.1.tgz. Extracting by manifest.
2646 silly tarball no local data for trim-newlines@https://registry.npmjs.org/trim-newlines/-/trim-newlines-3.0.1.tgz. Extracting by manifest.
2647 silly tarball no local data for read-pkg-up@https://registry.npmjs.org/read-pkg-up/-/read-pkg-up-7.0.1.tgz. Extracting by manifest.
2648 silly tarball no local data for map-obj@https://registry.npmjs.org/map-obj/-/map-obj-4.3.0.tgz. Extracting by manifest.
2649 silly tarball no local data for normalize-package-data@https://registry.npmjs.org/normalize-package-data/-/normalize-package-data-3.0.3.tgz. Extracting by manifest.
2650 silly tarball no local data for minimist-options@https://registry.npmjs.org/minimist-options/-/minimist-options-4.1.0.tgz. Extracting by manifest.
2651 silly tarball no local data for decamelize-keys@https://registry.npmjs.org/decamelize-keys/-/decamelize-keys-1.1.1.tgz. Extracting by manifest.
2652 silly tarball no local data for hard-rejection@https://registry.npmjs.org/hard-rejection/-/hard-rejection-2.1.0.tgz. Extracting by manifest.
2653 silly tarball no local data for decamelize@https://registry.npmjs.org/decamelize/-/decamelize-1.2.0.tgz. Extracting by manifest.
2654 silly tarball no local data for @types/minimist@https://registry.npmjs.org/@types/minimist/-/minimist-1.2.5.tgz. Extracting by manifest.
2655 silly tarball no local data for tmp@https://registry.npmjs.org/tmp/-/tmp-0.0.33.tgz. Extracting by manifest.
2656 silly tarball no local data for chardet@https://registry.npmjs.org/chardet/-/chardet-0.7.0.tgz. Extracting by manifest.
2657 silly tarball no local data for camelcase-keys@https://registry.npmjs.org/camelcase-keys/-/camelcase-keys-6.2.2.tgz. Extracting by manifest.
2658 silly tarball no local data for restore-cursor@https://registry.npmjs.org/restore-cursor/-/restore-cursor-3.1.0.tgz. Extracting by manifest.
2659 silly tarball no local data for through@https://registry.npmjs.org/through/-/through-2.3.8.tgz. Extracting by manifest.
2660 silly tarball no local data for mute-stream@https://registry.npmjs.org/mute-stream/-/mute-stream-0.0.8.tgz. Extracting by manifest.
2661 silly tarball no local data for rxjs@https://registry.npmjs.org/rxjs/-/rxjs-6.6.7.tgz. Extracting by manifest.
2662 silly tarball no local data for run-async@https://registry.npmjs.org/run-async/-/run-async-2.4.1.tgz. Extracting by manifest.
2663 silly tarball no local data for external-editor@https://registry.npmjs.org/external-editor/-/external-editor-3.1.0.tgz. Extracting by manifest.
2664 silly tarball no local data for figures@https://registry.npmjs.org/figures/-/figures-3.2.0.tgz. Extracting by manifest.
2665 silly tarball no local data for cli-width@https://registry.npmjs.org/cli-width/-/cli-width-3.0.0.tgz. Extracting by manifest.
2666 silly tarball no local data for cli-cursor@https://registry.npmjs.org/cli-cursor/-/cli-cursor-3.1.0.tgz. Extracting by manifest.
2667 silly tarball no local data for resolve-dir@https://registry.npmjs.org/resolve-dir/-/resolve-dir-1.0.1.tgz. Extracting by manifest.
2668 silly tarball no local data for is-es2016-keyword@https://registry.npmjs.org/is-es2016-keyword/-/is-es2016-keyword-1.0.0.tgz. Extracting by manifest.
2669 silly tarball no local data for @vue/compiler-ssr@https://registry.npmjs.org/@vue/compiler-ssr/-/compiler-ssr-3.5.25.tgz. Extracting by manifest.
2670 silly tarball no local data for detect-file@https://registry.npmjs.org/detect-file/-/detect-file-1.0.0.tgz. Extracting by manifest.
2671 silly tarball no local data for require-package-name@https://registry.npmjs.org/require-package-name/-/require-package-name-2.0.1.tgz. Extracting by manifest.
2672 silly tarball no local data for @vue/shared@https://registry.npmjs.org/@vue/shared/-/shared-3.5.25.tgz. Extracting by manifest.
2673 silly tarball no local data for @vue/compiler-core@https://registry.npmjs.org/@vue/compiler-core/-/compiler-core-3.5.25.tgz. Extracting by manifest.
2674 silly tarball no local data for @vue/compiler-dom@https://registry.npmjs.org/@vue/compiler-dom/-/compiler-dom-3.5.25.tgz. Extracting by manifest.
2675 silly tarball no local data for findup-sync@https://registry.npmjs.org/findup-sync/-/findup-sync-5.0.0.tgz. Extracting by manifest.
2676 silly tarball no local data for please-upgrade-node@https://registry.npmjs.org/please-upgrade-node/-/please-upgrade-node-3.2.0.tgz. Extracting by manifest.
2677 silly tarball no local data for multimatch@https://registry.npmjs.org/multimatch/-/multimatch-5.0.0.tgz. Extracting by manifest.
2678 silly tarball no local data for deps-regex@https://registry.npmjs.org/deps-regex/-/deps-regex-0.2.0.tgz. Extracting by manifest.
2679 silly tarball no local data for @vue/compiler-sfc@https://registry.npmjs.org/@vue/compiler-sfc/-/compiler-sfc-3.5.25.tgz. Extracting by manifest.
2680 silly tarball no local data for @types/lodash@https://registry.npmjs.org/@types/lodash/-/lodash-4.17.21.tgz. Extracting by manifest.
2681 silly tarball no local data for highlight-es@https://registry.npmjs.org/highlight-es/-/highlight-es-1.0.3.tgz. Extracting by manifest.
2682 silly tarball no local data for pinkie-promise@https://registry.npmjs.org/pinkie-promise/-/pinkie-promise-2.0.1.tgz. Extracting by manifest.
2683 silly tarball no local data for @devexpress/error-stack-parser@https://registry.npmjs.org/@devexpress/error-stack-parser/-/error-stack-parser-2.0.6.tgz. Extracting by manifest.
2684 silly tarball no local data for callsite@https://registry.npmjs.org/callsite/-/callsite-1.0.0.tgz. Extracting by manifest.
2685 silly tarball no local data for update-notifier@https://registry.npmjs.org/update-notifier/-/update-notifier-5.1.0.tgz. Extracting by manifest.
2686 silly tarball no local data for xtend@https://registry.npmjs.org/xtend/-/xtend-4.0.2.tgz. Extracting by manifest.
2687 silly tarball no local data for semver-diff@https://registry.npmjs.org/semver-diff/-/semver-diff-3.1.1.tgz. Extracting by manifest.
2688 silly tarball no local data for rc-config-loader@https://registry.npmjs.org/rc-config-loader/-/rc-config-loader-4.1.3.tgz. Extracting by manifest.
2689 silly tarball no local data for preferred-pm@https://registry.npmjs.org/preferred-pm/-/preferred-pm-3.1.4.tgz. Extracting by manifest.
2690 silly tarball no local data for package-json@https://registry.npmjs.org/package-json/-/package-json-6.5.0.tgz. Extracting by manifest.
2691 silly tarball no local data for ora@https://registry.npmjs.org/ora/-/ora-5.4.1.tgz. Extracting by manifest.
2692 silly tarball no local data for node-emoji@https://registry.npmjs.org/node-emoji/-/node-emoji-1.11.0.tgz. Extracting by manifest.
2693 silly tarball no local data for inquirer@https://registry.npmjs.org/inquirer/-/inquirer-7.3.3.tgz. Extracting by manifest.
2694 silly tarball no local data for meow@https://registry.npmjs.org/meow/-/meow-9.0.0.tgz. Extracting by manifest.
2695 silly tarball no local data for is-ci@https://registry.npmjs.org/is-ci/-/is-ci-2.0.0.tgz. Extracting by manifest.
2696 silly tarball no local data for giturl@https://registry.npmjs.org/giturl/-/giturl-1.0.3.tgz. Extracting by manifest.
2697 silly tarball no local data for callsite-record@https://registry.npmjs.org/callsite-record/-/callsite-record-4.1.5.tgz. Extracting by manifest.
2698 silly tarball no local data for depcheck@https://registry.npmjs.org/depcheck/-/depcheck-1.4.7.tgz. Extracting by manifest.
2699 silly tarball no local data for trim-repeated@https://registry.npmjs.org/trim-repeated/-/trim-repeated-1.0.0.tgz. Extracting by manifest.
2700 silly tarball no local data for strip-outer@https://registry.npmjs.org/strip-outer/-/strip-outer-1.0.1.tgz. Extracting by manifest.
2701 silly tarball no local data for filenamify@https://registry.npmjs.org/filenamify/-/filenamify-4.3.0.tgz. Extracting by manifest.
2702 silly tarball no local data for react-router-dom@https://registry.npmjs.org/react-router-dom/-/react-router-dom-7.10.1.tgz. Extracting by manifest.
2703 silly tarball no local data for filename-reserved-regex@https://registry.npmjs.org/filename-reserved-regex/-/filename-reserved-regex-2.0.0.tgz. Extracting by manifest.
2704 silly tarball no local data for @popperjs/core@https://registry.npmjs.org/@popperjs/core/-/core-2.11.8.tgz. Extracting by manifest.
2705 silly tarball no local data for email-addresses@https://registry.npmjs.org/email-addresses/-/email-addresses-5.0.0.tgz. Extracting by manifest.
2706 silly tarball no local data for react-loadable@https://registry.npmjs.org/react-loadable/-/react-loadable-5.5.0.tgz. Extracting by manifest.
2707 silly tarball no local data for gh-pages@https://registry.npmjs.org/gh-pages/-/gh-pages-6.3.0.tgz. Extracting by manifest.
2708 silly tarball no local data for npm-check@https://registry.npmjs.org/npm-check/-/npm-check-6.0.1.tgz. Extracting by manifest.
2709 silly tarball no local data for yargs-parser@https://registry.npmjs.org/yargs-parser/-/yargs-parser-20.2.9.tgz. Extracting by manifest.
2710 silly tarball no local data for flow-bin@https://registry.npmjs.org/flow-bin/-/flow-bin-0.294.0.tgz. Extracting by manifest.
2711 silly tarball no local data for bootstrap@https://registry.npmjs.org/bootstrap/-/bootstrap-5.3.8.tgz. Extracting by manifest.
2712 silly tarball no local data for yocto-queue@https://registry.npmjs.org/yocto-queue/-/yocto-queue-0.1.0.tgz. Extracting by manifest.
2713 silly tarball no local data for yallist@https://registry.npmjs.org/yallist/-/yallist-3.1.1.tgz. Extracting by manifest.
2714 silly tarball no local data for yargs@https://registry.npmjs.org/yargs/-/yargs-16.2.0.tgz. Extracting by manifest.
2715 silly tarball no local data for yaml@https://registry.npmjs.org/yaml/-/yaml-1.10.2.tgz. Extracting by manifest.
2716 silly tarball no local data for y18n@https://registry.npmjs.org/y18n/-/y18n-5.0.8.tgz. Extracting by manifest.
2717 silly tarball no local data for xml-name-validator@https://registry.npmjs.org/xml-name-validator/-/xml-name-validator-3.0.0.tgz. Extracting by manifest.
2718 silly tarball no local data for xmlchars@https://registry.npmjs.org/xmlchars/-/xmlchars-2.2.0.tgz. Extracting by manifest.
2719 silly tarball no local data for ws@https://registry.npmjs.org/ws/-/ws-7.5.10.tgz. Extracting by manifest.
2720 silly tarball no local data for write-file-atomic@https://registry.npmjs.org/write-file-atomic/-/write-file-atomic-3.0.3.tgz. Extracting by manifest.
2721 silly tarball no local data for workbox-webpack-plugin@https://registry.npmjs.org/workbox-webpack-plugin/-/workbox-webpack-plugin-6.6.0.tgz. Extracting by manifest.
2722 silly tarball no local data for wrappy@https://registry.npmjs.org/wrappy/-/wrappy-1.0.2.tgz. Extracting by manifest.
2723 silly tarball no local data for workbox-sw@https://registry.npmjs.org/workbox-sw/-/workbox-sw-6.6.0.tgz. Extracting by manifest.
2724 silly tarball no local data for workbox-window@https://registry.npmjs.org/workbox-window/-/workbox-window-6.6.0.tgz. Extracting by manifest.
2725 silly tarball no local data for wrap-ansi@https://registry.npmjs.org/wrap-ansi/-/wrap-ansi-7.0.0.tgz. Extracting by manifest.
2726 silly tarball no local data for workbox-strategies@https://registry.npmjs.org/workbox-strategies/-/workbox-strategies-6.6.0.tgz. Extracting by manifest.
2727 silly tarball no local data for workbox-streams@https://registry.npmjs.org/workbox-streams/-/workbox-streams-6.6.0.tgz. Extracting by manifest.
2728 silly tarball no local data for workbox-routing@https://registry.npmjs.org/workbox-routing/-/workbox-routing-6.6.0.tgz. Extracting by manifest.
2729 silly tarball no local data for workbox-range-requests@https://registry.npmjs.org/workbox-range-requests/-/workbox-range-requests-6.6.0.tgz. Extracting by manifest.
2730 silly tarball no local data for workbox-recipes@https://registry.npmjs.org/workbox-recipes/-/workbox-recipes-6.6.0.tgz. Extracting by manifest.
2731 silly tarball no local data for workbox-navigation-preload@https://registry.npmjs.org/workbox-navigation-preload/-/workbox-navigation-preload-6.6.0.tgz. Extracting by manifest.
2732 silly tarball no local data for workbox-google-analytics@https://registry.npmjs.org/workbox-google-analytics/-/workbox-google-analytics-6.6.0.tgz. Extracting by manifest.
2733 silly tarball no local data for workbox-expiration@https://registry.npmjs.org/workbox-expiration/-/workbox-expiration-6.6.0.tgz. Extracting by manifest.
2734 silly tarball no local data for workbox-precaching@https://registry.npmjs.org/workbox-precaching/-/workbox-precaching-6.6.0.tgz. Extracting by manifest.
2735 silly tarball no local data for workbox-core@https://registry.npmjs.org/workbox-core/-/workbox-core-6.6.0.tgz. Extracting by manifest.
2736 silly tarball no local data for workbox-cacheable-response@https://registry.npmjs.org/workbox-cacheable-response/-/workbox-cacheable-response-6.6.0.tgz. Extracting by manifest.
2737 silly tarball no local data for workbox-broadcast-update@https://registry.npmjs.org/workbox-broadcast-update/-/workbox-broadcast-update-6.6.0.tgz. Extracting by manifest.
2738 silly tarball no local data for workbox-background-sync@https://registry.npmjs.org/workbox-background-sync/-/workbox-background-sync-6.6.0.tgz. Extracting by manifest.
2739 silly tarball no local data for workbox-build@https://registry.npmjs.org/workbox-build/-/workbox-build-6.6.0.tgz. Extracting by manifest.
2740 silly tarball no local data for which-typed-array@https://registry.npmjs.org/which-typed-array/-/which-typed-array-1.1.19.tgz. Extracting by manifest.
2741 silly tarball no local data for word-wrap@https://registry.npmjs.org/word-wrap/-/word-wrap-1.2.5.tgz. Extracting by manifest.
2742 silly tarball no local data for which-collection@https://registry.npmjs.org/which-collection/-/which-collection-1.0.2.tgz. Extracting by manifest.
2743 silly tarball no local data for which@https://registry.npmjs.org/which/-/which-2.0.2.tgz. Extracting by manifest.
2744 silly tarball no local data for which-boxed-primitive@https://registry.npmjs.org/which-boxed-primitive/-/which-boxed-primitive-1.1.1.tgz. Extracting by manifest.
2745 silly tarball no local data for which-builtin-type@https://registry.npmjs.org/which-builtin-type/-/which-builtin-type-1.2.1.tgz. Extracting by manifest.
2746 silly tarball no local data for whatwg-mimetype@https://registry.npmjs.org/whatwg-mimetype/-/whatwg-mimetype-2.3.0.tgz. Extracting by manifest.
2747 silly tarball no local data for whatwg-url@https://registry.npmjs.org/whatwg-url/-/whatwg-url-8.7.0.tgz. Extracting by manifest.
2748 silly tarball no local data for whatwg-fetch@https://registry.npmjs.org/whatwg-fetch/-/whatwg-fetch-3.6.20.tgz. Extracting by manifest.
2749 silly tarball no local data for whatwg-encoding@https://registry.npmjs.org/whatwg-encoding/-/whatwg-encoding-1.0.5.tgz. Extracting by manifest.
2750 silly tarball no local data for websocket-driver@https://registry.npmjs.org/websocket-driver/-/websocket-driver-0.7.4.tgz. Extracting by manifest.
2751 silly tarball no local data for websocket-extensions@https://registry.npmjs.org/websocket-extensions/-/websocket-extensions-0.1.4.tgz. Extracting by manifest.
2752 silly tarball no local data for webpack-sources@https://registry.npmjs.org/webpack-sources/-/webpack-sources-3.3.3.tgz. Extracting by manifest.
2753 silly tarball no local data for webpack-manifest-plugin@https://registry.npmjs.org/webpack-manifest-plugin/-/webpack-manifest-plugin-4.1.1.tgz. Extracting by manifest.
2754 silly tarball no local data for webpack-dev-server@https://registry.npmjs.org/webpack-dev-server/-/webpack-dev-server-4.15.2.tgz. Extracting by manifest.
2755 silly tarball no local data for webpack@https://registry.npmjs.org/webpack/-/webpack-5.103.0.tgz. Extracting by manifest.
2756 silly tarball no local data for webpack-dev-middleware@https://registry.npmjs.org/webpack-dev-middleware/-/webpack-dev-middleware-5.3.4.tgz. Extracting by manifest.
2757 silly tarball no local data for webidl-conversions@https://registry.npmjs.org/webidl-conversions/-/webidl-conversions-6.1.0.tgz. Extracting by manifest.
2758 silly tarball no local data for web-vitals@https://registry.npmjs.org/web-vitals/-/web-vitals-2.1.4.tgz. Extracting by manifest.
2759 silly tarball no local data for wbuf@https://registry.npmjs.org/wbuf/-/wbuf-1.7.3.tgz. Extracting by manifest.
2760 silly tarball no local data for watchpack@https://registry.npmjs.org/watchpack/-/watchpack-2.4.4.tgz. Extracting by manifest.
2761 silly tarball no local data for walker@https://registry.npmjs.org/walker/-/walker-1.0.8.tgz. Extracting by manifest.
2762 silly tarball no local data for w3c-xmlserializer@https://registry.npmjs.org/w3c-xmlserializer/-/w3c-xmlserializer-2.0.0.tgz. Extracting by manifest.
2763 silly tarball no local data for w3c-hr-time@https://registry.npmjs.org/w3c-hr-time/-/w3c-hr-time-1.0.2.tgz. Extracting by manifest.
2764 silly tarball no local data for vary@https://registry.npmjs.org/vary/-/vary-1.1.2.tgz. Extracting by manifest.
2765 silly tarball no local data for v8-to-istanbul@https://registry.npmjs.org/v8-to-istanbul/-/v8-to-istanbul-8.1.1.tgz. Extracting by manifest.
2766 silly tarball no local data for uuid@https://registry.npmjs.org/uuid/-/uuid-8.3.2.tgz. Extracting by manifest.
2767 silly tarball no local data for utils-merge@https://registry.npmjs.org/utils-merge/-/utils-merge-1.0.1.tgz. Extracting by manifest.
2768 silly tarball no local data for utila@https://registry.npmjs.org/utila/-/utila-0.4.0.tgz. Extracting by manifest.
2769 silly tarball no local data for util-deprecate@https://registry.npmjs.org/util-deprecate/-/util-deprecate-1.0.2.tgz. Extracting by manifest.
2770 silly tarball no local data for util.promisify@https://registry.npmjs.org/util.promisify/-/util.promisify-1.0.1.tgz. Extracting by manifest.
2771 silly tarball no local data for url-parse@https://registry.npmjs.org/url-parse/-/url-parse-1.5.10.tgz. Extracting by manifest.
2772 silly tarball no local data for uri-js@https://registry.npmjs.org/uri-js/-/uri-js-4.4.1.tgz. Extracting by manifest.
2773 silly tarball no local data for update-browserslist-db@https://registry.npmjs.org/update-browserslist-db/-/update-browserslist-db-1.2.2.tgz. Extracting by manifest.
2774 silly tarball no local data for unquote@https://registry.npmjs.org/unquote/-/unquote-1.1.1.tgz. Extracting by manifest.
2775 silly tarball no local data for universalify@https://registry.npmjs.org/universalify/-/universalify-2.0.1.tgz. Extracting by manifest.
2776 silly tarball no local data for upath@https://registry.npmjs.org/upath/-/upath-1.2.0.tgz. Extracting by manifest.
2777 silly tarball no local data for unpipe@https://registry.npmjs.org/unpipe/-/unpipe-1.0.0.tgz. Extracting by manifest.
2778 silly tarball no local data for unique-string@https://registry.npmjs.org/unique-string/-/unique-string-2.0.0.tgz. Extracting by manifest.
2779 silly tarball no local data for unicode-property-aliases-ecmascript@https://registry.npmjs.org/unicode-property-aliases-ecmascript/-/unicode-property-aliases-ecmascript-2.2.0.tgz. Extracting by manifest.
2780 silly tarball no local data for unicode-canonical-property-names-ecmascript@https://registry.npmjs.org/unicode-canonical-property-names-ecmascript/-/unicode-canonical-property-names-ecmascript-2.0.1.tgz. Extracting by manifest.
2781 silly tarball no local data for unicode-match-property-value-ecmascript@https://registry.npmjs.org/unicode-match-property-value-ecmascript/-/unicode-match-property-value-ecmascript-2.2.1.tgz. Extracting by manifest.
2782 silly tarball no local data for undici-types@https://registry.npmjs.org/undici-types/-/undici-types-7.16.0.tgz. Extracting by manifest.
2783 silly tarball no local data for unicode-match-property-ecmascript@https://registry.npmjs.org/unicode-match-property-ecmascript/-/unicode-match-property-ecmascript-2.0.0.tgz. Extracting by manifest.
2784 silly tarball no local data for underscore@https://registry.npmjs.org/underscore/-/underscore-1.12.1.tgz. Extracting by manifest.
2785 silly tarball no local data for unbox-primitive@https://registry.npmjs.org/unbox-primitive/-/unbox-primitive-1.1.0.tgz. Extracting by manifest.
2786 silly tarball no local data for typescript@https://registry.npmjs.org/typescript/-/typescript-4.9.5.tgz. Extracting by manifest.
2787 silly tarball no local data for typedarray-to-buffer@https://registry.npmjs.org/typedarray-to-buffer/-/typedarray-to-buffer-3.1.5.tgz. Extracting by manifest.
2788 silly tarball no local data for typed-array-length@https://registry.npmjs.org/typed-array-length/-/typed-array-length-1.0.7.tgz. Extracting by manifest.
2789 silly tarball no local data for typed-array-byte-offset@https://registry.npmjs.org/typed-array-byte-offset/-/typed-array-byte-offset-1.0.4.tgz. Extracting by manifest.
2790 silly tarball no local data for typed-array-buffer@https://registry.npmjs.org/typed-array-buffer/-/typed-array-buffer-1.0.3.tgz. Extracting by manifest.
2791 silly tarball no local data for typed-array-byte-length@https://registry.npmjs.org/typed-array-byte-length/-/typed-array-byte-length-1.0.3.tgz. Extracting by manifest.
2792 silly tarball no local data for type-is@https://registry.npmjs.org/type-is/-/type-is-1.6.18.tgz. Extracting by manifest.
2793 silly tarball no local data for type-fest@https://registry.npmjs.org/type-fest/-/type-fest-0.20.2.tgz. Extracting by manifest.
2794 silly tarball no local data for tsutils@https://registry.npmjs.org/tsutils/-/tsutils-3.21.0.tgz. Extracting by manifest.
2795 silly tarball no local data for type-detect@https://registry.npmjs.org/type-detect/-/type-detect-4.0.8.tgz. Extracting by manifest.
2796 silly tarball no local data for tsconfig-paths@https://registry.npmjs.org/tsconfig-paths/-/tsconfig-paths-3.15.0.tgz. Extracting by manifest.
2797 silly tarball no local data for tslib@https://registry.npmjs.org/tslib/-/tslib-2.8.1.tgz. Extracting by manifest.
2798 silly tarball no local data for type-check@https://registry.npmjs.org/type-check/-/type-check-0.4.0.tgz. Extracting by manifest.
2799 silly tarball no local data for ts-interface-checker@https://registry.npmjs.org/ts-interface-checker/-/ts-interface-checker-0.1.13.tgz. Extracting by manifest.
2800 silly tarball no local data for tr46@https://registry.npmjs.org/tr46/-/tr46-2.1.0.tgz. Extracting by manifest.
2801 silly tarball no local data for tryer@https://registry.npmjs.org/tryer/-/tryer-1.0.1.tgz. Extracting by manifest.
2802 silly tarball no local data for tough-cookie@https://registry.npmjs.org/tough-cookie/-/tough-cookie-4.1.4.tgz. Extracting by manifest.
2803 silly tarball no local data for toidentifier@https://registry.npmjs.org/toidentifier/-/toidentifier-1.0.1.tgz. Extracting by manifest.
2804 silly tarball no local data for tmpl@https://registry.npmjs.org/tmpl/-/tmpl-1.0.5.tgz. Extracting by manifest.
2805 silly tarball no local data for to-regex-range@https://registry.npmjs.org/to-regex-range/-/to-regex-range-5.0.1.tgz. Extracting by manifest.
2806 silly tarball no local data for tinyglobby@https://registry.npmjs.org/tinyglobby/-/tinyglobby-0.2.15.tgz. Extracting by manifest.
2807 silly tarball no local data for thunky@https://registry.npmjs.org/thunky/-/thunky-1.1.0.tgz. Extracting by manifest.
2808 silly tarball no local data for throat@https://registry.npmjs.org/throat/-/throat-6.0.2.tgz. Extracting by manifest.
2809 silly tarball no local data for thenify-all@https://registry.npmjs.org/thenify-all/-/thenify-all-1.6.0.tgz. Extracting by manifest.
2810 silly tarball no local data for thenify@https://registry.npmjs.org/thenify/-/thenify-3.3.1.tgz. Extracting by manifest.
2811 silly tarball no local data for test-exclude@https://registry.npmjs.org/test-exclude/-/test-exclude-6.0.0.tgz. Extracting by manifest.
2812 silly tarball no local data for text-table@https://registry.npmjs.org/text-table/-/text-table-0.2.0.tgz. Extracting by manifest.
2813 silly tarball no local data for terser@https://registry.npmjs.org/terser/-/terser-5.44.1.tgz. Extracting by manifest.
2814 silly tarball no local data for terser-webpack-plugin@https://registry.npmjs.org/terser-webpack-plugin/-/terser-webpack-plugin-5.3.16.tgz. Extracting by manifest.
2815 silly tarball no local data for tempy@https://registry.npmjs.org/tempy/-/tempy-0.6.0.tgz. Extracting by manifest.
2816 silly tarball no local data for terminal-link@https://registry.npmjs.org/terminal-link/-/terminal-link-2.1.1.tgz. Extracting by manifest.
2817 silly tarball no local data for tapable@https://registry.npmjs.org/tapable/-/tapable-2.3.0.tgz. Extracting by manifest.
2818 silly tarball no local data for temp-dir@https://registry.npmjs.org/temp-dir/-/temp-dir-2.0.0.tgz. Extracting by manifest.
2819 silly tarball no local data for symbol-tree@https://registry.npmjs.org/symbol-tree/-/symbol-tree-3.2.4.tgz. Extracting by manifest.
2820 silly tarball no local data for tailwindcss@https://registry.npmjs.org/tailwindcss/-/tailwindcss-3.4.19.tgz. Extracting by manifest.
2821 silly tarball no local data for svgo@https://registry.npmjs.org/svgo/-/svgo-1.3.2.tgz. Extracting by manifest.
2822 silly tarball no local data for svg-parser@https://registry.npmjs.org/svg-parser/-/svg-parser-2.0.4.tgz. Extracting by manifest.
2823 silly tarball no local data for supports-preserve-symlinks-flag@https://registry.npmjs.org/supports-preserve-symlinks-flag/-/supports-preserve-symlinks-flag-1.0.0.tgz. Extracting by manifest.
2824 silly tarball no local data for supports-color@https://registry.npmjs.org/supports-color/-/supports-color-7.2.0.tgz. Extracting by manifest.
2825 silly tarball no local data for sucrase@https://registry.npmjs.org/sucrase/-/sucrase-3.35.1.tgz. Extracting by manifest.
2826 silly tarball no local data for supports-hyperlinks@https://registry.npmjs.org/supports-hyperlinks/-/supports-hyperlinks-2.3.0.tgz. Extracting by manifest.
2827 silly tarball no local data for stylehacks@https://registry.npmjs.org/stylehacks/-/stylehacks-5.1.1.tgz. Extracting by manifest.
2828 silly tarball no local data for strip-json-comments@https://registry.npmjs.org/strip-json-comments/-/strip-json-comments-3.1.1.tgz. Extracting by manifest.
2829 silly tarball no local data for style-loader@https://registry.npmjs.org/style-loader/-/style-loader-3.3.4.tgz. Extracting by manifest.
2830 silly tarball no local data for strip-comments@https://registry.npmjs.org/strip-comments/-/strip-comments-2.0.1.tgz. Extracting by manifest.
2831 silly tarball no local data for strip-indent@https://registry.npmjs.org/strip-indent/-/strip-indent-3.0.0.tgz. Extracting by manifest.
2832 silly tarball no local data for strip-final-newline@https://registry.npmjs.org/strip-final-newline/-/strip-final-newline-2.0.0.tgz. Extracting by manifest.
2833 silly tarball no local data for strip-bom@https://registry.npmjs.org/strip-bom/-/strip-bom-4.0.0.tgz. Extracting by manifest.
2834 silly tarball no local data for strip-ansi@https://registry.npmjs.org/strip-ansi/-/strip-ansi-6.0.1.tgz. Extracting by manifest.
2835 silly tarball no local data for stringify-object@https://registry.npmjs.org/stringify-object/-/stringify-object-3.3.0.tgz. Extracting by manifest.
2836 silly tarball no local data for string.prototype.trimstart@https://registry.npmjs.org/string.prototype.trimstart/-/string.prototype.trimstart-1.0.8.tgz. Extracting by manifest.
2837 silly tarball no local data for string.prototype.trim@https://registry.npmjs.org/string.prototype.trim/-/string.prototype.trim-1.2.10.tgz. Extracting by manifest.
2838 silly tarball no local data for string.prototype.trimend@https://registry.npmjs.org/string.prototype.trimend/-/string.prototype.trimend-1.0.9.tgz. Extracting by manifest.
2839 silly tarball no local data for string.prototype.repeat@https://registry.npmjs.org/string.prototype.repeat/-/string.prototype.repeat-1.0.0.tgz. Extracting by manifest.
2840 silly tarball no local data for string.prototype.includes@https://registry.npmjs.org/string.prototype.includes/-/string.prototype.includes-2.0.1.tgz. Extracting by manifest.
2841 silly tarball no local data for string.prototype.matchall@https://registry.npmjs.org/string.prototype.matchall/-/string.prototype.matchall-4.0.12.tgz. Extracting by manifest.
2842 silly tarball no local data for string-width@https://registry.npmjs.org/string-width/-/string-width-4.2.3.tgz. Extracting by manifest.
2843 silly tarball no local data for string-length@https://registry.npmjs.org/string-length/-/string-length-4.0.2.tgz. Extracting by manifest.
2844 silly tarball no local data for string-natural-compare@https://registry.npmjs.org/string-natural-compare/-/string-natural-compare-3.0.1.tgz. Extracting by manifest.
2845 silly tarball no local data for statuses@https://registry.npmjs.org/statuses/-/statuses-2.0.2.tgz. Extracting by manifest.
2846 silly tarball no local data for string_decoder@https://registry.npmjs.org/string_decoder/-/string_decoder-1.3.0.tgz. Extracting by manifest.
2847 silly tarball no local data for stackframe@https://registry.npmjs.org/stackframe/-/stackframe-1.3.4.tgz. Extracting by manifest.
2848 silly tarball no local data for static-eval@https://registry.npmjs.org/static-eval/-/static-eval-2.0.2.tgz. Extracting by manifest.
2849 silly tarball no local data for stop-iteration-iterator@https://registry.npmjs.org/stop-iteration-iterator/-/stop-iteration-iterator-1.1.0.tgz. Extracting by manifest.
2850 silly tarball no local data for stack-utils@https://registry.npmjs.org/stack-utils/-/stack-utils-2.0.6.tgz. Extracting by manifest.
2851 silly tarball no local data for stable@https://registry.npmjs.org/stable/-/stable-0.1.8.tgz. Extracting by manifest.
2852 silly tarball no local data for spdy-transport@https://registry.npmjs.org/spdy-transport/-/spdy-transport-3.0.0.tgz. Extracting by manifest.
2853 silly tarball no local data for spdy@https://registry.npmjs.org/spdy/-/spdy-4.0.2.tgz. Extracting by manifest.
2854 silly tarball no local data for sprintf-js@https://registry.npmjs.org/sprintf-js/-/sprintf-js-1.0.3.tgz. Extracting by manifest.
2855 silly tarball no local data for sourcemap-codec@https://registry.npmjs.org/sourcemap-codec/-/sourcemap-codec-1.4.8.tgz. Extracting by manifest.
2856 silly tarball no local data for source-map-support@https://registry.npmjs.org/source-map-support/-/source-map-support-0.5.21.tgz. Extracting by manifest.
2857 silly tarball no local data for source-map-js@https://registry.npmjs.org/source-map-js/-/source-map-js-1.2.1.tgz. Extracting by manifest.
2858 silly tarball no local data for source-map-loader@https://registry.npmjs.org/source-map-loader/-/source-map-loader-3.0.2.tgz. Extracting by manifest.
2859 silly tarball no local data for source-map@https://registry.npmjs.org/source-map/-/source-map-0.7.6.tgz. Extracting by manifest.
2860 silly tarball no local data for source-list-map@https://registry.npmjs.org/source-list-map/-/source-list-map-2.0.1.tgz. Extracting by manifest.
2861 silly tarball no local data for sockjs@https://registry.npmjs.org/sockjs/-/sockjs-0.3.24.tgz. Extracting by manifest.
2862 silly tarball no local data for slash@https://registry.npmjs.org/slash/-/slash-3.0.0.tgz. Extracting by manifest.
2863 silly tarball no local data for signal-exit@https://registry.npmjs.org/signal-exit/-/signal-exit-3.0.7.tgz. Extracting by manifest.
2864 silly tarball no local data for sisteransi@https://registry.npmjs.org/sisteransi/-/sisteransi-1.0.5.tgz. Extracting by manifest.
2865 silly tarball no local data for side-channel-weakmap@https://registry.npmjs.org/side-channel-weakmap/-/side-channel-weakmap-1.0.2.tgz. Extracting by manifest.
2866 silly tarball no local data for side-channel-list@https://registry.npmjs.org/side-channel-list/-/side-channel-list-1.0.0.tgz. Extracting by manifest.
2867 silly tarball no local data for side-channel-map@https://registry.npmjs.org/side-channel-map/-/side-channel-map-1.0.1.tgz. Extracting by manifest.
2868 silly tarball no local data for side-channel@https://registry.npmjs.org/side-channel/-/side-channel-1.1.0.tgz. Extracting by manifest.
2869 silly tarball no local data for shebang-regex@https://registry.npmjs.org/shebang-regex/-/shebang-regex-3.0.0.tgz. Extracting by manifest.
2870 silly tarball no local data for shell-quote@https://registry.npmjs.org/shell-quote/-/shell-quote-1.8.3.tgz. Extracting by manifest.
2871 silly tarball no local data for setprototypeof@https://registry.npmjs.org/setprototypeof/-/setprototypeof-1.2.0.tgz. Extracting by manifest.
2872 silly tarball no local data for set-proto@https://registry.npmjs.org/set-proto/-/set-proto-1.0.0.tgz. Extracting by manifest.
2873 silly tarball no local data for shebang-command@https://registry.npmjs.org/shebang-command/-/shebang-command-2.0.0.tgz. Extracting by manifest.
2874 silly tarball no local data for set-function-name@https://registry.npmjs.org/set-function-name/-/set-function-name-2.0.2.tgz. Extracting by manifest.
2875 silly tarball no local data for serve-static@https://registry.npmjs.org/serve-static/-/serve-static-1.16.2.tgz. Extracting by manifest.
2876 silly tarball no local data for serve-index@https://registry.npmjs.org/serve-index/-/serve-index-1.9.1.tgz. Extracting by manifest.
2877 silly tarball no local data for set-function-length@https://registry.npmjs.org/set-function-length/-/set-function-length-1.2.2.tgz. Extracting by manifest.
2878 silly tarball no local data for serialize-javascript@https://registry.npmjs.org/serialize-javascript/-/serialize-javascript-6.0.2.tgz. Extracting by manifest.
2879 silly tarball no local data for send@https://registry.npmjs.org/send/-/send-0.19.1.tgz. Extracting by manifest.
2880 silly tarball no local data for semver@https://registry.npmjs.org/semver/-/semver-7.7.3.tgz. Extracting by manifest.
2881 silly tarball no local data for selfsigned@https://registry.npmjs.org/selfsigned/-/selfsigned-2.4.1.tgz. Extracting by manifest.
2882 silly tarball no local data for schema-utils@https://registry.npmjs.org/schema-utils/-/schema-utils-4.3.3.tgz. Extracting by manifest.
2883 silly tarball no local data for select-hose@https://registry.npmjs.org/select-hose/-/select-hose-2.0.0.tgz. Extracting by manifest.
2884 silly tarball no local data for saxes@https://registry.npmjs.org/saxes/-/saxes-5.0.1.tgz. Extracting by manifest.
2885 silly tarball no local data for sax@https://registry.npmjs.org/sax/-/sax-1.2.4.tgz. Extracting by manifest.
2886 silly tarball no local data for scheduler@https://registry.npmjs.org/scheduler/-/scheduler-0.27.0.tgz. Extracting by manifest.
2887 silly tarball no local data for sanitize.css@https://registry.npmjs.org/sanitize.css/-/sanitize.css-13.0.0.tgz. Extracting by manifest.
2888 silly tarball no local data for sass-loader@https://registry.npmjs.org/sass-loader/-/sass-loader-12.6.0.tgz. Extracting by manifest.
2889 silly tarball no local data for safe-regex-test@https://registry.npmjs.org/safe-regex-test/-/safe-regex-test-1.1.0.tgz. Extracting by manifest.
2890 silly tarball no local data for safer-buffer@https://registry.npmjs.org/safer-buffer/-/safer-buffer-2.1.2.tgz. Extracting by manifest.
2891 silly tarball no local data for safe-push-apply@https://registry.npmjs.org/safe-push-apply/-/safe-push-apply-1.0.0.tgz. Extracting by manifest.
2892 silly tarball no local data for safe-buffer@https://registry.npmjs.org/safe-buffer/-/safe-buffer-5.2.1.tgz. Extracting by manifest.
2893 silly tarball no local data for safe-array-concat@https://registry.npmjs.org/safe-array-concat/-/safe-array-concat-1.1.3.tgz. Extracting by manifest.
2894 silly tarball no local data for rollup-plugin-terser@https://registry.npmjs.org/rollup-plugin-terser/-/rollup-plugin-terser-7.0.2.tgz. Extracting by manifest.
2895 silly tarball no local data for reusify@https://registry.npmjs.org/reusify/-/reusify-1.1.0.tgz. Extracting by manifest.
2896 silly tarball no local data for run-parallel@https://registry.npmjs.org/run-parallel/-/run-parallel-1.2.0.tgz. Extracting by manifest.
2897 silly tarball no local data for retry@https://registry.npmjs.org/retry/-/retry-0.13.1.tgz. Extracting by manifest.
2898 silly tarball no local data for rollup@https://registry.npmjs.org/rollup/-/rollup-2.79.2.tgz. Extracting by manifest.
2899 silly tarball no local data for resolve.exports@https://registry.npmjs.org/resolve.exports/-/resolve.exports-1.1.1.tgz. Extracting by manifest.
2900 silly tarball no local data for rimraf@https://registry.npmjs.org/rimraf/-/rimraf-3.0.2.tgz. Extracting by manifest.
2901 silly tarball no local data for resolve-cwd@https://registry.npmjs.org/resolve-cwd/-/resolve-cwd-3.0.0.tgz. Extracting by manifest.
2902 silly tarball no local data for resolve-from@https://registry.npmjs.org/resolve-from/-/resolve-from-5.0.0.tgz. Extracting by manifest.
2903 silly tarball no local data for resolve-url-loader@https://registry.npmjs.org/resolve-url-loader/-/resolve-url-loader-4.0.0.tgz. Extracting by manifest.
2904 silly tarball no local data for resolve@https://registry.npmjs.org/resolve/-/resolve-1.22.11.tgz. Extracting by manifest.
2905 silly tarball no local data for requires-port@https://registry.npmjs.org/requires-port/-/requires-port-1.0.0.tgz. Extracting by manifest.
2906 silly tarball no local data for require-directory@https://registry.npmjs.org/require-directory/-/require-directory-2.1.1.tgz. Extracting by manifest.
2907 silly tarball no local data for relateurl@https://registry.npmjs.org/relateurl/-/relateurl-0.2.7.tgz. Extracting by manifest.
2908 silly tarball no local data for require-from-string@https://registry.npmjs.org/require-from-string/-/require-from-string-2.0.2.tgz. Extracting by manifest.
2909 silly tarball no local data for regjsparser@https://registry.npmjs.org/regjsparser/-/regjsparser-0.13.0.tgz. Extracting by manifest.
2910 silly tarball no local data for regjsgen@https://registry.npmjs.org/regjsgen/-/regjsgen-0.8.0.tgz. Extracting by manifest.
2911 silly tarball no local data for renderkid@https://registry.npmjs.org/renderkid/-/renderkid-3.0.0.tgz. Extracting by manifest.
2912 silly tarball no local data for regexp.prototype.flags@https://registry.npmjs.org/regexp.prototype.flags/-/regexp.prototype.flags-1.5.4.tgz. Extracting by manifest.
2913 silly tarball no local data for regex-parser@https://registry.npmjs.org/regex-parser/-/regex-parser-2.3.1.tgz. Extracting by manifest.
2914 silly tarball no local data for regenerator-runtime@https://registry.npmjs.org/regenerator-runtime/-/regenerator-runtime-0.13.11.tgz. Extracting by manifest.
2915 silly tarball no local data for regexpu-core@https://registry.npmjs.org/regexpu-core/-/regexpu-core-6.4.0.tgz. Extracting by manifest.
2916 silly tarball no local data for regenerate-unicode-properties@https://registry.npmjs.org/regenerate-unicode-properties/-/regenerate-unicode-properties-10.2.2.tgz. Extracting by manifest.
2917 silly tarball no local data for regenerate@https://registry.npmjs.org/regenerate/-/regenerate-1.4.2.tgz. Extracting by manifest.
2918 silly tarball no local data for reflect.getprototypeof@https://registry.npmjs.org/reflect.getprototypeof/-/reflect.getprototypeof-1.0.10.tgz. Extracting by manifest.
2919 silly tarball no local data for redent@https://registry.npmjs.org/redent/-/redent-3.0.0.tgz. Extracting by manifest.
2920 silly tarball no local data for readdirp@https://registry.npmjs.org/readdirp/-/readdirp-3.6.0.tgz. Extracting by manifest.
2921 silly tarball no local data for readable-stream@https://registry.npmjs.org/readable-stream/-/readable-stream-3.6.2.tgz. Extracting by manifest.
2922 silly tarball no local data for recursive-readdir@https://registry.npmjs.org/recursive-readdir/-/recursive-readdir-2.2.3.tgz. Extracting by manifest.
2923 silly tarball no local data for read-cache@https://registry.npmjs.org/read-cache/-/read-cache-1.0.0.tgz. Extracting by manifest.
2924 silly tarball no local data for react-refresh@https://registry.npmjs.org/react-refresh/-/react-refresh-0.11.0.tgz. Extracting by manifest.
2925 silly tarball no local data for react-error-overlay@https://registry.npmjs.org/react-error-overlay/-/react-error-overlay-6.1.0.tgz. Extracting by manifest.
2926 silly tarball no local data for react-scripts@https://registry.npmjs.org/react-scripts/-/react-scripts-5.0.1.tgz. Extracting by manifest.
2927 silly tarball no local data for react-is@https://registry.npmjs.org/react-is/-/react-is-17.0.2.tgz. Extracting by manifest.
2928 silly tarball no local data for react-dev-utils@https://registry.npmjs.org/react-dev-utils/-/react-dev-utils-12.0.1.tgz. Extracting by manifest.
2929 silly tarball no local data for react-dom@https://registry.npmjs.org/react-dom/-/react-dom-19.2.3.tgz. Extracting by manifest.
2930 silly tarball no local data for react@https://registry.npmjs.org/react/-/react-19.2.3.tgz. Extracting by manifest.
2931 silly tarball no local data for range-parser@https://registry.npmjs.org/range-parser/-/range-parser-1.2.1.tgz. Extracting by manifest.
2932 silly tarball no local data for react-app-polyfill@https://registry.npmjs.org/react-app-polyfill/-/react-app-polyfill-3.0.0.tgz. Extracting by manifest.
2933 silly tarball no local data for raw-body@https://registry.npmjs.org/raw-body/-/raw-body-2.5.3.tgz. Extracting by manifest.
2934 silly tarball no local data for randombytes@https://registry.npmjs.org/randombytes/-/randombytes-2.1.0.tgz. Extracting by manifest.
2935 silly tarball no local data for raf@https://registry.npmjs.org/raf/-/raf-3.4.1.tgz. Extracting by manifest.
2936 silly tarball no local data for q@https://registry.npmjs.org/q/-/q-1.5.1.tgz. Extracting by manifest.
2937 silly tarball no local data for punycode@https://registry.npmjs.org/punycode/-/punycode-2.3.1.tgz. Extracting by manifest.
2938 silly tarball no local data for querystringify@https://registry.npmjs.org/querystringify/-/querystringify-2.2.0.tgz. Extracting by manifest.
2939 silly tarball no local data for qs@https://registry.npmjs.org/qs/-/qs-6.14.0.tgz. Extracting by manifest.
2940 silly tarball no local data for queue-microtask@https://registry.npmjs.org/queue-microtask/-/queue-microtask-1.2.3.tgz. Extracting by manifest.
2941 silly tarball no local data for prop-types@https://registry.npmjs.org/prop-types/-/prop-types-15.8.1.tgz. Extracting by manifest.
2942 silly tarball no local data for proxy-addr@https://registry.npmjs.org/proxy-addr/-/proxy-addr-2.0.7.tgz. Extracting by manifest.
2943 silly tarball no local data for promise@https://registry.npmjs.org/promise/-/promise-8.3.0.tgz. Extracting by manifest.
2944 silly tarball no local data for psl@https://registry.npmjs.org/psl/-/psl-1.15.0.tgz. Extracting by manifest.
2945 silly tarball no local data for prompts@https://registry.npmjs.org/prompts/-/prompts-2.4.2.tgz. Extracting by manifest.
2946 silly tarball no local data for process-nextick-args@https://registry.npmjs.org/process-nextick-args/-/process-nextick-args-2.0.1.tgz. Extracting by manifest.
2947 silly tarball no local data for pretty-error@https://registry.npmjs.org/pretty-error/-/pretty-error-4.0.0.tgz. Extracting by manifest.
2948 silly tarball no local data for pretty-format@https://registry.npmjs.org/pretty-format/-/pretty-format-27.5.1.tgz. Extracting by manifest.
2949 silly tarball no local data for pretty-bytes@https://registry.npmjs.org/pretty-bytes/-/pretty-bytes-5.6.0.tgz. Extracting by manifest.
2950 silly tarball no local data for prelude-ls@https://registry.npmjs.org/prelude-ls/-/prelude-ls-1.2.1.tgz. Extracting by manifest.
2951 silly tarball no local data for postcss-unique-selectors@https://registry.npmjs.org/postcss-unique-selectors/-/postcss-unique-selectors-5.1.1.tgz. Extracting by manifest.
2952 silly tarball no local data for postcss-value-parser@https://registry.npmjs.org/postcss-value-parser/-/postcss-value-parser-4.2.0.tgz. Extracting by manifest.
2953 silly tarball no local data for postcss-svgo@https://registry.npmjs.org/postcss-svgo/-/postcss-svgo-5.1.0.tgz. Extracting by manifest.
2954 silly tarball no local data for postcss-selector-parser@https://registry.npmjs.org/postcss-selector-parser/-/postcss-selector-parser-6.1.2.tgz. Extracting by manifest.
2955 silly tarball no local data for postcss-reduce-transforms@https://registry.npmjs.org/postcss-reduce-transforms/-/postcss-reduce-transforms-5.1.0.tgz. Extracting by manifest.
2956 silly tarball no local data for postcss-selector-not@https://registry.npmjs.org/postcss-selector-not/-/postcss-selector-not-6.0.1.tgz. Extracting by manifest.
2957 silly tarball no local data for postcss-pseudo-class-any-link@https://registry.npmjs.org/postcss-pseudo-class-any-link/-/postcss-pseudo-class-any-link-7.1.6.tgz. Extracting by manifest.
2958 silly tarball no local data for postcss-replace-overflow-wrap@https://registry.npmjs.org/postcss-replace-overflow-wrap/-/postcss-replace-overflow-wrap-4.0.0.tgz. Extracting by manifest.
2959 silly tarball no local data for postcss-preset-env@https://registry.npmjs.org/postcss-preset-env/-/postcss-preset-env-7.8.3.tgz. Extracting by manifest.
2960 silly tarball no local data for postcss-reduce-initial@https://registry.npmjs.org/postcss-reduce-initial/-/postcss-reduce-initial-5.1.2.tgz. Extracting by manifest.
2961 silly tarball no local data for postcss-page-break@https://registry.npmjs.org/postcss-page-break/-/postcss-page-break-3.0.4.tgz. Extracting by manifest.
2962 silly tarball no local data for postcss-place@https://registry.npmjs.org/postcss-place/-/postcss-place-7.0.5.tgz. Extracting by manifest.
2963 silly tarball no local data for postcss-overflow-shorthand@https://registry.npmjs.org/postcss-overflow-shorthand/-/postcss-overflow-shorthand-3.0.4.tgz. Extracting by manifest.
2964 silly tarball no local data for postcss-ordered-values@https://registry.npmjs.org/postcss-ordered-values/-/postcss-ordered-values-5.1.3.tgz. Extracting by manifest.
2965 silly tarball no local data for postcss-opacity-percentage@https://registry.npmjs.org/postcss-opacity-percentage/-/postcss-opacity-percentage-1.1.3.tgz. Extracting by manifest.
2966 silly tarball no local data for postcss-normalize-unicode@https://registry.npmjs.org/postcss-normalize-unicode/-/postcss-normalize-unicode-5.1.1.tgz. Extracting by manifest.
2967 silly tarball no local data for postcss-normalize-whitespace@https://registry.npmjs.org/postcss-normalize-whitespace/-/postcss-normalize-whitespace-5.1.1.tgz. Extracting by manifest.
2968 silly tarball no local data for postcss-normalize-url@https://registry.npmjs.org/postcss-normalize-url/-/postcss-normalize-url-5.1.0.tgz. Extracting by manifest.
2969 silly tarball no local data for postcss-normalize-positions@https://registry.npmjs.org/postcss-normalize-positions/-/postcss-normalize-positions-5.1.1.tgz. Extracting by manifest.
2970 silly tarball no local data for postcss-normalize-timing-functions@https://registry.npmjs.org/postcss-normalize-timing-functions/-/postcss-normalize-timing-functions-5.1.0.tgz. Extracting by manifest.
2971 silly tarball no local data for postcss-normalize-repeat-style@https://registry.npmjs.org/postcss-normalize-repeat-style/-/postcss-normalize-repeat-style-5.1.1.tgz. Extracting by manifest.
2972 silly tarball no local data for postcss-normalize-string@https://registry.npmjs.org/postcss-normalize-string/-/postcss-normalize-string-5.1.0.tgz. Extracting by manifest.
2973 silly tarball no local data for postcss-normalize-display-values@https://registry.npmjs.org/postcss-normalize-display-values/-/postcss-normalize-display-values-5.1.0.tgz. Extracting by manifest.
2974 silly tarball no local data for postcss-normalize-charset@https://registry.npmjs.org/postcss-normalize-charset/-/postcss-normalize-charset-5.1.0.tgz. Extracting by manifest.
2975 silly tarball no local data for postcss-normalize@https://registry.npmjs.org/postcss-normalize/-/postcss-normalize-10.0.1.tgz. Extracting by manifest.
2976 silly tarball no local data for postcss-nested@https://registry.npmjs.org/postcss-nested/-/postcss-nested-6.2.0.tgz. Extracting by manifest.
2977 silly tarball no local data for postcss-modules-values@https://registry.npmjs.org/postcss-modules-values/-/postcss-modules-values-4.0.0.tgz. Extracting by manifest.
2978 silly tarball no local data for postcss-nesting@https://registry.npmjs.org/postcss-nesting/-/postcss-nesting-10.2.0.tgz. Extracting by manifest.
2979 silly tarball no local data for postcss-minify-params@https://registry.npmjs.org/postcss-minify-params/-/postcss-minify-params-5.1.4.tgz. Extracting by manifest.
2980 silly tarball no local data for postcss-modules-scope@https://registry.npmjs.org/postcss-modules-scope/-/postcss-modules-scope-3.2.1.tgz. Extracting by manifest.
2981 silly tarball no local data for postcss-modules-local-by-default@https://registry.npmjs.org/postcss-modules-local-by-default/-/postcss-modules-local-by-default-4.2.0.tgz. Extracting by manifest.
2982 silly tarball no local data for postcss-minify-gradients@https://registry.npmjs.org/postcss-minify-gradients/-/postcss-minify-gradients-5.1.1.tgz. Extracting by manifest.
2983 silly tarball no local data for postcss-minify-selectors@https://registry.npmjs.org/postcss-minify-selectors/-/postcss-minify-selectors-5.2.1.tgz. Extracting by manifest.
2984 silly tarball no local data for postcss-modules-extract-imports@https://registry.npmjs.org/postcss-modules-extract-imports/-/postcss-modules-extract-imports-3.1.0.tgz. Extracting by manifest.
2985 silly tarball no local data for postcss-merge-rules@https://registry.npmjs.org/postcss-merge-rules/-/postcss-merge-rules-5.1.4.tgz. Extracting by manifest.
2986 silly tarball no local data for postcss-minify-font-values@https://registry.npmjs.org/postcss-minify-font-values/-/postcss-minify-font-values-5.1.0.tgz. Extracting by manifest.
2987 silly tarball no local data for postcss-merge-longhand@https://registry.npmjs.org/postcss-merge-longhand/-/postcss-merge-longhand-5.1.7.tgz. Extracting by manifest.
2988 silly tarball no local data for postcss-media-minmax@https://registry.npmjs.org/postcss-media-minmax/-/postcss-media-minmax-5.0.0.tgz. Extracting by manifest.
2989 silly tarball no local data for postcss-loader@https://registry.npmjs.org/postcss-loader/-/postcss-loader-6.2.1.tgz. Extracting by manifest.
2990 silly tarball no local data for postcss-import@https://registry.npmjs.org/postcss-import/-/postcss-import-15.1.0.tgz. Extracting by manifest.
2991 silly tarball no local data for postcss-logical@https://registry.npmjs.org/postcss-logical/-/postcss-logical-5.0.4.tgz. Extracting by manifest.
2992 silly tarball no local data for postcss-initial@https://registry.npmjs.org/postcss-initial/-/postcss-initial-4.0.1.tgz. Extracting by manifest.
2993 silly tarball no local data for postcss-image-set-function@https://registry.npmjs.org/postcss-image-set-function/-/postcss-image-set-function-4.0.7.tgz. Extracting by manifest.
2994 silly tarball no local data for postcss-js@https://registry.npmjs.org/postcss-js/-/postcss-js-4.1.0.tgz. Extracting by manifest.
2995 silly tarball no local data for postcss-lab-function@https://registry.npmjs.org/postcss-lab-function/-/postcss-lab-function-4.2.1.tgz. Extracting by manifest.
2996 silly tarball no local data for postcss-font-variant@https://registry.npmjs.org/postcss-font-variant/-/postcss-font-variant-5.0.0.tgz. Extracting by manifest.
2997 silly tarball no local data for postcss-gap-properties@https://registry.npmjs.org/postcss-gap-properties/-/postcss-gap-properties-3.0.5.tgz. Extracting by manifest.
2998 silly tarball no local data for postcss-focus-visible@https://registry.npmjs.org/postcss-focus-visible/-/postcss-focus-visible-6.0.4.tgz. Extracting by manifest.
2999 silly tarball no local data for postcss-focus-within@https://registry.npmjs.org/postcss-focus-within/-/postcss-focus-within-5.0.4.tgz. Extracting by manifest.
3000 silly tarball no local data for postcss-flexbugs-fixes@https://registry.npmjs.org/postcss-flexbugs-fixes/-/postcss-flexbugs-fixes-5.0.2.tgz. Extracting by manifest.
3001 silly tarball no local data for postcss-double-position-gradients@https://registry.npmjs.org/postcss-double-position-gradients/-/postcss-double-position-gradients-3.1.2.tgz. Extracting by manifest.
3002 silly tarball no local data for postcss-env-function@https://registry.npmjs.org/postcss-env-function/-/postcss-env-function-4.0.6.tgz. Extracting by manifest.
3003 silly tarball no local data for postcss-discard-empty@https://registry.npmjs.org/postcss-discard-empty/-/postcss-discard-empty-5.1.1.tgz. Extracting by manifest.
3004 silly tarball no local data for postcss-discard-comments@https://registry.npmjs.org/postcss-discard-comments/-/postcss-discard-comments-5.1.2.tgz. Extracting by manifest.
3005 silly tarball no local data for postcss-custom-selectors@https://registry.npmjs.org/postcss-custom-selectors/-/postcss-custom-selectors-6.0.3.tgz. Extracting by manifest.
3006 silly tarball no local data for postcss-discard-overridden@https://registry.npmjs.org/postcss-discard-overridden/-/postcss-discard-overridden-5.1.0.tgz. Extracting by manifest.
3007 silly tarball no local data for postcss-discard-duplicates@https://registry.npmjs.org/postcss-discard-duplicates/-/postcss-discard-duplicates-5.1.0.tgz. Extracting by manifest.
3008 silly tarball no local data for postcss-dir-pseudo-class@https://registry.npmjs.org/postcss-dir-pseudo-class/-/postcss-dir-pseudo-class-6.0.5.tgz. Extracting by manifest.
3009 silly tarball no local data for postcss-custom-properties@https://registry.npmjs.org/postcss-custom-properties/-/postcss-custom-properties-12.1.11.tgz. Extracting by manifest.
3010 silly tarball no local data for postcss-custom-media@https://registry.npmjs.org/postcss-custom-media/-/postcss-custom-media-8.0.2.tgz. Extracting by manifest.
3011 silly tarball no local data for postcss-color-rebeccapurple@https://registry.npmjs.org/postcss-color-rebeccapurple/-/postcss-color-rebeccapurple-7.1.1.tgz. Extracting by manifest.
3012 silly tarball no local data for postcss-convert-values@https://registry.npmjs.org/postcss-convert-values/-/postcss-convert-values-5.1.3.tgz. Extracting by manifest.
3013 silly tarball no local data for postcss-colormin@https://registry.npmjs.org/postcss-colormin/-/postcss-colormin-5.3.1.tgz. Extracting by manifest.
3014 silly tarball no local data for postcss-color-hex-alpha@https://registry.npmjs.org/postcss-color-hex-alpha/-/postcss-color-hex-alpha-8.0.4.tgz. Extracting by manifest.
3015 silly tarball no local data for postcss-clamp@https://registry.npmjs.org/postcss-clamp/-/postcss-clamp-4.1.0.tgz. Extracting by manifest.
3016 silly tarball no local data for postcss-color-functional-notation@https://registry.npmjs.org/postcss-color-functional-notation/-/postcss-color-functional-notation-4.2.4.tgz. Extracting by manifest.
3017 silly tarball no local data for postcss-calc@https://registry.npmjs.org/postcss-calc/-/postcss-calc-8.2.4.tgz. Extracting by manifest.
3018 silly tarball no local data for postcss-browser-comments@https://registry.npmjs.org/postcss-browser-comments/-/postcss-browser-comments-4.0.0.tgz. Extracting by manifest.
3019 silly tarball no local data for postcss@https://registry.npmjs.org/postcss/-/postcss-8.5.6.tgz. Extracting by manifest.
3020 silly tarball no local data for possible-typed-array-names@https://registry.npmjs.org/possible-typed-array-names/-/possible-typed-array-names-1.1.0.tgz. Extracting by manifest.
3021 silly tarball no local data for pirates@https://registry.npmjs.org/pirates/-/pirates-4.0.7.tgz. Extracting by manifest.
3022 silly tarball no local data for postcss-attribute-case-insensitive@https://registry.npmjs.org/postcss-attribute-case-insensitive/-/postcss-attribute-case-insensitive-5.0.2.tgz. Extracting by manifest.
3023 silly tarball no local data for pkg-up@https://registry.npmjs.org/pkg-up/-/pkg-up-3.1.0.tgz. Extracting by manifest.
3024 silly tarball no local data for pkg-dir@https://registry.npmjs.org/pkg-dir/-/pkg-dir-4.2.0.tgz. Extracting by manifest.
3025 silly tarball no local data for pify@https://registry.npmjs.org/pify/-/pify-2.3.0.tgz. Extracting by manifest.
3026 silly tarball no local data for picomatch@https://registry.npmjs.org/picomatch/-/picomatch-2.3.1.tgz. Extracting by manifest.
3027 silly tarball no local data for picocolors@https://registry.npmjs.org/picocolors/-/picocolors-1.1.1.tgz. Extracting by manifest.
3028 silly tarball no local data for path-type@https://registry.npmjs.org/path-type/-/path-type-4.0.0.tgz. Extracting by manifest.
3029 silly tarball no local data for performance-now@https://registry.npmjs.org/performance-now/-/performance-now-2.1.0.tgz. Extracting by manifest.
3030 silly tarball no local data for path-to-regexp@https://registry.npmjs.org/path-to-regexp/-/path-to-regexp-0.1.12.tgz. Extracting by manifest.
3031 silly tarball no local data for path-parse@https://registry.npmjs.org/path-parse/-/path-parse-1.0.7.tgz. Extracting by manifest.
3032 silly tarball no local data for path-key@https://registry.npmjs.org/path-key/-/path-key-3.1.1.tgz. Extracting by manifest.
3033 silly tarball no local data for path-is-absolute@https://registry.npmjs.org/path-is-absolute/-/path-is-absolute-1.0.1.tgz. Extracting by manifest.
3034 silly tarball no local data for path-exists@https://registry.npmjs.org/path-exists/-/path-exists-4.0.0.tgz. Extracting by manifest.
3035 silly tarball no local data for parseurl@https://registry.npmjs.org/parseurl/-/parseurl-1.3.3.tgz. Extracting by manifest.
3036 silly tarball no local data for pascal-case@https://registry.npmjs.org/pascal-case/-/pascal-case-3.1.2.tgz. Extracting by manifest.
3037 silly tarball no local data for parse5@https://registry.npmjs.org/parse5/-/parse5-6.0.1.tgz. Extracting by manifest.
3038 silly tarball no local data for p-try@https://registry.npmjs.org/p-try/-/p-try-2.2.0.tgz. Extracting by manifest.
3039 silly tarball no local data for parent-module@https://registry.npmjs.org/parent-module/-/parent-module-1.0.1.tgz. Extracting by manifest.
3040 silly tarball no local data for parse-json@https://registry.npmjs.org/parse-json/-/parse-json-5.2.0.tgz. Extracting by manifest.
3041 silly tarball no local data for param-case@https://registry.npmjs.org/param-case/-/param-case-3.0.4.tgz. Extracting by manifest.
3042 silly tarball no local data for p-retry@https://registry.npmjs.org/p-retry/-/p-retry-4.6.2.tgz. Extracting by manifest.
3043 silly tarball no local data for p-locate@https://registry.npmjs.org/p-locate/-/p-locate-4.1.0.tgz. Extracting by manifest.
3044 silly tarball no local data for own-keys@https://registry.npmjs.org/own-keys/-/own-keys-1.0.1.tgz. Extracting by manifest.
3045 silly tarball no local data for optionator@https://registry.npmjs.org/optionator/-/optionator-0.9.4.tgz. Extracting by manifest.
3046 silly tarball no local data for onetime@https://registry.npmjs.org/onetime/-/onetime-5.1.2.tgz. Extracting by manifest.
3047 silly tarball no local data for open@https://registry.npmjs.org/open/-/open-8.4.2.tgz. Extracting by manifest.
3048 silly tarball no local data for on-headers@https://registry.npmjs.org/on-headers/-/on-headers-1.1.0.tgz. Extracting by manifest.
3049 silly tarball no local data for p-limit@https://registry.npmjs.org/p-limit/-/p-limit-2.3.0.tgz. Extracting by manifest.
3050 silly tarball no local data for on-finished@https://registry.npmjs.org/on-finished/-/on-finished-2.4.1.tgz. Extracting by manifest.
3051 silly tarball no local data for once@https://registry.npmjs.org/once/-/once-1.4.0.tgz. Extracting by manifest.
3052 silly tarball no local data for object.values@https://registry.npmjs.org/object.values/-/object.values-1.2.1.tgz. Extracting by manifest.
3053 silly tarball no local data for obuf@https://registry.npmjs.org/obuf/-/obuf-1.1.2.tgz. Extracting by manifest.
3054 silly tarball no local data for object.groupby@https://registry.npmjs.org/object.groupby/-/object.groupby-1.0.3.tgz. Extracting by manifest.
3055 silly tarball no local data for object.getownpropertydescriptors@https://registry.npmjs.org/object.getownpropertydescriptors/-/object.getownpropertydescriptors-2.1.9.tgz. Extracting by manifest.
3056 silly tarball no local data for object.entries@https://registry.npmjs.org/object.entries/-/object.entries-1.1.9.tgz. Extracting by manifest.
3057 silly tarball no local data for object.fromentries@https://registry.npmjs.org/object.fromentries/-/object.fromentries-2.0.8.tgz. Extracting by manifest.
3058 silly tarball no local data for object.assign@https://registry.npmjs.org/object.assign/-/object.assign-4.1.7.tgz. Extracting by manifest.
3059 silly tarball no local data for object-keys@https://registry.npmjs.org/object-keys/-/object-keys-1.1.1.tgz. Extracting by manifest.
3060 silly tarball no local data for object-hash@https://registry.npmjs.org/object-hash/-/object-hash-3.0.0.tgz. Extracting by manifest.
3061 silly tarball no local data for object-inspect@https://registry.npmjs.org/object-inspect/-/object-inspect-1.13.4.tgz. Extracting by manifest.
3062 silly tarball no local data for nwsapi@https://registry.npmjs.org/nwsapi/-/nwsapi-2.2.23.tgz. Extracting by manifest.
3063 silly tarball no local data for object-assign@https://registry.npmjs.org/object-assign/-/object-assign-4.1.1.tgz. Extracting by manifest.
3064 silly tarball no local data for nth-check@https://registry.npmjs.org/nth-check/-/nth-check-2.1.1.tgz. Extracting by manifest.
3065 silly tarball no local data for npm-run-path@https://registry.npmjs.org/npm-run-path/-/npm-run-path-4.0.1.tgz. Extracting by manifest.
3066 silly tarball no local data for normalize-url@https://registry.npmjs.org/normalize-url/-/normalize-url-6.1.0.tgz. Extracting by manifest.
3067 silly tarball no local data for normalize-range@https://registry.npmjs.org/normalize-range/-/normalize-range-0.1.2.tgz. Extracting by manifest.
3068 silly tarball no local data for normalize-path@https://registry.npmjs.org/normalize-path/-/normalize-path-3.0.0.tgz. Extracting by manifest.
3069 silly tarball no local data for node-releases@https://registry.npmjs.org/node-releases/-/node-releases-2.0.27.tgz. Extracting by manifest.
3070 silly tarball no local data for node-int64@https://registry.npmjs.org/node-int64/-/node-int64-0.4.0.tgz. Extracting by manifest.
3071 silly tarball no local data for node-forge@https://registry.npmjs.org/node-forge/-/node-forge-1.3.3.tgz. Extracting by manifest.
3072 silly tarball no local data for no-case@https://registry.npmjs.org/no-case/-/no-case-3.0.4.tgz. Extracting by manifest.
3073 silly tarball no local data for natural-compare-lite@https://registry.npmjs.org/natural-compare-lite/-/natural-compare-lite-1.4.0.tgz. Extracting by manifest.
3074 silly tarball no local data for negotiator@https://registry.npmjs.org/negotiator/-/negotiator-0.6.4.tgz. Extracting by manifest.
3075 silly tarball no local data for natural-compare@https://registry.npmjs.org/natural-compare/-/natural-compare-1.4.0.tgz. Extracting by manifest.
3076 silly tarball no local data for neo-async@https://registry.npmjs.org/neo-async/-/neo-async-2.6.2.tgz. Extracting by manifest.
3077 silly tarball no local data for nanoid@https://registry.npmjs.org/nanoid/-/nanoid-3.3.11.tgz. Extracting by manifest.
3078 silly tarball no local data for mz@https://registry.npmjs.org/mz/-/mz-2.7.0.tgz. Extracting by manifest.
3079 silly tarball no local data for ms@https://registry.npmjs.org/ms/-/ms-2.1.3.tgz. Extracting by manifest.
3080 silly tarball no local data for multicast-dns@https://registry.npmjs.org/multicast-dns/-/multicast-dns-7.2.5.tgz. Extracting by manifest.
3081 silly tarball no local data for mkdirp@https://registry.npmjs.org/mkdirp/-/mkdirp-0.5.6.tgz. Extracting by manifest.
3082 silly tarball no local data for minimist@https://registry.npmjs.org/minimist/-/minimist-1.2.8.tgz. Extracting by manifest.
3083 silly tarball no local data for min-indent@https://registry.npmjs.org/min-indent/-/min-indent-1.0.1.tgz. Extracting by manifest.
3084 silly tarball no local data for mini-css-extract-plugin@https://registry.npmjs.org/mini-css-extract-plugin/-/mini-css-extract-plugin-2.9.4.tgz. Extracting by manifest.
3085 silly tarball no local data for minimatch@https://registry.npmjs.org/minimatch/-/minimatch-3.1.2.tgz. Extracting by manifest.
3086 silly tarball no local data for minimalistic-assert@https://registry.npmjs.org/minimalistic-assert/-/minimalistic-assert-1.0.1.tgz. Extracting by manifest.
3087 silly tarball no local data for mime-db@https://registry.npmjs.org/mime-db/-/mime-db-1.52.0.tgz. Extracting by manifest.
3088 silly tarball no local data for mimic-fn@https://registry.npmjs.org/mimic-fn/-/mimic-fn-2.1.0.tgz. Extracting by manifest.
3089 silly tarball no local data for mime-types@https://registry.npmjs.org/mime-types/-/mime-types-2.1.35.tgz. Extracting by manifest.
3090 silly tarball no local data for mime@https://registry.npmjs.org/mime/-/mime-1.6.0.tgz. Extracting by manifest.
3091 silly tarball no local data for methods@https://registry.npmjs.org/methods/-/methods-1.1.2.tgz. Extracting by manifest.
3092 silly tarball no local data for merge-stream@https://registry.npmjs.org/merge-stream/-/merge-stream-2.0.0.tgz. Extracting by manifest.
3093 silly tarball no local data for merge-descriptors@https://registry.npmjs.org/merge-descriptors/-/merge-descriptors-1.0.3.tgz. Extracting by manifest.
3094 silly tarball no local data for memfs@https://registry.npmjs.org/memfs/-/memfs-3.5.3.tgz. Extracting by manifest.
3095 silly tarball no local data for merge2@https://registry.npmjs.org/merge2/-/merge2-1.4.1.tgz. Extracting by manifest.
3096 silly tarball no local data for media-typer@https://registry.npmjs.org/media-typer/-/media-typer-0.3.0.tgz. Extracting by manifest.
3097 silly tarball no local data for mdn-data@https://registry.npmjs.org/mdn-data/-/mdn-data-2.0.4.tgz. Extracting by manifest.
3098 silly tarball no local data for micromatch@https://registry.npmjs.org/micromatch/-/micromatch-4.0.8.tgz. Extracting by manifest.
3099 silly tarball no local data for makeerror@https://registry.npmjs.org/makeerror/-/makeerror-1.0.12.tgz. Extracting by manifest.
3100 silly tarball no local data for math-intrinsics@https://registry.npmjs.org/math-intrinsics/-/math-intrinsics-1.1.0.tgz. Extracting by manifest.
3101 silly tarball no local data for magic-string@https://registry.npmjs.org/magic-string/-/magic-string-0.25.9.tgz. Extracting by manifest.
3102 silly tarball no local data for make-dir@https://registry.npmjs.org/make-dir/-/make-dir-3.1.0.tgz. Extracting by manifest.
3103 silly tarball no local data for lru-cache@https://registry.npmjs.org/lru-cache/-/lru-cache-5.1.1.tgz. Extracting by manifest.
3104 silly tarball no local data for lz-string@https://registry.npmjs.org/lz-string/-/lz-string-1.5.0.tgz. Extracting by manifest.
3105 silly tarball no local data for lower-case@https://registry.npmjs.org/lower-case/-/lower-case-2.0.2.tgz. Extracting by manifest.
3106 silly tarball no local data for lodash.uniq@https://registry.npmjs.org/lodash.uniq/-/lodash.uniq-4.5.0.tgz. Extracting by manifest.
3107 silly tarball no local data for loose-envify@https://registry.npmjs.org/loose-envify/-/loose-envify-1.4.0.tgz. Extracting by manifest.
3108 silly tarball no local data for lodash.sortby@https://registry.npmjs.org/lodash.sortby/-/lodash.sortby-4.7.0.tgz. Extracting by manifest.
3109 silly tarball no local data for lodash.merge@https://registry.npmjs.org/lodash.merge/-/lodash.merge-4.6.2.tgz. Extracting by manifest.
3110 silly tarball no local data for lodash.debounce@https://registry.npmjs.org/lodash.debounce/-/lodash.debounce-4.0.8.tgz. Extracting by manifest.
3111 silly tarball no local data for lodash.memoize@https://registry.npmjs.org/lodash.memoize/-/lodash.memoize-4.1.2.tgz. Extracting by manifest.
3112 silly tarball no local data for lodash@https://registry.npmjs.org/lodash/-/lodash-4.17.21.tgz. Extracting by manifest.
3113 silly tarball no local data for locate-path@https://registry.npmjs.org/locate-path/-/locate-path-5.0.0.tgz. Extracting by manifest.
3114 silly tarball no local data for loader-utils@https://registry.npmjs.org/loader-utils/-/loader-utils-2.0.4.tgz. Extracting by manifest.
3115 silly tarball no local data for lines-and-columns@https://registry.npmjs.org/lines-and-columns/-/lines-and-columns-1.2.4.tgz. Extracting by manifest.
3116 silly tarball no local data for lilconfig@https://registry.npmjs.org/lilconfig/-/lilconfig-2.1.0.tgz. Extracting by manifest.
3117 silly tarball no local data for launch-editor@https://registry.npmjs.org/launch-editor/-/launch-editor-2.12.0.tgz. Extracting by manifest.
3118 silly tarball no local data for loader-runner@https://registry.npmjs.org/loader-runner/-/loader-runner-4.3.1.tgz. Extracting by manifest.
3119 silly tarball no local data for levn@https://registry.npmjs.org/levn/-/levn-0.4.1.tgz. Extracting by manifest.
3120 silly tarball no local data for leven@https://registry.npmjs.org/leven/-/leven-3.1.0.tgz. Extracting by manifest.
3121 silly tarball no local data for language-tags@https://registry.npmjs.org/language-tags/-/language-tags-1.0.9.tgz. Extracting by manifest.
3122 silly tarball no local data for language-subtag-registry@https://registry.npmjs.org/language-subtag-registry/-/language-subtag-registry-0.3.23.tgz. Extracting by manifest.
3123 silly tarball no local data for klona@https://registry.npmjs.org/klona/-/klona-2.0.6.tgz. Extracting by manifest.
3124 silly tarball no local data for kleur@https://registry.npmjs.org/kleur/-/kleur-3.0.3.tgz. Extracting by manifest.
3125 silly tarball no local data for kind-of@https://registry.npmjs.org/kind-of/-/kind-of-6.0.3.tgz. Extracting by manifest.
3126 silly tarball no local data for jsonpointer@https://registry.npmjs.org/jsonpointer/-/jsonpointer-5.0.1.tgz. Extracting by manifest.
3127 silly tarball no local data for jsonfile@https://registry.npmjs.org/jsonfile/-/jsonfile-6.2.0.tgz. Extracting by manifest.
3128 silly tarball no local data for jsx-ast-utils@https://registry.npmjs.org/jsx-ast-utils/-/jsx-ast-utils-3.3.5.tgz. Extracting by manifest.
3129 silly tarball no local data for jsonpath@https://registry.npmjs.org/jsonpath/-/jsonpath-1.1.1.tgz. Extracting by manifest.
3130 silly tarball no local data for keyv@https://registry.npmjs.org/keyv/-/keyv-4.5.4.tgz. Extracting by manifest.
3131 silly tarball no local data for json-stable-stringify-without-jsonify@https://registry.npmjs.org/json-stable-stringify-without-jsonify/-/json-stable-stringify-without-jsonify-1.0.1.tgz. Extracting by manifest.
3132 silly tarball no local data for json5@https://registry.npmjs.org/json5/-/json5-2.2.3.tgz. Extracting by manifest.
3133 silly tarball no local data for json-schema-traverse@https://registry.npmjs.org/json-schema-traverse/-/json-schema-traverse-0.4.1.tgz. Extracting by manifest.
3134 silly tarball no local data for json-buffer@https://registry.npmjs.org/json-buffer/-/json-buffer-3.0.1.tgz. Extracting by manifest.
3135 silly tarball no local data for json-parse-even-better-errors@https://registry.npmjs.org/json-parse-even-better-errors/-/json-parse-even-better-errors-2.3.1.tgz. Extracting by manifest.
3136 silly tarball no local data for jsesc@https://registry.npmjs.org/jsesc/-/jsesc-3.1.0.tgz. Extracting by manifest.
3137 silly tarball no local data for jsdom@https://registry.npmjs.org/jsdom/-/jsdom-16.7.0.tgz. Extracting by manifest.
3138 silly tarball no local data for json-schema@https://registry.npmjs.org/json-schema/-/json-schema-0.4.0.tgz. Extracting by manifest.
3139 silly tarball no local data for js-yaml@https://registry.npmjs.org/js-yaml/-/js-yaml-3.14.2.tgz. Extracting by manifest.
3140 silly tarball no local data for jiti@https://registry.npmjs.org/jiti/-/jiti-1.21.7.tgz. Extracting by manifest.
3141 silly tarball no local data for js-tokens@https://registry.npmjs.org/js-tokens/-/js-tokens-4.0.0.tgz. Extracting by manifest.
3142 silly tarball no local data for jest-watcher@https://registry.npmjs.org/jest-watcher/-/jest-watcher-27.5.1.tgz. Extracting by manifest.
3143 silly tarball no local data for jest-worker@https://registry.npmjs.org/jest-worker/-/jest-worker-27.5.1.tgz. Extracting by manifest.
3144 silly tarball no local data for jest-watch-typeahead@https://registry.npmjs.org/jest-watch-typeahead/-/jest-watch-typeahead-1.1.0.tgz. Extracting by manifest.
3145 silly tarball no local data for jest-util@https://registry.npmjs.org/jest-util/-/jest-util-27.5.1.tgz. Extracting by manifest.
3146 silly tarball no local data for jest-validate@https://registry.npmjs.org/jest-validate/-/jest-validate-27.5.1.tgz. Extracting by manifest.
3147 silly tarball no local data for jest-serializer@https://registry.npmjs.org/jest-serializer/-/jest-serializer-27.5.1.tgz. Extracting by manifest.
3148 silly tarball no local data for jest-snapshot@https://registry.npmjs.org/jest-snapshot/-/jest-snapshot-27.5.1.tgz. Extracting by manifest.
3149 silly tarball no local data for jest-runner@https://registry.npmjs.org/jest-runner/-/jest-runner-27.5.1.tgz. Extracting by manifest.
3150 silly tarball no local data for jest-resolve-dependencies@https://registry.npmjs.org/jest-resolve-dependencies/-/jest-resolve-dependencies-27.5.1.tgz. Extracting by manifest.
3151 silly tarball no local data for jest-regex-util@https://registry.npmjs.org/jest-regex-util/-/jest-regex-util-27.5.1.tgz. Extracting by manifest.
3152 silly tarball no local data for jest-runtime@https://registry.npmjs.org/jest-runtime/-/jest-runtime-27.5.1.tgz. Extracting by manifest.
3153 silly tarball no local data for jest-resolve@https://registry.npmjs.org/jest-resolve/-/jest-resolve-27.5.1.tgz. Extracting by manifest.
3154 silly tarball no local data for jest-pnp-resolver@https://registry.npmjs.org/jest-pnp-resolver/-/jest-pnp-resolver-1.2.3.tgz. Extracting by manifest.
3155 silly tarball no local data for jest-message-util@https://registry.npmjs.org/jest-message-util/-/jest-message-util-27.5.1.tgz. Extracting by manifest.
3156 silly tarball no local data for jest-matcher-utils@https://registry.npmjs.org/jest-matcher-utils/-/jest-matcher-utils-27.5.1.tgz. Extracting by manifest.
3157 silly tarball no local data for jest-mock@https://registry.npmjs.org/jest-mock/-/jest-mock-27.5.1.tgz. Extracting by manifest.
3158 silly tarball no local data for jest-leak-detector@https://registry.npmjs.org/jest-leak-detector/-/jest-leak-detector-27.5.1.tgz. Extracting by manifest.
3159 silly tarball no local data for jest-haste-map@https://registry.npmjs.org/jest-haste-map/-/jest-haste-map-27.5.1.tgz. Extracting by manifest.
3160 silly tarball no local data for jest-jasmine2@https://registry.npmjs.org/jest-jasmine2/-/jest-jasmine2-27.5.1.tgz. Extracting by manifest.
3161 silly tarball no local data for jest-environment-node@https://registry.npmjs.org/jest-environment-node/-/jest-environment-node-27.5.1.tgz. Extracting by manifest.
3162 silly tarball no local data for jest-get-type@https://registry.npmjs.org/jest-get-type/-/jest-get-type-27.5.1.tgz. Extracting by manifest.
3163 silly tarball no local data for jest-environment-jsdom@https://registry.npmjs.org/jest-environment-jsdom/-/jest-environment-jsdom-27.5.1.tgz. Extracting by manifest.
3164 silly tarball no local data for jest-each@https://registry.npmjs.org/jest-each/-/jest-each-27.5.1.tgz. Extracting by manifest.
3165 silly tarball no local data for jest-cli@https://registry.npmjs.org/jest-cli/-/jest-cli-27.5.1.tgz. Extracting by manifest.
3166 silly tarball no local data for jest-docblock@https://registry.npmjs.org/jest-docblock/-/jest-docblock-27.5.1.tgz. Extracting by manifest.
3167 silly tarball no local data for jest@https://registry.npmjs.org/jest/-/jest-27.5.1.tgz. Extracting by manifest.
3168 silly tarball no local data for jest-circus@https://registry.npmjs.org/jest-circus/-/jest-circus-27.5.1.tgz. Extracting by manifest.
3169 silly tarball no local data for jest-config@https://registry.npmjs.org/jest-config/-/jest-config-27.5.1.tgz. Extracting by manifest.
3170 silly tarball no local data for jest-changed-files@https://registry.npmjs.org/jest-changed-files/-/jest-changed-files-27.5.1.tgz. Extracting by manifest.
3171 silly tarball no local data for jest-diff@https://registry.npmjs.org/jest-diff/-/jest-diff-27.5.1.tgz. Extracting by manifest.
3172 silly tarball no local data for iterator.prototype@https://registry.npmjs.org/iterator.prototype/-/iterator.prototype-1.1.5.tgz. Extracting by manifest.
3173 silly tarball no local data for istanbul-reports@https://registry.npmjs.org/istanbul-reports/-/istanbul-reports-3.2.0.tgz. Extracting by manifest.
3174 silly tarball no local data for jake@https://registry.npmjs.org/jake/-/jake-10.9.4.tgz. Extracting by manifest.
3175 silly tarball no local data for istanbul-lib-source-maps@https://registry.npmjs.org/istanbul-lib-source-maps/-/istanbul-lib-source-maps-4.0.1.tgz. Extracting by manifest.
3176 silly tarball no local data for istanbul-lib-report@https://registry.npmjs.org/istanbul-lib-report/-/istanbul-lib-report-3.0.1.tgz. Extracting by manifest.
3177 silly tarball no local data for isexe@https://registry.npmjs.org/isexe/-/isexe-2.0.0.tgz. Extracting by manifest.
3178 silly tarball no local data for istanbul-lib-instrument@https://registry.npmjs.org/istanbul-lib-instrument/-/istanbul-lib-instrument-5.2.1.tgz. Extracting by manifest.
3179 silly tarball no local data for istanbul-lib-coverage@https://registry.npmjs.org/istanbul-lib-coverage/-/istanbul-lib-coverage-3.2.2.tgz. Extracting by manifest.
3180 silly tarball no local data for is-wsl@https://registry.npmjs.org/is-wsl/-/is-wsl-2.2.0.tgz. Extracting by manifest.
3181 silly tarball no local data for isarray@https://registry.npmjs.org/isarray/-/isarray-2.0.5.tgz. Extracting by manifest.
3182 silly tarball no local data for is-typedarray@https://registry.npmjs.org/is-typedarray/-/is-typedarray-1.0.0.tgz. Extracting by manifest.
3183 silly tarball no local data for is-weakset@https://registry.npmjs.org/is-weakset/-/is-weakset-2.0.4.tgz. Extracting by manifest.
3184 silly tarball no local data for is-weakmap@https://registry.npmjs.org/is-weakmap/-/is-weakmap-2.0.2.tgz. Extracting by manifest.
3185 silly tarball no local data for is-typed-array@https://registry.npmjs.org/is-typed-array/-/is-typed-array-1.1.15.tgz. Extracting by manifest.
3186 silly tarball no local data for is-string@https://registry.npmjs.org/is-string/-/is-string-1.1.1.tgz. Extracting by manifest.
3187 silly tarball no local data for is-weakref@https://registry.npmjs.org/is-weakref/-/is-weakref-1.1.1.tgz. Extracting by manifest.
3188 silly tarball no local data for is-symbol@https://registry.npmjs.org/is-symbol/-/is-symbol-1.1.1.tgz. Extracting by manifest.
3189 silly tarball no local data for is-stream@https://registry.npmjs.org/is-stream/-/is-stream-2.0.1.tgz. Extracting by manifest.
3190 silly tarball no local data for is-shared-array-buffer@https://registry.npmjs.org/is-shared-array-buffer/-/is-shared-array-buffer-1.0.4.tgz. Extracting by manifest.
3191 silly tarball no local data for is-root@https://registry.npmjs.org/is-root/-/is-root-2.1.0.tgz. Extracting by manifest.
3192 silly tarball no local data for is-set@https://registry.npmjs.org/is-set/-/is-set-2.0.3.tgz. Extracting by manifest.
3193 silly tarball no local data for is-regex@https://registry.npmjs.org/is-regex/-/is-regex-1.2.1.tgz. Extracting by manifest.
3194 silly tarball no local data for is-plain-obj@https://registry.npmjs.org/is-plain-obj/-/is-plain-obj-3.0.0.tgz. Extracting by manifest.
3195 silly tarball no local data for is-regexp@https://registry.npmjs.org/is-regexp/-/is-regexp-1.0.0.tgz. Extracting by manifest.
3196 silly tarball no local data for is-potential-custom-element-name@https://registry.npmjs.org/is-potential-custom-element-name/-/is-potential-custom-element-name-1.0.1.tgz. Extracting by manifest.
3197 silly tarball no local data for is-path-inside@https://registry.npmjs.org/is-path-inside/-/is-path-inside-3.0.3.tgz. Extracting by manifest.
3198 silly tarball no local data for is-obj@https://registry.npmjs.org/is-obj/-/is-obj-1.0.1.tgz. Extracting by manifest.
3199 silly tarball no local data for is-number@https://registry.npmjs.org/is-number/-/is-number-7.0.0.tgz. Extracting by manifest.
3200 silly tarball no local data for is-module@https://registry.npmjs.org/is-module/-/is-module-1.0.0.tgz. Extracting by manifest.
3201 silly tarball no local data for is-negative-zero@https://registry.npmjs.org/is-negative-zero/-/is-negative-zero-2.0.3.tgz. Extracting by manifest.
3202 silly tarball no local data for is-number-object@https://registry.npmjs.org/is-number-object/-/is-number-object-1.1.1.tgz. Extracting by manifest.
3203 silly tarball no local data for is-generator-function@https://registry.npmjs.org/is-generator-function/-/is-generator-function-1.1.2.tgz. Extracting by manifest.
3204 silly tarball no local data for is-generator-fn@https://registry.npmjs.org/is-generator-fn/-/is-generator-fn-2.1.0.tgz. Extracting by manifest.
3205 silly tarball no local data for is-glob@https://registry.npmjs.org/is-glob/-/is-glob-4.0.3.tgz. Extracting by manifest.
3206 silly tarball no local data for is-extglob@https://registry.npmjs.org/is-extglob/-/is-extglob-2.1.1.tgz. Extracting by manifest.
3207 silly tarball no local data for is-date-object@https://registry.npmjs.org/is-date-object/-/is-date-object-1.1.0.tgz. Extracting by manifest.
3208 silly tarball no local data for is-map@https://registry.npmjs.org/is-map/-/is-map-2.0.3.tgz. Extracting by manifest.
3209 silly tarball no local data for is-docker@https://registry.npmjs.org/is-docker/-/is-docker-2.2.1.tgz. Extracting by manifest.
3210 silly tarball no local data for is-data-view@https://registry.npmjs.org/is-data-view/-/is-data-view-1.0.2.tgz. Extracting by manifest.
3211 silly tarball no local data for is-core-module@https://registry.npmjs.org/is-core-module/-/is-core-module-2.16.1.tgz. Extracting by manifest.
3212 silly tarball no local data for is-finalizationregistry@https://registry.npmjs.org/is-finalizationregistry/-/is-finalizationregistry-1.1.1.tgz. Extracting by manifest.
3213 silly tarball no local data for is-boolean-object@https://registry.npmjs.org/is-boolean-object/-/is-boolean-object-1.2.2.tgz. Extracting by manifest.
3214 silly tarball no local data for is-callable@https://registry.npmjs.org/is-callable/-/is-callable-1.2.7.tgz. Extracting by manifest.
3215 silly tarball no local data for is-fullwidth-code-point@https://registry.npmjs.org/is-fullwidth-code-point/-/is-fullwidth-code-point-3.0.0.tgz. Extracting by manifest.
3216 silly tarball no local data for is-binary-path@https://registry.npmjs.org/is-binary-path/-/is-binary-path-2.1.0.tgz. Extracting by manifest.
3217 silly tarball no local data for is-bigint@https://registry.npmjs.org/is-bigint/-/is-bigint-1.1.0.tgz. Extracting by manifest.
3218 silly tarball no local data for is-array-buffer@https://registry.npmjs.org/is-array-buffer/-/is-array-buffer-3.0.5.tgz. Extracting by manifest.
3219 silly tarball no local data for is-async-function@https://registry.npmjs.org/is-async-function/-/is-async-function-2.1.1.tgz. Extracting by manifest.
3220 silly tarball no local data for ipaddr.js@https://registry.npmjs.org/ipaddr.js/-/ipaddr.js-2.3.0.tgz. Extracting by manifest.
3221 silly tarball no local data for is-arrayish@https://registry.npmjs.org/is-arrayish/-/is-arrayish-0.2.1.tgz. Extracting by manifest.
3222 silly tarball no local data for inherits@https://registry.npmjs.org/inherits/-/inherits-2.0.4.tgz. Extracting by manifest.
3223 silly tarball no local data for internal-slot@https://registry.npmjs.org/internal-slot/-/internal-slot-1.1.0.tgz. Extracting by manifest.
3224 silly tarball no local data for indent-string@https://registry.npmjs.org/indent-string/-/indent-string-4.0.0.tgz. Extracting by manifest.
3225 silly tarball no local data for import-fresh@https://registry.npmjs.org/import-fresh/-/import-fresh-3.3.1.tgz. Extracting by manifest.
3226 silly tarball no local data for ini@https://registry.npmjs.org/ini/-/ini-1.3.8.tgz. Extracting by manifest.
3227 silly tarball no local data for import-local@https://registry.npmjs.org/import-local/-/import-local-3.2.0.tgz. Extracting by manifest.
3228 silly tarball no local data for imurmurhash@https://registry.npmjs.org/imurmurhash/-/imurmurhash-0.1.4.tgz. Extracting by manifest.
3229 silly tarball no local data for ignore@https://registry.npmjs.org/ignore/-/ignore-5.3.2.tgz. Extracting by manifest.
3230 silly tarball no local data for inflight@https://registry.npmjs.org/inflight/-/inflight-1.0.6.tgz. Extracting by manifest.
3231 silly tarball no local data for immer@https://registry.npmjs.org/immer/-/immer-9.0.21.tgz. Extracting by manifest.
3232 silly tarball no local data for identity-obj-proxy@https://registry.npmjs.org/identity-obj-proxy/-/identity-obj-proxy-3.0.0.tgz. Extracting by manifest.
3233 silly tarball no local data for https-proxy-agent@https://registry.npmjs.org/https-proxy-agent/-/https-proxy-agent-5.0.1.tgz. Extracting by manifest.
3234 silly tarball no local data for icss-utils@https://registry.npmjs.org/icss-utils/-/icss-utils-5.1.0.tgz. Extracting by manifest.
3235 silly tarball no local data for http-proxy-middleware@https://registry.npmjs.org/http-proxy-middleware/-/http-proxy-middleware-2.0.9.tgz. Extracting by manifest.
3236 silly tarball no local data for human-signals@https://registry.npmjs.org/human-signals/-/human-signals-2.1.0.tgz. Extracting by manifest.
3237 silly tarball no local data for idb@https://registry.npmjs.org/idb/-/idb-7.1.1.tgz. Extracting by manifest.
3238 silly tarball no local data for http-proxy-agent@https://registry.npmjs.org/http-proxy-agent/-/http-proxy-agent-4.0.1.tgz. Extracting by manifest.
3239 silly tarball no local data for http-parser-js@https://registry.npmjs.org/http-parser-js/-/http-parser-js-0.5.10.tgz. Extracting by manifest.
3240 silly tarball no local data for iconv-lite@https://registry.npmjs.org/iconv-lite/-/iconv-lite-0.6.3.tgz. Extracting by manifest.
3241 silly tarball no local data for http-deceiver@https://registry.npmjs.org/http-deceiver/-/http-deceiver-1.2.7.tgz. Extracting by manifest.
3242 silly tarball no local data for http-errors@https://registry.npmjs.org/http-errors/-/http-errors-2.0.1.tgz. Extracting by manifest.
3243 silly tarball no local data for http-proxy@https://registry.npmjs.org/http-proxy/-/http-proxy-1.18.1.tgz. Extracting by manifest.
3244 silly tarball no local data for htmlparser2@https://registry.npmjs.org/htmlparser2/-/htmlparser2-6.1.0.tgz. Extracting by manifest.
3245 silly tarball no local data for html-minifier-terser@https://registry.npmjs.org/html-minifier-terser/-/html-minifier-terser-6.1.0.tgz. Extracting by manifest.
3246 silly tarball no local data for html-webpack-plugin@https://registry.npmjs.org/html-webpack-plugin/-/html-webpack-plugin-5.6.5.tgz. Extracting by manifest.
3247 silly tarball no local data for html-escaper@https://registry.npmjs.org/html-escaper/-/html-escaper-2.0.2.tgz. Extracting by manifest.
3248 silly tarball no local data for html-encoding-sniffer@https://registry.npmjs.org/html-encoding-sniffer/-/html-encoding-sniffer-2.0.1.tgz. Extracting by manifest.
3249 silly tarball no local data for hoopy@https://registry.npmjs.org/hoopy/-/hoopy-0.1.4.tgz. Extracting by manifest.
3250 silly tarball no local data for hpack.js@https://registry.npmjs.org/hpack.js/-/hpack.js-2.1.6.tgz. Extracting by manifest.
3251 silly tarball no local data for hasown@https://registry.npmjs.org/hasown/-/hasown-2.0.2.tgz. Extracting by manifest.
3252 silly tarball no local data for he@https://registry.npmjs.org/he/-/he-1.2.0.tgz. Extracting by manifest.
3253 silly tarball no local data for has-tostringtag@https://registry.npmjs.org/has-tostringtag/-/has-tostringtag-1.0.2.tgz. Extracting by manifest.
3254 silly tarball no local data for has-symbols@https://registry.npmjs.org/has-symbols/-/has-symbols-1.1.0.tgz. Extracting by manifest.
3255 silly tarball no local data for has-property-descriptors@https://registry.npmjs.org/has-property-descriptors/-/has-property-descriptors-1.0.2.tgz. Extracting by manifest.
3256 silly tarball no local data for has-bigints@https://registry.npmjs.org/has-bigints/-/has-bigints-1.1.0.tgz. Extracting by manifest.
3257 silly tarball no local data for has-proto@https://registry.npmjs.org/has-proto/-/has-proto-1.2.0.tgz. Extracting by manifest.
3258 silly tarball no local data for has-flag@https://registry.npmjs.org/has-flag/-/has-flag-4.0.0.tgz. Extracting by manifest.
3259 silly tarball no local data for gzip-size@https://registry.npmjs.org/gzip-size/-/gzip-size-6.0.0.tgz. Extracting by manifest.
3260 silly tarball no local data for harmony-reflect@https://registry.npmjs.org/harmony-reflect/-/harmony-reflect-1.6.2.tgz. Extracting by manifest.
3261 silly tarball no local data for handle-thing@https://registry.npmjs.org/handle-thing/-/handle-thing-2.0.1.tgz. Extracting by manifest.
3262 silly tarball no local data for graceful-fs@https://registry.npmjs.org/graceful-fs/-/graceful-fs-4.2.11.tgz. Extracting by manifest.
3263 silly tarball no local data for graphemer@https://registry.npmjs.org/graphemer/-/graphemer-1.4.0.tgz. Extracting by manifest.
3264 silly tarball no local data for html-entities@https://registry.npmjs.org/html-entities/-/html-entities-2.6.0.tgz. Extracting by manifest.
3265 silly tarball no local data for globalthis@https://registry.npmjs.org/globalthis/-/globalthis-1.0.4.tgz. Extracting by manifest.
3266 silly tarball no local data for gopd@https://registry.npmjs.org/gopd/-/gopd-1.2.0.tgz. Extracting by manifest.
3267 silly tarball no local data for global-prefix@https://registry.npmjs.org/global-prefix/-/global-prefix-3.0.0.tgz. Extracting by manifest.
3268 silly tarball no local data for globby@https://registry.npmjs.org/globby/-/globby-11.1.0.tgz. Extracting by manifest.
3269 silly tarball no local data for global-modules@https://registry.npmjs.org/global-modules/-/global-modules-2.0.0.tgz. Extracting by manifest.
3270 silly tarball no local data for glob-to-regexp@https://registry.npmjs.org/glob-to-regexp/-/glob-to-regexp-0.4.1.tgz. Extracting by manifest.
3271 silly tarball no local data for globals@https://registry.npmjs.org/globals/-/globals-13.24.0.tgz. Extracting by manifest.
3272 silly tarball no local data for glob-parent@https://registry.npmjs.org/glob-parent/-/glob-parent-6.0.2.tgz. Extracting by manifest.
3273 silly tarball no local data for glob@https://registry.npmjs.org/glob/-/glob-7.2.3.tgz. Extracting by manifest.
3274 silly tarball no local data for get-stream@https://registry.npmjs.org/get-stream/-/get-stream-6.0.1.tgz. Extracting by manifest.
3275 silly tarball no local data for get-symbol-description@https://registry.npmjs.org/get-symbol-description/-/get-symbol-description-1.1.0.tgz. Extracting by manifest.
3276 silly tarball no local data for get-package-type@https://registry.npmjs.org/get-package-type/-/get-package-type-0.1.0.tgz. Extracting by manifest.
3277 silly tarball no local data for get-own-enumerable-property-symbols@https://registry.npmjs.org/get-own-enumerable-property-symbols/-/get-own-enumerable-property-symbols-3.0.2.tgz. Extracting by manifest.
3278 silly tarball no local data for get-intrinsic@https://registry.npmjs.org/get-intrinsic/-/get-intrinsic-1.3.0.tgz. Extracting by manifest.
3279 silly tarball no local data for get-caller-file@https://registry.npmjs.org/get-caller-file/-/get-caller-file-2.0.5.tgz. Extracting by manifest.
3280 silly tarball no local data for gensync@https://registry.npmjs.org/gensync/-/gensync-1.0.0-beta.2.tgz. Extracting by manifest.
3281 silly tarball no local data for function.prototype.name@https://registry.npmjs.org/function.prototype.name/-/function.prototype.name-1.1.8.tgz. Extracting by manifest.
3282 silly tarball no local data for get-proto@https://registry.npmjs.org/get-proto/-/get-proto-1.0.1.tgz. Extracting by manifest.
3283 silly tarball no local data for function-bind@https://registry.npmjs.org/function-bind/-/function-bind-1.1.2.tgz. Extracting by manifest.
3284 silly tarball no local data for fs.realpath@https://registry.npmjs.org/fs.realpath/-/fs.realpath-1.0.0.tgz. Extracting by manifest.
3285 silly tarball no local data for generator-function@https://registry.npmjs.org/generator-function/-/generator-function-2.0.1.tgz. Extracting by manifest.
3286 silly tarball no local data for fs-extra@https://registry.npmjs.org/fs-extra/-/fs-extra-10.1.0.tgz. Extracting by manifest.
3287 silly tarball no local data for functions-have-names@https://registry.npmjs.org/functions-have-names/-/functions-have-names-1.2.3.tgz. Extracting by manifest.
3288 silly tarball no local data for fresh@https://registry.npmjs.org/fresh/-/fresh-0.5.2.tgz. Extracting by manifest.
3289 silly tarball no local data for fs-monkey@https://registry.npmjs.org/fs-monkey/-/fs-monkey-1.1.0.tgz. Extracting by manifest.
3290 silly tarball no local data for forwarded@https://registry.npmjs.org/forwarded/-/forwarded-0.2.0.tgz. Extracting by manifest.
3291 silly tarball no local data for form-data@https://registry.npmjs.org/form-data/-/form-data-3.0.4.tgz. Extracting by manifest.
3292 silly tarball no local data for fraction.js@https://registry.npmjs.org/fraction.js/-/fraction.js-5.3.4.tgz. Extracting by manifest.
3293 silly tarball no local data for fork-ts-checker-webpack-plugin@https://registry.npmjs.org/fork-ts-checker-webpack-plugin/-/fork-ts-checker-webpack-plugin-6.5.3.tgz. Extracting by manifest.
3294 silly tarball no local data for for-each@https://registry.npmjs.org/for-each/-/for-each-0.3.5.tgz. Extracting by manifest.
3295 silly tarball no local data for follow-redirects@https://registry.npmjs.org/follow-redirects/-/follow-redirects-1.15.11.tgz. Extracting by manifest.
3296 silly tarball no local data for flatted@https://registry.npmjs.org/flatted/-/flatted-3.3.3.tgz. Extracting by manifest.
3297 silly tarball no local data for flat-cache@https://registry.npmjs.org/flat-cache/-/flat-cache-3.2.0.tgz. Extracting by manifest.
3298 silly tarball no local data for find-cache-dir@https://registry.npmjs.org/find-cache-dir/-/find-cache-dir-3.3.2.tgz. Extracting by manifest.
3299 silly tarball no local data for find-up@https://registry.npmjs.org/find-up/-/find-up-4.1.0.tgz. Extracting by manifest.
3300 silly tarball no local data for finalhandler@https://registry.npmjs.org/finalhandler/-/finalhandler-1.3.2.tgz. Extracting by manifest.
3301 silly tarball no local data for filelist@https://registry.npmjs.org/filelist/-/filelist-1.0.4.tgz. Extracting by manifest.
3302 silly tarball no local data for fill-range@https://registry.npmjs.org/fill-range/-/fill-range-7.1.1.tgz. Extracting by manifest.
3303 silly tarball no local data for filesize@https://registry.npmjs.org/filesize/-/filesize-8.0.7.tgz. Extracting by manifest.
3304 silly tarball no local data for file-entry-cache@https://registry.npmjs.org/file-entry-cache/-/file-entry-cache-6.0.1.tgz. Extracting by manifest.
3305 silly tarball no local data for file-loader@https://registry.npmjs.org/file-loader/-/file-loader-6.2.0.tgz. Extracting by manifest.
3306 silly tarball no local data for faye-websocket@https://registry.npmjs.org/faye-websocket/-/faye-websocket-0.11.4.tgz. Extracting by manifest.
3307 silly tarball no local data for fastq@https://registry.npmjs.org/fastq/-/fastq-1.19.1.tgz. Extracting by manifest.
3308 silly tarball no local data for fb-watchman@https://registry.npmjs.org/fb-watchman/-/fb-watchman-2.0.2.tgz. Extracting by manifest.
3309 silly tarball no local data for fast-levenshtein@https://registry.npmjs.org/fast-levenshtein/-/fast-levenshtein-2.0.6.tgz. Extracting by manifest.
3310 silly tarball no local data for fast-glob@https://registry.npmjs.org/fast-glob/-/fast-glob-3.3.3.tgz. Extracting by manifest.
3311 silly tarball no local data for fast-uri@https://registry.npmjs.org/fast-uri/-/fast-uri-3.1.0.tgz. Extracting by manifest.
3312 silly tarball no local data for express@https://registry.npmjs.org/express/-/express-4.22.1.tgz. Extracting by manifest.
3313 silly tarball no local data for fast-deep-equal@https://registry.npmjs.org/fast-deep-equal/-/fast-deep-equal-3.1.3.tgz. Extracting by manifest.
3314 silly tarball no local data for expect@https://registry.npmjs.org/expect/-/expect-27.5.1.tgz. Extracting by manifest.
3315 silly tarball no local data for exit@https://registry.npmjs.org/exit/-/exit-0.1.2.tgz. Extracting by manifest.
3316 silly tarball no local data for execa@https://registry.npmjs.org/execa/-/execa-5.1.1.tgz. Extracting by manifest.
3317 silly tarball no local data for fast-json-stable-stringify@https://registry.npmjs.org/fast-json-stable-stringify/-/fast-json-stable-stringify-2.1.0.tgz. Extracting by manifest.
3318 silly tarball no local data for events@https://registry.npmjs.org/events/-/events-3.3.0.tgz. Extracting by manifest.
3319 silly tarball no local data for etag@https://registry.npmjs.org/etag/-/etag-1.8.1.tgz. Extracting by manifest.
3320 silly tarball no local data for eventemitter3@https://registry.npmjs.org/eventemitter3/-/eventemitter3-4.0.7.tgz. Extracting by manifest.
3321 silly tarball no local data for esutils@https://registry.npmjs.org/esutils/-/esutils-2.0.3.tgz. Extracting by manifest.
3322 silly tarball no local data for estraverse@https://registry.npmjs.org/estraverse/-/estraverse-5.3.0.tgz. Extracting by manifest.
3323 silly tarball no local data for estree-walker@https://registry.npmjs.org/estree-walker/-/estree-walker-1.0.1.tgz. Extracting by manifest.
3324 silly tarball no local data for esrecurse@https://registry.npmjs.org/esrecurse/-/esrecurse-4.3.0.tgz. Extracting by manifest.
3325 silly tarball no local data for esprima@https://registry.npmjs.org/esprima/-/esprima-4.0.1.tgz. Extracting by manifest.
3326 silly tarball no local data for eslint-visitor-keys@https://registry.npmjs.org/eslint-visitor-keys/-/eslint-visitor-keys-3.4.3.tgz. Extracting by manifest.
3327 silly tarball no local data for esquery@https://registry.npmjs.org/esquery/-/esquery-1.6.0.tgz. Extracting by manifest.
3328 silly tarball no local data for espree@https://registry.npmjs.org/espree/-/espree-9.6.1.tgz. Extracting by manifest.
3329 silly tarball no local data for eslint-plugin-testing-library@https://registry.npmjs.org/eslint-plugin-testing-library/-/eslint-plugin-testing-library-5.11.1.tgz. Extracting by manifest.
3330 silly tarball no local data for eslint-scope@https://registry.npmjs.org/eslint-scope/-/eslint-scope-7.2.2.tgz. Extracting by manifest.
3331 silly tarball no local data for eslint-webpack-plugin@https://registry.npmjs.org/eslint-webpack-plugin/-/eslint-webpack-plugin-3.2.0.tgz. Extracting by manifest.
3332 silly tarball no local data for eslint-plugin-react-hooks@https://registry.npmjs.org/eslint-plugin-react-hooks/-/eslint-plugin-react-hooks-4.6.2.tgz. Extracting by manifest.
3333 silly tarball no local data for eslint-plugin-react@https://registry.npmjs.org/eslint-plugin-react/-/eslint-plugin-react-7.37.5.tgz. Extracting by manifest.
3334 silly tarball no local data for eslint-plugin-jsx-a11y@https://registry.npmjs.org/eslint-plugin-jsx-a11y/-/eslint-plugin-jsx-a11y-6.10.2.tgz. Extracting by manifest.
3335 silly tarball no local data for eslint-plugin-jest@https://registry.npmjs.org/eslint-plugin-jest/-/eslint-plugin-jest-25.7.0.tgz. Extracting by manifest.
3336 silly tarball no local data for eslint-plugin-import@https://registry.npmjs.org/eslint-plugin-import/-/eslint-plugin-import-2.32.0.tgz. Extracting by manifest.
3337 silly tarball no local data for eslint-module-utils@https://registry.npmjs.org/eslint-module-utils/-/eslint-module-utils-2.12.1.tgz. Extracting by manifest.
3338 silly tarball no local data for eslint-plugin-flowtype@https://registry.npmjs.org/eslint-plugin-flowtype/-/eslint-plugin-flowtype-8.0.3.tgz. Extracting by manifest.
3339 silly tarball no local data for eslint-import-resolver-node@https://registry.npmjs.org/eslint-import-resolver-node/-/eslint-import-resolver-node-0.3.9.tgz. Extracting by manifest.
3340 silly tarball no local data for eslint-config-react-app@https://registry.npmjs.org/eslint-config-react-app/-/eslint-config-react-app-7.0.1.tgz. Extracting by manifest.
3341 silly tarball no local data for eslint@https://registry.npmjs.org/eslint/-/eslint-8.57.1.tgz. Extracting by manifest.
3342 silly tarball no local data for escodegen@https://registry.npmjs.org/escodegen/-/escodegen-2.1.0.tgz. Extracting by manifest.
3343 silly tarball no local data for escape-string-regexp@https://registry.npmjs.org/escape-string-regexp/-/escape-string-regexp-4.0.0.tgz. Extracting by manifest.
3344 silly tarball no local data for escalade@https://registry.npmjs.org/escalade/-/escalade-3.2.0.tgz. Extracting by manifest.
3345 silly tarball no local data for escape-html@https://registry.npmjs.org/escape-html/-/escape-html-1.0.3.tgz. Extracting by manifest.
3346 silly tarball no local data for es-to-primitive@https://registry.npmjs.org/es-to-primitive/-/es-to-primitive-1.3.0.tgz. Extracting by manifest.
3347 silly tarball no local data for es-set-tostringtag@https://registry.npmjs.org/es-set-tostringtag/-/es-set-tostringtag-2.1.0.tgz. Extracting by manifest.
3348 silly tarball no local data for es-shim-unscopables@https://registry.npmjs.org/es-shim-unscopables/-/es-shim-unscopables-1.1.0.tgz. Extracting by manifest.
3349 silly tarball no local data for es-iterator-helpers@https://registry.npmjs.org/es-iterator-helpers/-/es-iterator-helpers-1.2.1.tgz. Extracting by manifest.
3350 silly tarball no local data for es-errors@https://registry.npmjs.org/es-errors/-/es-errors-1.3.0.tgz. Extracting by manifest.
3351 silly tarball no local data for es-object-atoms@https://registry.npmjs.org/es-object-atoms/-/es-object-atoms-1.1.1.tgz. Extracting by manifest.
3352 silly tarball no local data for es-module-lexer@https://registry.npmjs.org/es-module-lexer/-/es-module-lexer-1.7.0.tgz. Extracting by manifest.
3353 silly tarball no local data for es-array-method-boxes-properly@https://registry.npmjs.org/es-array-method-boxes-properly/-/es-array-method-boxes-properly-1.0.0.tgz. Extracting by manifest.
3354 silly tarball no local data for es-define-property@https://registry.npmjs.org/es-define-property/-/es-define-property-1.0.1.tgz. Extracting by manifest.
3355 silly tarball no local data for error-stack-parser@https://registry.npmjs.org/error-stack-parser/-/error-stack-parser-2.1.4.tgz. Extracting by manifest.
3356 silly tarball no local data for es-abstract@https://registry.npmjs.org/es-abstract/-/es-abstract-1.24.0.tgz. Extracting by manifest.
3357 silly tarball no local data for error-ex@https://registry.npmjs.org/error-ex/-/error-ex-1.3.4.tgz. Extracting by manifest.
3358 silly tarball no local data for encodeurl@https://registry.npmjs.org/encodeurl/-/encodeurl-2.0.0.tgz. Extracting by manifest.
3359 silly tarball no local data for entities@https://registry.npmjs.org/entities/-/entities-2.2.0.tgz. Extracting by manifest.
3360 silly tarball no local data for enhanced-resolve@https://registry.npmjs.org/enhanced-resolve/-/enhanced-resolve-5.18.4.tgz. Extracting by manifest.
3361 silly tarball no local data for electron-to-chromium@https://registry.npmjs.org/electron-to-chromium/-/electron-to-chromium-1.5.267.tgz. Extracting by manifest.
3362 silly tarball no local data for emoji-regex@https://registry.npmjs.org/emoji-regex/-/emoji-regex-9.2.2.tgz. Extracting by manifest.
3363 silly tarball no local data for emittery@https://registry.npmjs.org/emittery/-/emittery-0.8.1.tgz. Extracting by manifest.
3364 silly tarball no local data for ejs@https://registry.npmjs.org/ejs/-/ejs-3.1.10.tgz. Extracting by manifest.
3365 silly tarball no local data for emojis-list@https://registry.npmjs.org/emojis-list/-/emojis-list-3.0.0.tgz. Extracting by manifest.
3366 silly tarball no local data for ee-first@https://registry.npmjs.org/ee-first/-/ee-first-1.1.1.tgz. Extracting by manifest.
3367 silly tarball no local data for dunder-proto@https://registry.npmjs.org/dunder-proto/-/dunder-proto-1.0.1.tgz. Extracting by manifest.
3368 silly tarball no local data for duplexer@https://registry.npmjs.org/duplexer/-/duplexer-0.1.2.tgz. Extracting by manifest.
3369 silly tarball no local data for dotenv-expand@https://registry.npmjs.org/dotenv-expand/-/dotenv-expand-5.1.0.tgz. Extracting by manifest.
3370 silly tarball no local data for domutils@https://registry.npmjs.org/domutils/-/domutils-2.8.0.tgz. Extracting by manifest.
3371 silly tarball no local data for dotenv@https://registry.npmjs.org/dotenv/-/dotenv-10.0.0.tgz. Extracting by manifest.
3372 silly tarball no local data for domexception@https://registry.npmjs.org/domexception/-/domexception-2.0.1.tgz. Extracting by manifest.
3373 silly tarball no local data for domhandler@https://registry.npmjs.org/domhandler/-/domhandler-4.3.1.tgz. Extracting by manifest.
3374 silly tarball no local data for dom-serializer@https://registry.npmjs.org/dom-serializer/-/dom-serializer-1.4.1.tgz. Extracting by manifest.
3375 silly tarball no local data for dot-case@https://registry.npmjs.org/dot-case/-/dot-case-3.0.4.tgz. Extracting by manifest.
3376 silly tarball no local data for domelementtype@https://registry.npmjs.org/domelementtype/-/domelementtype-2.3.0.tgz. Extracting by manifest.
3377 silly tarball no local data for dom-converter@https://registry.npmjs.org/dom-converter/-/dom-converter-0.2.0.tgz. Extracting by manifest.
3378 silly tarball no local data for dom-accessibility-api@https://registry.npmjs.org/dom-accessibility-api/-/dom-accessibility-api-0.5.16.tgz. Extracting by manifest.
3379 silly tarball no local data for doctrine@https://registry.npmjs.org/doctrine/-/doctrine-3.0.0.tgz. Extracting by manifest.
3380 silly tarball no local data for dir-glob@https://registry.npmjs.org/dir-glob/-/dir-glob-3.0.1.tgz. Extracting by manifest.
3381 silly tarball no local data for dns-packet@https://registry.npmjs.org/dns-packet/-/dns-packet-5.6.1.tgz. Extracting by manifest.
3382 silly tarball no local data for dlv@https://registry.npmjs.org/dlv/-/dlv-1.1.3.tgz. Extracting by manifest.
3383 silly tarball no local data for didyoumean@https://registry.npmjs.org/didyoumean/-/didyoumean-1.2.2.tgz. Extracting by manifest.
3384 silly tarball no local data for diff-sequences@https://registry.npmjs.org/diff-sequences/-/diff-sequences-27.5.1.tgz. Extracting by manifest.
3385 silly tarball no local data for detect-node@https://registry.npmjs.org/detect-node/-/detect-node-2.1.0.tgz. Extracting by manifest.
3386 silly tarball no local data for detect-port-alt@https://registry.npmjs.org/detect-port-alt/-/detect-port-alt-1.1.6.tgz. Extracting by manifest.
3387 silly tarball no local data for detect-newline@https://registry.npmjs.org/detect-newline/-/detect-newline-3.1.0.tgz. Extracting by manifest.
3388 silly tarball no local data for dequal@https://registry.npmjs.org/dequal/-/dequal-2.0.3.tgz. Extracting by manifest.
3389 silly tarball no local data for depd@https://registry.npmjs.org/depd/-/depd-2.0.0.tgz. Extracting by manifest.
3390 silly tarball no local data for delayed-stream@https://registry.npmjs.org/delayed-stream/-/delayed-stream-1.0.0.tgz. Extracting by manifest.
3391 silly tarball no local data for destroy@https://registry.npmjs.org/destroy/-/destroy-1.2.0.tgz. Extracting by manifest.
3392 silly tarball no local data for define-properties@https://registry.npmjs.org/define-properties/-/define-properties-1.2.1.tgz. Extracting by manifest.
3393 silly tarball no local data for define-lazy-prop@https://registry.npmjs.org/define-lazy-prop/-/define-lazy-prop-2.0.0.tgz. Extracting by manifest.
3394 silly tarball no local data for define-data-property@https://registry.npmjs.org/define-data-property/-/define-data-property-1.1.4.tgz. Extracting by manifest.
3395 silly tarball no local data for default-gateway@https://registry.npmjs.org/default-gateway/-/default-gateway-6.0.3.tgz. Extracting by manifest.
3396 silly tarball no local data for deepmerge@https://registry.npmjs.org/deepmerge/-/deepmerge-4.3.1.tgz. Extracting by manifest.
3397 silly tarball no local data for deep-is@https://registry.npmjs.org/deep-is/-/deep-is-0.1.4.tgz. Extracting by manifest.
3398 silly tarball no local data for decimal.js@https://registry.npmjs.org/decimal.js/-/decimal.js-10.6.0.tgz. Extracting by manifest.
3399 silly tarball no local data for dedent@https://registry.npmjs.org/dedent/-/dedent-0.7.0.tgz. Extracting by manifest.
3400 silly tarball no local data for data-view-byte-offset@https://registry.npmjs.org/data-view-byte-offset/-/data-view-byte-offset-1.0.1.tgz. Extracting by manifest.
3401 silly tarball no local data for debug@https://registry.npmjs.org/debug/-/debug-4.4.3.tgz. Extracting by manifest.
3402 silly tarball no local data for data-view-byte-length@https://registry.npmjs.org/data-view-byte-length/-/data-view-byte-length-1.0.2.tgz. Extracting by manifest.
3403 silly tarball no local data for data-view-buffer@https://registry.npmjs.org/data-view-buffer/-/data-view-buffer-1.0.2.tgz. Extracting by manifest.
3404 silly tarball no local data for damerau-levenshtein@https://registry.npmjs.org/damerau-levenshtein/-/damerau-levenshtein-1.0.8.tgz. Extracting by manifest.
3405 silly tarball no local data for cssom@https://registry.npmjs.org/cssom/-/cssom-0.4.4.tgz. Extracting by manifest.
3406 silly tarball no local data for cssstyle@https://registry.npmjs.org/cssstyle/-/cssstyle-2.3.0.tgz. Extracting by manifest.
3407 silly tarball no local data for data-urls@https://registry.npmjs.org/data-urls/-/data-urls-2.0.0.tgz. Extracting by manifest.
3408 silly tarball no local data for cssnano-utils@https://registry.npmjs.org/cssnano-utils/-/cssnano-utils-3.1.0.tgz. Extracting by manifest.
3409 silly tarball no local data for cssnano@https://registry.npmjs.org/cssnano/-/cssnano-5.1.15.tgz. Extracting by manifest.
3410 silly tarball no local data for csso@https://registry.npmjs.org/csso/-/csso-4.2.0.tgz. Extracting by manifest.
3411 silly tarball no local data for cssnano-preset-default@https://registry.npmjs.org/cssnano-preset-default/-/cssnano-preset-default-5.2.14.tgz. Extracting by manifest.
3412 silly tarball no local data for cssesc@https://registry.npmjs.org/cssesc/-/cssesc-3.0.0.tgz. Extracting by manifest.
3413 silly tarball no local data for cssdb@https://registry.npmjs.org/cssdb/-/cssdb-7.11.2.tgz. Extracting by manifest.
3414 silly tarball no local data for css-tree@https://registry.npmjs.org/css-tree/-/css-tree-1.0.0-alpha.37.tgz. Extracting by manifest.
3415 silly tarball no local data for css.escape@https://registry.npmjs.org/css.escape/-/css.escape-1.5.1.tgz. Extracting by manifest.
3416 silly tarball no local data for css-select-base-adapter@https://registry.npmjs.org/css-select-base-adapter/-/css-select-base-adapter-0.1.1.tgz. Extracting by manifest.
3417 silly tarball no local data for css-minimizer-webpack-plugin@https://registry.npmjs.org/css-minimizer-webpack-plugin/-/css-minimizer-webpack-plugin-3.4.1.tgz. Extracting by manifest.
3418 silly tarball no local data for css-what@https://registry.npmjs.org/css-what/-/css-what-6.2.2.tgz. Extracting by manifest.
3419 silly tarball no local data for css-select@https://registry.npmjs.org/css-select/-/css-select-4.3.0.tgz. Extracting by manifest.
3420 silly tarball no local data for css-loader@https://registry.npmjs.org/css-loader/-/css-loader-6.11.0.tgz. Extracting by manifest.
3421 silly tarball no local data for css-declaration-sorter@https://registry.npmjs.org/css-declaration-sorter/-/css-declaration-sorter-6.4.1.tgz. Extracting by manifest.
3422 silly tarball no local data for css-blank-pseudo@https://registry.npmjs.org/css-blank-pseudo/-/css-blank-pseudo-3.0.3.tgz. Extracting by manifest.
3423 silly tarball no local data for css-prefers-color-scheme@https://registry.npmjs.org/css-prefers-color-scheme/-/css-prefers-color-scheme-6.0.3.tgz. Extracting by manifest.
3424 silly tarball no local data for css-has-pseudo@https://registry.npmjs.org/css-has-pseudo/-/css-has-pseudo-3.0.4.tgz. Extracting by manifest.
3425 silly tarball no local data for cross-spawn@https://registry.npmjs.org/cross-spawn/-/cross-spawn-7.0.6.tgz. Extracting by manifest.
3426 silly tarball no local data for core-util-is@https://registry.npmjs.org/core-util-is/-/core-util-is-1.0.3.tgz. Extracting by manifest.
3427 silly tarball no local data for cosmiconfig@https://registry.npmjs.org/cosmiconfig/-/cosmiconfig-7.1.0.tgz. Extracting by manifest.
3428 silly tarball no local data for crypto-random-string@https://registry.npmjs.org/crypto-random-string/-/crypto-random-string-2.0.0.tgz. Extracting by manifest.
3429 silly tarball no local data for core-js-pure@https://registry.npmjs.org/core-js-pure/-/core-js-pure-3.47.0.tgz. Extracting by manifest.
3430 silly tarball no local data for core-js@https://registry.npmjs.org/core-js/-/core-js-3.47.0.tgz. Extracting by manifest.
3431 silly tarball no local data for cookie-signature@https://registry.npmjs.org/cookie-signature/-/cookie-signature-1.0.7.tgz. Extracting by manifest.
3432 silly tarball no local data for core-js-compat@https://registry.npmjs.org/core-js-compat/-/core-js-compat-3.47.0.tgz. Extracting by manifest.
3433 silly tarball no local data for cookie@https://registry.npmjs.org/cookie/-/cookie-0.7.2.tgz. Extracting by manifest.
3434 silly tarball no local data for convert-source-map@https://registry.npmjs.org/convert-source-map/-/convert-source-map-2.0.0.tgz. Extracting by manifest.
3435 silly tarball no local data for content-disposition@https://registry.npmjs.org/content-disposition/-/content-disposition-0.5.4.tgz. Extracting by manifest.
3436 silly tarball no local data for content-type@https://registry.npmjs.org/content-type/-/content-type-1.0.5.tgz. Extracting by manifest.
3437 silly tarball no local data for connect-history-api-fallback@https://registry.npmjs.org/connect-history-api-fallback/-/connect-history-api-fallback-2.0.0.tgz. Extracting by manifest.
3438 silly tarball no local data for confusing-browser-globals@https://registry.npmjs.org/confusing-browser-globals/-/confusing-browser-globals-1.0.11.tgz. Extracting by manifest.
3439 silly tarball no local data for compression@https://registry.npmjs.org/compression/-/compression-1.8.1.tgz. Extracting by manifest.
3440 silly tarball no local data for compressible@https://registry.npmjs.org/compressible/-/compressible-2.0.18.tgz. Extracting by manifest.
3441 silly tarball no local data for concat-map@https://registry.npmjs.org/concat-map/-/concat-map-0.0.1.tgz. Extracting by manifest.
3442 silly tarball no local data for commondir@https://registry.npmjs.org/commondir/-/commondir-1.0.1.tgz. Extracting by manifest.
3443 silly tarball no local data for common-tags@https://registry.npmjs.org/common-tags/-/common-tags-1.8.2.tgz. Extracting by manifest.
3444 silly tarball no local data for combined-stream@https://registry.npmjs.org/combined-stream/-/combined-stream-1.0.8.tgz. Extracting by manifest.
3445 silly tarball no local data for colorette@https://registry.npmjs.org/colorette/-/colorette-2.0.20.tgz. Extracting by manifest.
3446 silly tarball no local data for commander@https://registry.npmjs.org/commander/-/commander-8.3.0.tgz. Extracting by manifest.
3447 silly tarball no local data for colord@https://registry.npmjs.org/colord/-/colord-2.9.3.tgz. Extracting by manifest.
3448 silly tarball no local data for color-name@https://registry.npmjs.org/color-name/-/color-name-1.1.4.tgz. Extracting by manifest.
3449 silly tarball no local data for coa@https://registry.npmjs.org/coa/-/coa-2.0.2.tgz. Extracting by manifest.
3450 silly tarball no local data for color-convert@https://registry.npmjs.org/color-convert/-/color-convert-2.0.1.tgz. Extracting by manifest.
3451 silly tarball no local data for collect-v8-coverage@https://registry.npmjs.org/collect-v8-coverage/-/collect-v8-coverage-1.0.3.tgz. Extracting by manifest.
3452 silly tarball no local data for cliui@https://registry.npmjs.org/cliui/-/cliui-7.0.4.tgz. Extracting by manifest.
3453 silly tarball no local data for co@https://registry.npmjs.org/co/-/co-4.6.0.tgz. Extracting by manifest.
3454 silly tarball no local data for clean-css@https://registry.npmjs.org/clean-css/-/clean-css-5.3.3.tgz. Extracting by manifest.
3455 silly tarball no local data for cjs-module-lexer@https://registry.npmjs.org/cjs-module-lexer/-/cjs-module-lexer-1.4.3.tgz. Extracting by manifest.
3456 silly tarball no local data for chrome-trace-event@https://registry.npmjs.org/chrome-trace-event/-/chrome-trace-event-1.0.4.tgz. Extracting by manifest.
3457 silly tarball no local data for ci-info@https://registry.npmjs.org/ci-info/-/ci-info-3.9.0.tgz. Extracting by manifest.
3458 silly tarball no local data for check-types@https://registry.npmjs.org/check-types/-/check-types-11.2.3.tgz. Extracting by manifest.
3459 silly tarball no local data for chokidar@https://registry.npmjs.org/chokidar/-/chokidar-3.6.0.tgz. Extracting by manifest.
3460 silly tarball no local data for chalk@https://registry.npmjs.org/chalk/-/chalk-4.1.2.tgz. Extracting by manifest.
3461 silly tarball no local data for char-regex@https://registry.npmjs.org/char-regex/-/char-regex-1.0.2.tgz. Extracting by manifest.
3462 silly tarball no local data for caniuse-lite@https://registry.npmjs.org/caniuse-lite/-/caniuse-lite-1.0.30001760.tgz. Extracting by manifest.
3463 silly tarball no local data for case-sensitive-paths-webpack-plugin@https://registry.npmjs.org/case-sensitive-paths-webpack-plugin/-/case-sensitive-paths-webpack-plugin-2.4.0.tgz. Extracting by manifest.
3464 silly tarball no local data for camelcase-css@https://registry.npmjs.org/camelcase-css/-/camelcase-css-2.0.1.tgz. Extracting by manifest.
3465 silly tarball no local data for camel-case@https://registry.npmjs.org/camel-case/-/camel-case-4.1.2.tgz. Extracting by manifest.
3466 silly tarball no local data for callsites@https://registry.npmjs.org/callsites/-/callsites-3.1.0.tgz. Extracting by manifest.
3467 silly tarball no local data for call-bound@https://registry.npmjs.org/call-bound/-/call-bound-1.0.4.tgz. Extracting by manifest.
3468 silly tarball no local data for camelcase@https://registry.npmjs.org/camelcase/-/camelcase-6.3.0.tgz. Extracting by manifest.
3469 silly tarball no local data for caniuse-api@https://registry.npmjs.org/caniuse-api/-/caniuse-api-3.0.0.tgz. Extracting by manifest.
3470 silly tarball no local data for bytes@https://registry.npmjs.org/bytes/-/bytes-3.1.2.tgz. Extracting by manifest.
3471 silly tarball no local data for call-bind-apply-helpers@https://registry.npmjs.org/call-bind-apply-helpers/-/call-bind-apply-helpers-1.0.2.tgz. Extracting by manifest.
3472 silly tarball no local data for call-bind@https://registry.npmjs.org/call-bind/-/call-bind-1.0.8.tgz. Extracting by manifest.
3473 silly tarball no local data for builtin-modules@https://registry.npmjs.org/builtin-modules/-/builtin-modules-3.3.0.tgz. Extracting by manifest.
3474 silly tarball no local data for browserslist@https://registry.npmjs.org/browserslist/-/browserslist-4.28.1.tgz. Extracting by manifest.
3475 silly tarball no local data for bser@https://registry.npmjs.org/bser/-/bser-2.1.1.tgz. Extracting by manifest.
3476 silly tarball no local data for buffer-from@https://registry.npmjs.org/buffer-from/-/buffer-from-1.1.2.tgz. Extracting by manifest.
3477 silly tarball no local data for braces@https://registry.npmjs.org/braces/-/braces-3.0.3.tgz. Extracting by manifest.
3478 silly tarball no local data for brace-expansion@https://registry.npmjs.org/brace-expansion/-/brace-expansion-1.1.12.tgz. Extracting by manifest.
3479 silly tarball no local data for boolbase@https://registry.npmjs.org/boolbase/-/boolbase-1.0.0.tgz. Extracting by manifest.
3480 silly tarball no local data for browser-process-hrtime@https://registry.npmjs.org/browser-process-hrtime/-/browser-process-hrtime-1.0.0.tgz. Extracting by manifest.
3481 silly tarball no local data for bonjour-service@https://registry.npmjs.org/bonjour-service/-/bonjour-service-1.3.0.tgz. Extracting by manifest.
3482 silly tarball no local data for body-parser@https://registry.npmjs.org/body-parser/-/body-parser-1.20.4.tgz. Extracting by manifest.
3483 silly tarball no local data for big.js@https://registry.npmjs.org/big.js/-/big.js-5.2.2.tgz. Extracting by manifest.
3484 silly tarball no local data for bluebird@https://registry.npmjs.org/bluebird/-/bluebird-3.7.2.tgz. Extracting by manifest.
3485 silly tarball no local data for bfj@https://registry.npmjs.org/bfj/-/bfj-7.1.0.tgz. Extracting by manifest.
3486 silly tarball no local data for binary-extensions@https://registry.npmjs.org/binary-extensions/-/binary-extensions-2.3.0.tgz. Extracting by manifest.
3487 silly tarball no local data for batch@https://registry.npmjs.org/batch/-/batch-0.6.1.tgz. Extracting by manifest.
3488 silly tarball no local data for baseline-browser-mapping@https://registry.npmjs.org/baseline-browser-mapping/-/baseline-browser-mapping-2.9.6.tgz. Extracting by manifest.
3489 silly tarball no local data for balanced-match@https://registry.npmjs.org/balanced-match/-/balanced-match-1.0.2.tgz. Extracting by manifest.
3490 silly tarball no local data for babel-preset-react-app@https://registry.npmjs.org/babel-preset-react-app/-/babel-preset-react-app-10.1.0.tgz. Extracting by manifest.
3491 silly tarball no local data for babel-preset-jest@https://registry.npmjs.org/babel-preset-jest/-/babel-preset-jest-27.5.1.tgz. Extracting by manifest.
3492 silly tarball no local data for babel-preset-current-node-syntax@https://registry.npmjs.org/babel-preset-current-node-syntax/-/babel-preset-current-node-syntax-1.2.0.tgz. Extracting by manifest.
3493 silly tarball no local data for babel-plugin-transform-react-remove-prop-types@https://registry.npmjs.org/babel-plugin-transform-react-remove-prop-types/-/babel-plugin-transform-react-remove-prop-types-0.4.24.tgz. Extracting by manifest.
3494 silly tarball no local data for babel-plugin-polyfill-corejs3@https://registry.npmjs.org/babel-plugin-polyfill-corejs3/-/babel-plugin-polyfill-corejs3-0.13.0.tgz. Extracting by manifest.
3495 silly tarball no local data for babel-plugin-polyfill-regenerator@https://registry.npmjs.org/babel-plugin-polyfill-regenerator/-/babel-plugin-polyfill-regenerator-0.6.5.tgz. Extracting by manifest.
3496 silly tarball no local data for babel-plugin-polyfill-corejs2@https://registry.npmjs.org/babel-plugin-polyfill-corejs2/-/babel-plugin-polyfill-corejs2-0.4.14.tgz. Extracting by manifest.
3497 silly tarball no local data for babel-plugin-macros@https://registry.npmjs.org/babel-plugin-macros/-/babel-plugin-macros-3.1.0.tgz. Extracting by manifest.
3498 silly tarball no local data for babel-plugin-jest-hoist@https://registry.npmjs.org/babel-plugin-jest-hoist/-/babel-plugin-jest-hoist-27.5.1.tgz. Extracting by manifest.
3499 silly tarball no local data for babel-plugin-istanbul@https://registry.npmjs.org/babel-plugin-istanbul/-/babel-plugin-istanbul-6.1.1.tgz. Extracting by manifest.
3500 silly tarball no local data for babel-plugin-named-asset-import@https://registry.npmjs.org/babel-plugin-named-asset-import/-/babel-plugin-named-asset-import-0.3.8.tgz. Extracting by manifest.
3501 silly tarball no local data for babel-jest@https://registry.npmjs.org/babel-jest/-/babel-jest-27.5.1.tgz. Extracting by manifest.
3502 silly tarball no local data for babel-loader@https://registry.npmjs.org/babel-loader/-/babel-loader-8.4.1.tgz. Extracting by manifest.
3503 silly tarball no local data for autoprefixer@https://registry.npmjs.org/autoprefixer/-/autoprefixer-10.4.22.tgz. Extracting by manifest.
3504 silly tarball no local data for axobject-query@https://registry.npmjs.org/axobject-query/-/axobject-query-4.1.0.tgz. Extracting by manifest.
3505 silly tarball no local data for available-typed-arrays@https://registry.npmjs.org/available-typed-arrays/-/available-typed-arrays-1.0.7.tgz. Extracting by manifest.
3506 silly tarball no local data for axe-core@https://registry.npmjs.org/axe-core/-/axe-core-4.11.0.tgz. Extracting by manifest.
3507 silly tarball no local data for at-least-node@https://registry.npmjs.org/at-least-node/-/at-least-node-1.0.0.tgz. Extracting by manifest.
3508 silly tarball no local data for asynckit@https://registry.npmjs.org/asynckit/-/asynckit-0.4.0.tgz. Extracting by manifest.
3509 silly tarball no local data for asap@https://registry.npmjs.org/asap/-/asap-2.0.6.tgz. Extracting by manifest.
3510 silly tarball no local data for ast-types-flow@https://registry.npmjs.org/ast-types-flow/-/ast-types-flow-0.0.8.tgz. Extracting by manifest.
3511 silly tarball no local data for arraybuffer.prototype.slice@https://registry.npmjs.org/arraybuffer.prototype.slice/-/arraybuffer.prototype.slice-1.0.4.tgz. Extracting by manifest.
3512 silly tarball no local data for async-function@https://registry.npmjs.org/async-function/-/async-function-1.0.0.tgz. Extracting by manifest.
3513 silly tarball no local data for array.prototype.tosorted@https://registry.npmjs.org/array.prototype.tosorted/-/array.prototype.tosorted-1.1.4.tgz. Extracting by manifest.
3514 silly tarball no local data for async@https://registry.npmjs.org/async/-/async-3.2.6.tgz. Extracting by manifest.
3515 silly tarball no local data for array.prototype.flatmap@https://registry.npmjs.org/array.prototype.flatmap/-/array.prototype.flatmap-1.3.3.tgz. Extracting by manifest.
3516 silly tarball no local data for array.prototype.reduce@https://registry.npmjs.org/array.prototype.reduce/-/array.prototype.reduce-1.0.8.tgz. Extracting by manifest.
3517 silly tarball no local data for array.prototype.flat@https://registry.npmjs.org/array.prototype.flat/-/array.prototype.flat-1.3.3.tgz. Extracting by manifest.
3518 silly tarball no local data for array.prototype.findlastindex@https://registry.npmjs.org/array.prototype.findlastindex/-/array.prototype.findlastindex-1.2.6.tgz. Extracting by manifest.
3519 silly tarball no local data for array-includes@https://registry.npmjs.org/array-includes/-/array-includes-3.1.9.tgz. Extracting by manifest.
3520 silly tarball no local data for array-union@https://registry.npmjs.org/array-union/-/array-union-2.1.0.tgz. Extracting by manifest.
3521 silly tarball no local data for array.prototype.findlast@https://registry.npmjs.org/array.prototype.findlast/-/array.prototype.findlast-1.2.5.tgz. Extracting by manifest.
3522 silly tarball no local data for array-buffer-byte-length@https://registry.npmjs.org/array-buffer-byte-length/-/array-buffer-byte-length-1.0.2.tgz. Extracting by manifest.
3523 silly tarball no local data for array-flatten@https://registry.npmjs.org/array-flatten/-/array-flatten-1.1.1.tgz. Extracting by manifest.
3524 silly tarball no local data for argparse@https://registry.npmjs.org/argparse/-/argparse-1.0.10.tgz. Extracting by manifest.
3525 silly tarball no local data for arg@https://registry.npmjs.org/arg/-/arg-5.0.2.tgz. Extracting by manifest.
3526 silly tarball no local data for aria-query@https://registry.npmjs.org/aria-query/-/aria-query-5.3.2.tgz. Extracting by manifest.
3527 silly tarball no local data for anymatch@https://registry.npmjs.org/anymatch/-/anymatch-3.1.3.tgz. Extracting by manifest.
3528 silly tarball no local data for ansi-regex@https://registry.npmjs.org/ansi-regex/-/ansi-regex-5.0.1.tgz. Extracting by manifest.
3529 silly tarball no local data for any-promise@https://registry.npmjs.org/any-promise/-/any-promise-1.3.0.tgz. Extracting by manifest.
3530 silly tarball no local data for ansi-styles@https://registry.npmjs.org/ansi-styles/-/ansi-styles-4.3.0.tgz. Extracting by manifest.
3531 silly tarball no local data for ansi-html@https://registry.npmjs.org/ansi-html/-/ansi-html-0.0.9.tgz. Extracting by manifest.
3532 silly tarball no local data for ansi-html-community@https://registry.npmjs.org/ansi-html-community/-/ansi-html-community-0.0.8.tgz. Extracting by manifest.
3533 silly tarball no local data for ajv-keywords@https://registry.npmjs.org/ajv-keywords/-/ajv-keywords-3.5.2.tgz. Extracting by manifest.
3534 silly tarball no local data for ajv@https://registry.npmjs.org/ajv/-/ajv-6.12.6.tgz. Extracting by manifest.
3535 silly tarball no local data for ansi-escapes@https://registry.npmjs.org/ansi-escapes/-/ansi-escapes-4.3.2.tgz. Extracting by manifest.
3536 silly tarball no local data for ajv-formats@https://registry.npmjs.org/ajv-formats/-/ajv-formats-2.1.1.tgz. Extracting by manifest.
3537 silly tarball no local data for agent-base@https://registry.npmjs.org/agent-base/-/agent-base-6.0.2.tgz. Extracting by manifest.
3538 silly tarball no local data for address@https://registry.npmjs.org/address/-/address-1.2.2.tgz. Extracting by manifest.
3539 silly tarball no local data for adjust-sourcemap-loader@https://registry.npmjs.org/adjust-sourcemap-loader/-/adjust-sourcemap-loader-4.0.0.tgz. Extracting by manifest.
3540 silly tarball no local data for acorn-jsx@https://registry.npmjs.org/acorn-jsx/-/acorn-jsx-5.3.2.tgz. Extracting by manifest.
3541 silly tarball no local data for acorn-walk@https://registry.npmjs.org/acorn-walk/-/acorn-walk-7.2.0.tgz. Extracting by manifest.
3542 silly tarball no local data for @xtuc/long@https://registry.npmjs.org/@xtuc/long/-/long-4.2.2.tgz. Extracting by manifest.
3543 silly tarball no local data for acorn-globals@https://registry.npmjs.org/acorn-globals/-/acorn-globals-6.0.0.tgz. Extracting by manifest.
3544 silly tarball no local data for acorn@https://registry.npmjs.org/acorn/-/acorn-8.15.0.tgz. Extracting by manifest.
3545 silly tarball no local data for accepts@https://registry.npmjs.org/accepts/-/accepts-1.3.8.tgz. Extracting by manifest.
3546 silly tarball no local data for @xtuc/ieee754@https://registry.npmjs.org/@xtuc/ieee754/-/ieee754-1.2.0.tgz. Extracting by manifest.
3547 silly tarball no local data for acorn-import-phases@https://registry.npmjs.org/acorn-import-phases/-/acorn-import-phases-1.0.4.tgz. Extracting by manifest.
3548 silly tarball no local data for abab@https://registry.npmjs.org/abab/-/abab-2.0.6.tgz. Extracting by manifest.
3549 silly tarball no local data for @webassemblyjs/wast-printer@https://registry.npmjs.org/@webassemblyjs/wast-printer/-/wast-printer-1.14.1.tgz. Extracting by manifest.
3550 silly tarball no local data for @webassemblyjs/wasm-parser@https://registry.npmjs.org/@webassemblyjs/wasm-parser/-/wasm-parser-1.14.1.tgz. Extracting by manifest.
3551 silly tarball no local data for @webassemblyjs/wasm-opt@https://registry.npmjs.org/@webassemblyjs/wasm-opt/-/wasm-opt-1.14.1.tgz. Extracting by manifest.
3552 silly tarball no local data for @webassemblyjs/wasm-gen@https://registry.npmjs.org/@webassemblyjs/wasm-gen/-/wasm-gen-1.14.1.tgz. Extracting by manifest.
3553 silly tarball no local data for @webassemblyjs/wasm-edit@https://registry.npmjs.org/@webassemblyjs/wasm-edit/-/wasm-edit-1.14.1.tgz. Extracting by manifest.
3554 silly tarball no local data for @webassemblyjs/leb128@https://registry.npmjs.org/@webassemblyjs/leb128/-/leb128-1.13.2.tgz. Extracting by manifest.
3555 silly tarball no local data for @webassemblyjs/ieee754@https://registry.npmjs.org/@webassemblyjs/ieee754/-/ieee754-1.13.2.tgz. Extracting by manifest.
3556 silly tarball no local data for @webassemblyjs/utf8@https://registry.npmjs.org/@webassemblyjs/utf8/-/utf8-1.13.2.tgz. Extracting by manifest.
3557 silly tarball no local data for @webassemblyjs/helper-wasm-bytecode@https://registry.npmjs.org/@webassemblyjs/helper-wasm-bytecode/-/helper-wasm-bytecode-1.13.2.tgz. Extracting by manifest.
3558 silly tarball no local data for @webassemblyjs/helper-wasm-section@https://registry.npmjs.org/@webassemblyjs/helper-wasm-section/-/helper-wasm-section-1.14.1.tgz. Extracting by manifest.
3559 silly tarball no local data for @webassemblyjs/helper-numbers@https://registry.npmjs.org/@webassemblyjs/helper-numbers/-/helper-numbers-1.13.2.tgz. Extracting by manifest.
3560 silly tarball no local data for @webassemblyjs/helper-buffer@https://registry.npmjs.org/@webassemblyjs/helper-buffer/-/helper-buffer-1.14.1.tgz. Extracting by manifest.
3561 silly tarball no local data for @typescript-eslint/visitor-keys@https://registry.npmjs.org/@typescript-eslint/visitor-keys/-/visitor-keys-5.62.0.tgz. Extracting by manifest.
3562 silly tarball no local data for @webassemblyjs/helper-api-error@https://registry.npmjs.org/@webassemblyjs/helper-api-error/-/helper-api-error-1.13.2.tgz. Extracting by manifest.
3563 silly tarball no local data for @ungap/structured-clone@https://registry.npmjs.org/@ungap/structured-clone/-/structured-clone-1.3.0.tgz. Extracting by manifest.
3564 silly tarball no local data for @webassemblyjs/floating-point-hex-parser@https://registry.npmjs.org/@webassemblyjs/floating-point-hex-parser/-/floating-point-hex-parser-1.13.2.tgz. Extracting by manifest.
3565 silly tarball no local data for @webassemblyjs/ast@https://registry.npmjs.org/@webassemblyjs/ast/-/ast-1.14.1.tgz. Extracting by manifest.
3566 silly tarball no local data for @typescript-eslint/typescript-estree@https://registry.npmjs.org/@typescript-eslint/typescript-estree/-/typescript-estree-5.62.0.tgz. Extracting by manifest.
3567 silly tarball no local data for @typescript-eslint/types@https://registry.npmjs.org/@typescript-eslint/types/-/types-5.62.0.tgz. Extracting by manifest.
3568 silly tarball no local data for @typescript-eslint/type-utils@https://registry.npmjs.org/@typescript-eslint/type-utils/-/type-utils-5.62.0.tgz. Extracting by manifest.
3569 silly tarball no local data for @typescript-eslint/utils@https://registry.npmjs.org/@typescript-eslint/utils/-/utils-5.62.0.tgz. Extracting by manifest.
3570 silly tarball no local data for @typescript-eslint/experimental-utils@https://registry.npmjs.org/@typescript-eslint/experimental-utils/-/experimental-utils-5.62.0.tgz. Extracting by manifest.
3571 silly tarball no local data for @typescript-eslint/parser@https://registry.npmjs.org/@typescript-eslint/parser/-/parser-5.62.0.tgz. Extracting by manifest.
3572 silly tarball no local data for @typescript-eslint/scope-manager@https://registry.npmjs.org/@typescript-eslint/scope-manager/-/scope-manager-5.62.0.tgz. Extracting by manifest.
3573 silly tarball no local data for @types/yargs-parser@https://registry.npmjs.org/@types/yargs-parser/-/yargs-parser-21.0.3.tgz. Extracting by manifest.
3574 silly tarball no local data for @types/ws@https://registry.npmjs.org/@types/ws/-/ws-8.18.1.tgz. Extracting by manifest.
3575 silly tarball no local data for @types/yargs@https://registry.npmjs.org/@types/yargs/-/yargs-16.0.11.tgz. Extracting by manifest.
3576 silly tarball no local data for @typescript-eslint/eslint-plugin@https://registry.npmjs.org/@typescript-eslint/eslint-plugin/-/eslint-plugin-5.62.0.tgz. Extracting by manifest.
3577 silly tarball no local data for @types/sockjs@https://registry.npmjs.org/@types/sockjs/-/sockjs-0.3.36.tgz. Extracting by manifest.
3578 silly tarball no local data for @types/trusted-types@https://registry.npmjs.org/@types/trusted-types/-/trusted-types-2.0.7.tgz. Extracting by manifest.
3579 silly tarball no local data for @types/stack-utils@https://registry.npmjs.org/@types/stack-utils/-/stack-utils-2.0.3.tgz. Extracting by manifest.
3580 silly tarball no local data for @types/serve-static@https://registry.npmjs.org/@types/serve-static/-/serve-static-1.15.10.tgz. Extracting by manifest.
3581 silly tarball no local data for @types/serve-index@https://registry.npmjs.org/@types/serve-index/-/serve-index-1.9.4.tgz. Extracting by manifest.
3582 silly tarball no local data for @types/send@https://registry.npmjs.org/@types/send/-/send-1.2.1.tgz. Extracting by manifest.
3583 silly tarball no local data for @types/semver@https://registry.npmjs.org/@types/semver/-/semver-7.7.1.tgz. Extracting by manifest.
3584 silly tarball no local data for @types/resolve@https://registry.npmjs.org/@types/resolve/-/resolve-1.17.1.tgz. Extracting by manifest.
3585 silly tarball no local data for @types/qs@https://registry.npmjs.org/@types/qs/-/qs-6.14.0.tgz. Extracting by manifest.
3586 silly tarball no local data for @types/retry@https://registry.npmjs.org/@types/retry/-/retry-0.12.0.tgz. Extracting by manifest.
3587 silly tarball no local data for @types/prettier@https://registry.npmjs.org/@types/prettier/-/prettier-2.7.3.tgz. Extracting by manifest.
3588 silly tarball no local data for @types/range-parser@https://registry.npmjs.org/@types/range-parser/-/range-parser-1.2.7.tgz. Extracting by manifest.
3589 silly tarball no local data for @types/q@https://registry.npmjs.org/@types/q/-/q-1.5.8.tgz. Extracting by manifest.
3590 silly tarball no local data for @types/parse-json@https://registry.npmjs.org/@types/parse-json/-/parse-json-4.0.2.tgz. Extracting by manifest.
3591 silly tarball no local data for @types/node@https://registry.npmjs.org/@types/node/-/node-25.0.1.tgz. Extracting by manifest.
3592 silly tarball no local data for @types/node-forge@https://registry.npmjs.org/@types/node-forge/-/node-forge-1.3.14.tgz. Extracting by manifest.
3593 silly tarball no local data for @types/mime@https://registry.npmjs.org/@types/mime/-/mime-1.3.5.tgz. Extracting by manifest.
3594 silly tarball no local data for @types/json5@https://registry.npmjs.org/@types/json5/-/json5-0.0.29.tgz. Extracting by manifest.
3595 silly tarball no local data for @types/istanbul-reports@https://registry.npmjs.org/@types/istanbul-reports/-/istanbul-reports-3.0.4.tgz. Extracting by manifest.
3596 silly tarball no local data for @types/json-schema@https://registry.npmjs.org/@types/json-schema/-/json-schema-7.0.15.tgz. Extracting by manifest.
3597 silly tarball no local data for @types/istanbul-lib-coverage@https://registry.npmjs.org/@types/istanbul-lib-coverage/-/istanbul-lib-coverage-2.0.6.tgz. Extracting by manifest.
3598 silly tarball no local data for @types/http-proxy@https://registry.npmjs.org/@types/http-proxy/-/http-proxy-1.17.17.tgz. Extracting by manifest.
3599 silly tarball no local data for @types/istanbul-lib-report@https://registry.npmjs.org/@types/istanbul-lib-report/-/istanbul-lib-report-3.0.3.tgz. Extracting by manifest.
3600 silly tarball no local data for @types/http-errors@https://registry.npmjs.org/@types/http-errors/-/http-errors-2.0.5.tgz. Extracting by manifest.
3601 silly tarball no local data for @types/html-minifier-terser@https://registry.npmjs.org/@types/html-minifier-terser/-/html-minifier-terser-6.1.0.tgz. Extracting by manifest.
3602 silly tarball no local data for @types/graceful-fs@https://registry.npmjs.org/@types/graceful-fs/-/graceful-fs-4.1.9.tgz. Extracting by manifest.
3603 silly tarball no local data for @types/express-serve-static-core@https://registry.npmjs.org/@types/express-serve-static-core/-/express-serve-static-core-5.1.0.tgz. Extracting by manifest.
3604 silly tarball no local data for @types/estree@https://registry.npmjs.org/@types/estree/-/estree-1.0.8.tgz. Extracting by manifest.
3605 silly tarball no local data for @types/eslint@https://registry.npmjs.org/@types/eslint/-/eslint-8.56.12.tgz. Extracting by manifest.
3606 silly tarball no local data for @types/express@https://registry.npmjs.org/@types/express/-/express-4.17.25.tgz. Extracting by manifest.
3607 silly tarball no local data for @types/eslint-scope@https://registry.npmjs.org/@types/eslint-scope/-/eslint-scope-3.7.7.tgz. Extracting by manifest.
3608 silly tarball no local data for @types/connect@https://registry.npmjs.org/@types/connect/-/connect-3.4.38.tgz. Extracting by manifest.
3609 silly tarball no local data for @types/bonjour@https://registry.npmjs.org/@types/bonjour/-/bonjour-3.5.13.tgz. Extracting by manifest.
3610 silly tarball no local data for @types/connect-history-api-fallback@https://registry.npmjs.org/@types/connect-history-api-fallback/-/connect-history-api-fallback-1.5.4.tgz. Extracting by manifest.
3611 silly tarball no local data for @types/body-parser@https://registry.npmjs.org/@types/body-parser/-/body-parser-1.19.6.tgz. Extracting by manifest.
3612 silly tarball no local data for @types/babel__template@https://registry.npmjs.org/@types/babel__template/-/babel__template-7.4.4.tgz. Extracting by manifest.
3613 silly tarball no local data for @types/babel__traverse@https://registry.npmjs.org/@types/babel__traverse/-/babel__traverse-7.28.0.tgz. Extracting by manifest.
3614 silly tarball no local data for @tootallnate/once@https://registry.npmjs.org/@tootallnate/once/-/once-1.1.2.tgz. Extracting by manifest.
3615 silly tarball no local data for @types/babel__core@https://registry.npmjs.org/@types/babel__core/-/babel__core-7.20.5.tgz. Extracting by manifest.
3616 silly tarball no local data for @types/babel__generator@https://registry.npmjs.org/@types/babel__generator/-/babel__generator-7.27.0.tgz. Extracting by manifest.
3617 silly tarball no local data for @types/aria-query@https://registry.npmjs.org/@types/aria-query/-/aria-query-5.0.4.tgz. Extracting by manifest.
3618 silly tarball no local data for @testing-library/react@https://registry.npmjs.org/@testing-library/react/-/react-16.3.0.tgz. Extracting by manifest.
3619 silly tarball no local data for @trysound/sax@https://registry.npmjs.org/@trysound/sax/-/sax-0.2.0.tgz. Extracting by manifest.
3620 silly tarball no local data for @testing-library/user-event@https://registry.npmjs.org/@testing-library/user-event/-/user-event-13.5.0.tgz. Extracting by manifest.
3621 silly tarball no local data for @testing-library/jest-dom@https://registry.npmjs.org/@testing-library/jest-dom/-/jest-dom-6.9.1.tgz. Extracting by manifest.
3622 silly tarball no local data for @testing-library/dom@https://registry.npmjs.org/@testing-library/dom/-/dom-10.4.1.tgz. Extracting by manifest.
3623 silly tarball no local data for @svgr/webpack@https://registry.npmjs.org/@svgr/webpack/-/webpack-5.5.0.tgz. Extracting by manifest.
3624 silly tarball no local data for @svgr/plugin-svgo@https://registry.npmjs.org/@svgr/plugin-svgo/-/plugin-svgo-5.5.0.tgz. Extracting by manifest.
3625 silly tarball no local data for @svgr/hast-util-to-babel-ast@https://registry.npmjs.org/@svgr/hast-util-to-babel-ast/-/hast-util-to-babel-ast-5.5.0.tgz. Extracting by manifest.
3626 silly tarball no local data for @svgr/core@https://registry.npmjs.org/@svgr/core/-/core-5.5.0.tgz. Extracting by manifest.
3627 silly tarball no local data for @svgr/babel-preset@https://registry.npmjs.org/@svgr/babel-preset/-/babel-preset-5.5.0.tgz. Extracting by manifest.
3628 silly tarball no local data for @svgr/babel-plugin-transform-svg-component@https://registry.npmjs.org/@svgr/babel-plugin-transform-svg-component/-/babel-plugin-transform-svg-component-5.5.0.tgz. Extracting by manifest.
3629 silly tarball no local data for @svgr/plugin-jsx@https://registry.npmjs.org/@svgr/plugin-jsx/-/plugin-jsx-5.5.0.tgz. Extracting by manifest.
3630 silly tarball no local data for @svgr/babel-plugin-transform-react-native-svg@https://registry.npmjs.org/@svgr/babel-plugin-transform-react-native-svg/-/babel-plugin-transform-react-native-svg-5.4.0.tgz. Extracting by manifest.
3631 silly tarball no local data for @svgr/babel-plugin-svg-em-dimensions@https://registry.npmjs.org/@svgr/babel-plugin-svg-em-dimensions/-/babel-plugin-svg-em-dimensions-5.4.0.tgz. Extracting by manifest.
3632 silly tarball no local data for @svgr/babel-plugin-svg-dynamic-title@https://registry.npmjs.org/@svgr/babel-plugin-svg-dynamic-title/-/babel-plugin-svg-dynamic-title-5.4.0.tgz. Extracting by manifest.
3633 silly tarball no local data for @svgr/babel-plugin-replace-jsx-attribute-value@https://registry.npmjs.org/@svgr/babel-plugin-replace-jsx-attribute-value/-/babel-plugin-replace-jsx-attribute-value-5.0.1.tgz. Extracting by manifest.
3634 silly tarball no local data for @surma/rollup-plugin-off-main-thread@https://registry.npmjs.org/@surma/rollup-plugin-off-main-thread/-/rollup-plugin-off-main-thread-2.2.3.tgz. Extracting by manifest.
3635 silly tarball no local data for @sinclair/typebox@https://registry.npmjs.org/@sinclair/typebox/-/typebox-0.24.51.tgz. Extracting by manifest.
3636 silly tarball no local data for @svgr/babel-plugin-remove-jsx-attribute@https://registry.npmjs.org/@svgr/babel-plugin-remove-jsx-attribute/-/babel-plugin-remove-jsx-attribute-5.4.0.tgz. Extracting by manifest.
3637 silly tarball no local data for @svgr/babel-plugin-add-jsx-attribute@https://registry.npmjs.org/@svgr/babel-plugin-add-jsx-attribute/-/babel-plugin-add-jsx-attribute-5.4.0.tgz. Extracting by manifest.
3638 silly tarball no local data for @sinonjs/fake-timers@https://registry.npmjs.org/@sinonjs/fake-timers/-/fake-timers-8.1.0.tgz. Extracting by manifest.
3639 silly tarball no local data for @svgr/babel-plugin-remove-jsx-empty-expression@https://registry.npmjs.org/@svgr/babel-plugin-remove-jsx-empty-expression/-/babel-plugin-remove-jsx-empty-expression-5.0.1.tgz. Extracting by manifest.
3640 silly tarball no local data for @rushstack/eslint-patch@https://registry.npmjs.org/@rushstack/eslint-patch/-/eslint-patch-1.15.0.tgz. Extracting by manifest.
3641 silly tarball no local data for @sinonjs/commons@https://registry.npmjs.org/@sinonjs/commons/-/commons-1.8.6.tgz. Extracting by manifest.
3642 silly tarball no local data for @rtsao/scc@https://registry.npmjs.org/@rtsao/scc/-/scc-1.1.0.tgz. Extracting by manifest.
3643 silly tarball no local data for @pmmmwh/react-refresh-webpack-plugin@https://registry.npmjs.org/@pmmmwh/react-refresh-webpack-plugin/-/react-refresh-webpack-plugin-0.5.17.tgz. Extracting by manifest.
3644 silly tarball no local data for @rollup/pluginutils@https://registry.npmjs.org/@rollup/pluginutils/-/pluginutils-3.1.0.tgz. Extracting by manifest.
3645 silly tarball no local data for @rollup/plugin-node-resolve@https://registry.npmjs.org/@rollup/plugin-node-resolve/-/plugin-node-resolve-11.2.1.tgz. Extracting by manifest.
3646 silly tarball no local data for @nicolo-ribaudo/eslint-scope-5-internals@https://registry.npmjs.org/@nicolo-ribaudo/eslint-scope-5-internals/-/eslint-scope-5-internals-5.1.1-v1.tgz. Extracting by manifest.
3647 silly tarball no local data for @rollup/plugin-replace@https://registry.npmjs.org/@rollup/plugin-replace/-/plugin-replace-2.4.2.tgz. Extracting by manifest.
3648 silly tarball no local data for @rollup/plugin-babel@https://registry.npmjs.org/@rollup/plugin-babel/-/plugin-babel-5.3.1.tgz. Extracting by manifest.
3649 silly tarball no local data for @nodelib/fs.walk@https://registry.npmjs.org/@nodelib/fs.walk/-/fs.walk-1.2.8.tgz. Extracting by manifest.
3650 silly tarball no local data for @nodelib/fs.scandir@https://registry.npmjs.org/@nodelib/fs.scandir/-/fs.scandir-2.1.5.tgz. Extracting by manifest.
3651 silly tarball no local data for @jridgewell/trace-mapping@https://registry.npmjs.org/@jridgewell/trace-mapping/-/trace-mapping-0.3.31.tgz. Extracting by manifest.
3652 silly tarball no local data for @nodelib/fs.stat@https://registry.npmjs.org/@nodelib/fs.stat/-/fs.stat-2.0.5.tgz. Extracting by manifest.
3653 silly tarball no local data for @jridgewell/sourcemap-codec@https://registry.npmjs.org/@jridgewell/sourcemap-codec/-/sourcemap-codec-1.5.5.tgz. Extracting by manifest.
3654 silly tarball no local data for @leichtgewicht/ip-codec@https://registry.npmjs.org/@leichtgewicht/ip-codec/-/ip-codec-2.0.5.tgz. Extracting by manifest.
3655 silly tarball no local data for @jridgewell/source-map@https://registry.npmjs.org/@jridgewell/source-map/-/source-map-0.3.11.tgz. Extracting by manifest.
3656 silly tarball no local data for @jridgewell/resolve-uri@https://registry.npmjs.org/@jridgewell/resolve-uri/-/resolve-uri-3.1.2.tgz. Extracting by manifest.
3657 silly tarball no local data for @jest/test-sequencer@https://registry.npmjs.org/@jest/test-sequencer/-/test-sequencer-27.5.1.tgz. Extracting by manifest.
3658 silly tarball no local data for @jridgewell/gen-mapping@https://registry.npmjs.org/@jridgewell/gen-mapping/-/gen-mapping-0.3.13.tgz. Extracting by manifest.
3659 silly tarball no local data for @jest/types@https://registry.npmjs.org/@jest/types/-/types-27.5.1.tgz. Extracting by manifest.
3660 silly tarball no local data for @jridgewell/remapping@https://registry.npmjs.org/@jridgewell/remapping/-/remapping-2.3.5.tgz. Extracting by manifest.
3661 silly tarball no local data for @jest/transform@https://registry.npmjs.org/@jest/transform/-/transform-27.5.1.tgz. Extracting by manifest.
3662 silly tarball no local data for @jest/source-map@https://registry.npmjs.org/@jest/source-map/-/source-map-27.5.1.tgz. Extracting by manifest.
3663 silly tarball no local data for @jest/test-result@https://registry.npmjs.org/@jest/test-result/-/test-result-27.5.1.tgz. Extracting by manifest.
3664 silly tarball no local data for @jest/schemas@https://registry.npmjs.org/@jest/schemas/-/schemas-28.1.3.tgz. Extracting by manifest.
3665 silly tarball no local data for @jest/reporters@https://registry.npmjs.org/@jest/reporters/-/reporters-27.5.1.tgz. Extracting by manifest.
3666 silly tarball no local data for @jest/globals@https://registry.npmjs.org/@jest/globals/-/globals-27.5.1.tgz. Extracting by manifest.
3667 silly tarball no local data for @jest/fake-timers@https://registry.npmjs.org/@jest/fake-timers/-/fake-timers-27.5.1.tgz. Extracting by manifest.
3668 silly tarball no local data for @jest/environment@https://registry.npmjs.org/@jest/environment/-/environment-27.5.1.tgz. Extracting by manifest.
3669 silly tarball no local data for @jest/core@https://registry.npmjs.org/@jest/core/-/core-27.5.1.tgz. Extracting by manifest.
3670 silly tarball no local data for @istanbuljs/schema@https://registry.npmjs.org/@istanbuljs/schema/-/schema-0.1.3.tgz. Extracting by manifest.
3671 silly tarball no local data for @jest/console@https://registry.npmjs.org/@jest/console/-/console-27.5.1.tgz. Extracting by manifest.
3672 silly tarball no local data for @humanwhocodes/object-schema@https://registry.npmjs.org/@humanwhocodes/object-schema/-/object-schema-2.0.3.tgz. Extracting by manifest.
3673 silly tarball no local data for @istanbuljs/load-nyc-config@https://registry.npmjs.org/@istanbuljs/load-nyc-config/-/load-nyc-config-1.1.0.tgz. Extracting by manifest.
3674 silly tarball no local data for @humanwhocodes/module-importer@https://registry.npmjs.org/@humanwhocodes/module-importer/-/module-importer-1.0.1.tgz. Extracting by manifest.
3675 silly tarball no local data for @eslint/js@https://registry.npmjs.org/@eslint/js/-/js-8.57.1.tgz. Extracting by manifest.
3676 silly tarball no local data for @humanwhocodes/config-array@https://registry.npmjs.org/@humanwhocodes/config-array/-/config-array-0.13.0.tgz. Extracting by manifest.
3677 silly tarball no local data for @eslint/eslintrc@https://registry.npmjs.org/@eslint/eslintrc/-/eslintrc-2.1.4.tgz. Extracting by manifest.
3678 silly tarball no local data for @eslint-community/eslint-utils@https://registry.npmjs.org/@eslint-community/eslint-utils/-/eslint-utils-4.9.0.tgz. Extracting by manifest.
3679 silly tarball no local data for @eslint-community/regexpp@https://registry.npmjs.org/@eslint-community/regexpp/-/regexpp-4.12.2.tgz. Extracting by manifest.
3680 silly tarball no local data for @csstools/selector-specificity@https://registry.npmjs.org/@csstools/selector-specificity/-/selector-specificity-2.2.0.tgz. Extracting by manifest.
3681 silly tarball no local data for @csstools/postcss-text-decoration-shorthand@https://registry.npmjs.org/@csstools/postcss-text-decoration-shorthand/-/postcss-text-decoration-shorthand-1.0.0.tgz. Extracting by manifest.
3682 silly tarball no local data for @csstools/postcss-unset-value@https://registry.npmjs.org/@csstools/postcss-unset-value/-/postcss-unset-value-1.0.2.tgz. Extracting by manifest.
3683 silly tarball no local data for @csstools/postcss-stepped-value-functions@https://registry.npmjs.org/@csstools/postcss-stepped-value-functions/-/postcss-stepped-value-functions-1.0.1.tgz. Extracting by manifest.
3684 silly tarball no local data for @csstools/postcss-trigonometric-functions@https://registry.npmjs.org/@csstools/postcss-trigonometric-functions/-/postcss-trigonometric-functions-1.0.2.tgz. Extracting by manifest.
3685 silly tarball no local data for @csstools/postcss-progressive-custom-properties@https://registry.npmjs.org/@csstools/postcss-progressive-custom-properties/-/postcss-progressive-custom-properties-1.3.0.tgz. Extracting by manifest.
3686 silly tarball no local data for @csstools/postcss-oklab-function@https://registry.npmjs.org/@csstools/postcss-oklab-function/-/postcss-oklab-function-1.1.1.tgz. Extracting by manifest.
3687 silly tarball no local data for @csstools/postcss-is-pseudo-class@https://registry.npmjs.org/@csstools/postcss-is-pseudo-class/-/postcss-is-pseudo-class-2.0.7.tgz. Extracting by manifest.
3688 silly tarball no local data for @csstools/postcss-nested-calc@https://registry.npmjs.org/@csstools/postcss-nested-calc/-/postcss-nested-calc-1.0.0.tgz. Extracting by manifest.
3689 silly tarball no local data for @csstools/postcss-ic-unit@https://registry.npmjs.org/@csstools/postcss-ic-unit/-/postcss-ic-unit-1.0.1.tgz. Extracting by manifest.
3690 silly tarball no local data for @csstools/postcss-normalize-display-values@https://registry.npmjs.org/@csstools/postcss-normalize-display-values/-/postcss-normalize-display-values-1.0.1.tgz. Extracting by manifest.
3691 silly tarball no local data for @csstools/postcss-font-format-keywords@https://registry.npmjs.org/@csstools/postcss-font-format-keywords/-/postcss-font-format-keywords-1.0.1.tgz. Extracting by manifest.
3692 silly tarball no local data for @csstools/postcss-hwb-function@https://registry.npmjs.org/@csstools/postcss-hwb-function/-/postcss-hwb-function-1.0.2.tgz. Extracting by manifest.
3693 silly tarball no local data for @bcoe/v8-coverage@https://registry.npmjs.org/@bcoe/v8-coverage/-/v8-coverage-0.2.3.tgz. Extracting by manifest.
3694 silly tarball no local data for @csstools/normalize.css@https://registry.npmjs.org/@csstools/normalize.css/-/normalize.css-12.1.1.tgz. Extracting by manifest.
3695 silly tarball no local data for @csstools/postcss-color-function@https://registry.npmjs.org/@csstools/postcss-color-function/-/postcss-color-function-1.1.1.tgz. Extracting by manifest.
3696 silly tarball no local data for @babel/types@https://registry.npmjs.org/@babel/types/-/types-7.28.5.tgz. Extracting by manifest.
3697 silly tarball no local data for @csstools/postcss-cascade-layers@https://registry.npmjs.org/@csstools/postcss-cascade-layers/-/postcss-cascade-layers-1.1.1.tgz. Extracting by manifest.
3698 silly tarball no local data for @babel/runtime@https://registry.npmjs.org/@babel/runtime/-/runtime-7.28.4.tgz. Extracting by manifest.
3699 silly tarball no local data for @babel/traverse@https://registry.npmjs.org/@babel/traverse/-/traverse-7.28.5.tgz. Extracting by manifest.
3700 silly tarball no local data for @babel/template@https://registry.npmjs.org/@babel/template/-/template-7.27.2.tgz. Extracting by manifest.
3701 silly tarball no local data for @babel/preset-typescript@https://registry.npmjs.org/@babel/preset-typescript/-/preset-typescript-7.28.5.tgz. Extracting by manifest.
3702 silly tarball no local data for @babel/preset-modules@https://registry.npmjs.org/@babel/preset-modules/-/preset-modules-0.1.6-no-external-plugins.tgz. Extracting by manifest.
3703 silly tarball no local data for @babel/preset-react@https://registry.npmjs.org/@babel/preset-react/-/preset-react-7.28.5.tgz. Extracting by manifest.
3704 silly tarball no local data for @babel/preset-env@https://registry.npmjs.org/@babel/preset-env/-/preset-env-7.28.5.tgz. Extracting by manifest.
3705 silly tarball no local data for @babel/plugin-transform-unicode-sets-regex@https://registry.npmjs.org/@babel/plugin-transform-unicode-sets-regex/-/plugin-transform-unicode-sets-regex-7.27.1.tgz. Extracting by manifest.
3706 silly tarball no local data for @babel/plugin-transform-unicode-regex@https://registry.npmjs.org/@babel/plugin-transform-unicode-regex/-/plugin-transform-unicode-regex-7.27.1.tgz. Extracting by manifest.
3707 silly tarball no local data for @babel/plugin-transform-typescript@https://registry.npmjs.org/@babel/plugin-transform-typescript/-/plugin-transform-typescript-7.28.5.tgz. Extracting by manifest.
3708 silly tarball no local data for @babel/plugin-transform-unicode-property-regex@https://registry.npmjs.org/@babel/plugin-transform-unicode-property-regex/-/plugin-transform-unicode-property-regex-7.27.1.tgz. Extracting by manifest.
3709 silly tarball no local data for @babel/plugin-transform-unicode-escapes@https://registry.npmjs.org/@babel/plugin-transform-unicode-escapes/-/plugin-transform-unicode-escapes-7.27.1.tgz. Extracting by manifest.
3710 silly tarball no local data for @babel/plugin-transform-typeof-symbol@https://registry.npmjs.org/@babel/plugin-transform-typeof-symbol/-/plugin-transform-typeof-symbol-7.27.1.tgz. Extracting by manifest.
3711 silly tarball no local data for @babel/plugin-transform-template-literals@https://registry.npmjs.org/@babel/plugin-transform-template-literals/-/plugin-transform-template-literals-7.27.1.tgz. Extracting by manifest.
3712 silly tarball no local data for @babel/plugin-transform-sticky-regex@https://registry.npmjs.org/@babel/plugin-transform-sticky-regex/-/plugin-transform-sticky-regex-7.27.1.tgz. Extracting by manifest.
3713 silly tarball no local data for @babel/plugin-transform-shorthand-properties@https://registry.npmjs.org/@babel/plugin-transform-shorthand-properties/-/plugin-transform-shorthand-properties-7.27.1.tgz. Extracting by manifest.
3714 silly tarball no local data for @babel/plugin-transform-runtime@https://registry.npmjs.org/@babel/plugin-transform-runtime/-/plugin-transform-runtime-7.28.5.tgz. Extracting by manifest.
3715 silly tarball no local data for @babel/plugin-transform-spread@https://registry.npmjs.org/@babel/plugin-transform-spread/-/plugin-transform-spread-7.27.1.tgz. Extracting by manifest.
3716 silly tarball no local data for @babel/plugin-transform-reserved-words@https://registry.npmjs.org/@babel/plugin-transform-reserved-words/-/plugin-transform-reserved-words-7.27.1.tgz. Extracting by manifest.
3717 silly tarball no local data for @babel/plugin-transform-regenerator@https://registry.npmjs.org/@babel/plugin-transform-regenerator/-/plugin-transform-regenerator-7.28.4.tgz. Extracting by manifest.
3718 silly tarball no local data for @babel/plugin-transform-regexp-modifiers@https://registry.npmjs.org/@babel/plugin-transform-regexp-modifiers/-/plugin-transform-regexp-modifiers-7.27.1.tgz. Extracting by manifest.
3719 silly tarball no local data for @babel/plugin-transform-react-pure-annotations@https://registry.npmjs.org/@babel/plugin-transform-react-pure-annotations/-/plugin-transform-react-pure-annotations-7.27.1.tgz. Extracting by manifest.
3720 silly tarball no local data for @babel/plugin-transform-react-jsx@https://registry.npmjs.org/@babel/plugin-transform-react-jsx/-/plugin-transform-react-jsx-7.27.1.tgz. Extracting by manifest.
3721 silly tarball no local data for @babel/plugin-transform-react-display-name@https://registry.npmjs.org/@babel/plugin-transform-react-display-name/-/plugin-transform-react-display-name-7.28.0.tgz. Extracting by manifest.
3722 silly tarball no local data for @babel/plugin-transform-react-jsx-development@https://registry.npmjs.org/@babel/plugin-transform-react-jsx-development/-/plugin-transform-react-jsx-development-7.27.1.tgz. Extracting by manifest.
3723 silly tarball no local data for @babel/plugin-transform-react-constant-elements@https://registry.npmjs.org/@babel/plugin-transform-react-constant-elements/-/plugin-transform-react-constant-elements-7.27.1.tgz. Extracting by manifest.
3724 silly tarball no local data for @babel/plugin-transform-private-property-in-object@https://registry.npmjs.org/@babel/plugin-transform-private-property-in-object/-/plugin-transform-private-property-in-object-7.27.1.tgz. Extracting by manifest.
3725 silly tarball no local data for @babel/plugin-transform-property-literals@https://registry.npmjs.org/@babel/plugin-transform-property-literals/-/plugin-transform-property-literals-7.27.1.tgz. Extracting by manifest.
3726 silly tarball no local data for @babel/plugin-transform-parameters@https://registry.npmjs.org/@babel/plugin-transform-parameters/-/plugin-transform-parameters-7.27.7.tgz. Extracting by manifest.
3727 silly tarball no local data for @babel/plugin-transform-private-methods@https://registry.npmjs.org/@babel/plugin-transform-private-methods/-/plugin-transform-private-methods-7.27.1.tgz. Extracting by manifest.
3728 silly tarball no local data for @babel/plugin-transform-optional-chaining@https://registry.npmjs.org/@babel/plugin-transform-optional-chaining/-/plugin-transform-optional-chaining-7.28.5.tgz. Extracting by manifest.
3729 silly tarball no local data for @babel/plugin-transform-object-super@https://registry.npmjs.org/@babel/plugin-transform-object-super/-/plugin-transform-object-super-7.27.1.tgz. Extracting by manifest.
3730 silly tarball no local data for @babel/plugin-transform-optional-catch-binding@https://registry.npmjs.org/@babel/plugin-transform-optional-catch-binding/-/plugin-transform-optional-catch-binding-7.27.1.tgz. Extracting by manifest.
3731 silly tarball no local data for @babel/plugin-transform-object-rest-spread@https://registry.npmjs.org/@babel/plugin-transform-object-rest-spread/-/plugin-transform-object-rest-spread-7.28.4.tgz. Extracting by manifest.
3732 silly tarball no local data for @babel/plugin-transform-numeric-separator@https://registry.npmjs.org/@babel/plugin-transform-numeric-separator/-/plugin-transform-numeric-separator-7.27.1.tgz. Extracting by manifest.
3733 silly tarball no local data for @babel/plugin-transform-nullish-coalescing-operator@https://registry.npmjs.org/@babel/plugin-transform-nullish-coalescing-operator/-/plugin-transform-nullish-coalescing-operator-7.27.1.tgz. Extracting by manifest.
3734 silly tarball no local data for @babel/plugin-transform-new-target@https://registry.npmjs.org/@babel/plugin-transform-new-target/-/plugin-transform-new-target-7.27.1.tgz. Extracting by manifest.
3735 silly tarball no local data for @babel/plugin-transform-modules-umd@https://registry.npmjs.org/@babel/plugin-transform-modules-umd/-/plugin-transform-modules-umd-7.27.1.tgz. Extracting by manifest.
3736 silly tarball no local data for @babel/plugin-transform-modules-systemjs@https://registry.npmjs.org/@babel/plugin-transform-modules-systemjs/-/plugin-transform-modules-systemjs-7.28.5.tgz. Extracting by manifest.
3737 silly tarball no local data for @babel/plugin-transform-named-capturing-groups-regex@https://registry.npmjs.org/@babel/plugin-transform-named-capturing-groups-regex/-/plugin-transform-named-capturing-groups-regex-7.27.1.tgz. Extracting by manifest.
3738 silly tarball no local data for @babel/plugin-transform-modules-commonjs@https://registry.npmjs.org/@babel/plugin-transform-modules-commonjs/-/plugin-transform-modules-commonjs-7.27.1.tgz. Extracting by manifest.
3739 silly tarball no local data for @babel/plugin-transform-member-expression-literals@https://registry.npmjs.org/@babel/plugin-transform-member-expression-literals/-/plugin-transform-member-expression-literals-7.27.1.tgz. Extracting by manifest.
3740 silly tarball no local data for @babel/plugin-transform-modules-amd@https://registry.npmjs.org/@babel/plugin-transform-modules-amd/-/plugin-transform-modules-amd-7.27.1.tgz. Extracting by manifest.
3741 silly tarball no local data for @babel/plugin-transform-logical-assignment-operators@https://registry.npmjs.org/@babel/plugin-transform-logical-assignment-operators/-/plugin-transform-logical-assignment-operators-7.28.5.tgz. Extracting by manifest.
3742 silly tarball no local data for @babel/plugin-transform-json-strings@https://registry.npmjs.org/@babel/plugin-transform-json-strings/-/plugin-transform-json-strings-7.27.1.tgz. Extracting by manifest.
3743 silly tarball no local data for @babel/plugin-transform-function-name@https://registry.npmjs.org/@babel/plugin-transform-function-name/-/plugin-transform-function-name-7.27.1.tgz. Extracting by manifest.
3744 silly tarball no local data for @babel/plugin-transform-literals@https://registry.npmjs.org/@babel/plugin-transform-literals/-/plugin-transform-literals-7.27.1.tgz. Extracting by manifest.
3745 silly tarball no local data for @babel/plugin-transform-for-of@https://registry.npmjs.org/@babel/plugin-transform-for-of/-/plugin-transform-for-of-7.27.1.tgz. Extracting by manifest.
3746 silly tarball no local data for @babel/plugin-transform-export-namespace-from@https://registry.npmjs.org/@babel/plugin-transform-export-namespace-from/-/plugin-transform-export-namespace-from-7.27.1.tgz. Extracting by manifest.
3747 silly tarball no local data for @babel/plugin-transform-exponentiation-operator@https://registry.npmjs.org/@babel/plugin-transform-exponentiation-operator/-/plugin-transform-exponentiation-operator-7.28.5.tgz. Extracting by manifest.
3748 silly tarball no local data for @babel/plugin-transform-flow-strip-types@https://registry.npmjs.org/@babel/plugin-transform-flow-strip-types/-/plugin-transform-flow-strip-types-7.27.1.tgz. Extracting by manifest.
3749 silly tarball no local data for @babel/plugin-transform-explicit-resource-management@https://registry.npmjs.org/@babel/plugin-transform-explicit-resource-management/-/plugin-transform-explicit-resource-management-7.28.0.tgz. Extracting by manifest.
3750 silly tarball no local data for @babel/plugin-transform-duplicate-named-capturing-groups-regex@https://registry.npmjs.org/@babel/plugin-transform-duplicate-named-capturing-groups-regex/-/plugin-transform-duplicate-named-capturing-groups-regex-7.27.1.tgz. Extracting by manifest.
3751 silly tarball no local data for @babel/plugin-transform-dynamic-import@https://registry.npmjs.org/@babel/plugin-transform-dynamic-import/-/plugin-transform-dynamic-import-7.27.1.tgz. Extracting by manifest.
3752 silly tarball no local data for @babel/plugin-transform-duplicate-keys@https://registry.npmjs.org/@babel/plugin-transform-duplicate-keys/-/plugin-transform-duplicate-keys-7.27.1.tgz. Extracting by manifest.
3753 silly tarball no local data for @babel/plugin-transform-dotall-regex@https://registry.npmjs.org/@babel/plugin-transform-dotall-regex/-/plugin-transform-dotall-regex-7.27.1.tgz. Extracting by manifest.
3754 silly tarball no local data for @babel/plugin-transform-destructuring@https://registry.npmjs.org/@babel/plugin-transform-destructuring/-/plugin-transform-destructuring-7.28.5.tgz. Extracting by manifest.
3755 silly tarball no local data for @babel/plugin-transform-class-static-block@https://registry.npmjs.org/@babel/plugin-transform-class-static-block/-/plugin-transform-class-static-block-7.28.3.tgz. Extracting by manifest.
3756 silly tarball no local data for @babel/plugin-transform-computed-properties@https://registry.npmjs.org/@babel/plugin-transform-computed-properties/-/plugin-transform-computed-properties-7.27.1.tgz. Extracting by manifest.
3757 silly tarball no local data for @babel/plugin-transform-class-properties@https://registry.npmjs.org/@babel/plugin-transform-class-properties/-/plugin-transform-class-properties-7.27.1.tgz. Extracting by manifest.
3758 silly tarball no local data for @babel/plugin-transform-classes@https://registry.npmjs.org/@babel/plugin-transform-classes/-/plugin-transform-classes-7.28.4.tgz. Extracting by manifest.
3759 silly tarball no local data for @babel/plugin-transform-block-scoping@https://registry.npmjs.org/@babel/plugin-transform-block-scoping/-/plugin-transform-block-scoping-7.28.5.tgz. Extracting by manifest.
3760 silly tarball no local data for @babel/plugin-transform-async-to-generator@https://registry.npmjs.org/@babel/plugin-transform-async-to-generator/-/plugin-transform-async-to-generator-7.27.1.tgz. Extracting by manifest.
3761 silly tarball no local data for @babel/plugin-transform-block-scoped-functions@https://registry.npmjs.org/@babel/plugin-transform-block-scoped-functions/-/plugin-transform-block-scoped-functions-7.27.1.tgz. Extracting by manifest.
3762 silly tarball no local data for @babel/plugin-transform-async-generator-functions@https://registry.npmjs.org/@babel/plugin-transform-async-generator-functions/-/plugin-transform-async-generator-functions-7.28.0.tgz. Extracting by manifest.
3763 silly tarball no local data for @babel/plugin-syntax-unicode-sets-regex@https://registry.npmjs.org/@babel/plugin-syntax-unicode-sets-regex/-/plugin-syntax-unicode-sets-regex-7.18.6.tgz. Extracting by manifest.
3764 silly tarball no local data for @babel/plugin-transform-arrow-functions@https://registry.npmjs.org/@babel/plugin-transform-arrow-functions/-/plugin-transform-arrow-functions-7.27.1.tgz. Extracting by manifest.
3765 silly tarball no local data for @babel/plugin-syntax-private-property-in-object@https://registry.npmjs.org/@babel/plugin-syntax-private-property-in-object/-/plugin-syntax-private-property-in-object-7.14.5.tgz. Extracting by manifest.
3766 silly tarball no local data for @babel/plugin-syntax-typescript@https://registry.npmjs.org/@babel/plugin-syntax-typescript/-/plugin-syntax-typescript-7.27.1.tgz. Extracting by manifest.
3767 silly tarball no local data for @babel/plugin-syntax-top-level-await@https://registry.npmjs.org/@babel/plugin-syntax-top-level-await/-/plugin-syntax-top-level-await-7.14.5.tgz. Extracting by manifest.
3768 silly tarball no local data for @babel/plugin-syntax-object-rest-spread@https://registry.npmjs.org/@babel/plugin-syntax-object-rest-spread/-/plugin-syntax-object-rest-spread-7.8.3.tgz. Extracting by manifest.
3769 silly tarball no local data for @babel/plugin-syntax-optional-catch-binding@https://registry.npmjs.org/@babel/plugin-syntax-optional-catch-binding/-/plugin-syntax-optional-catch-binding-7.8.3.tgz. Extracting by manifest.
3770 silly tarball no local data for @babel/plugin-syntax-optional-chaining@https://registry.npmjs.org/@babel/plugin-syntax-optional-chaining/-/plugin-syntax-optional-chaining-7.8.3.tgz. Extracting by manifest.
3771 silly tarball no local data for @babel/plugin-syntax-numeric-separator@https://registry.npmjs.org/@babel/plugin-syntax-numeric-separator/-/plugin-syntax-numeric-separator-7.10.4.tgz. Extracting by manifest.
3772 silly tarball no local data for @babel/plugin-syntax-jsx@https://registry.npmjs.org/@babel/plugin-syntax-jsx/-/plugin-syntax-jsx-7.27.1.tgz. Extracting by manifest.
3773 silly tarball no local data for @babel/plugin-syntax-logical-assignment-operators@https://registry.npmjs.org/@babel/plugin-syntax-logical-assignment-operators/-/plugin-syntax-logical-assignment-operators-7.10.4.tgz. Extracting by manifest.
3774 silly tarball no local data for @babel/plugin-syntax-nullish-coalescing-operator@https://registry.npmjs.org/@babel/plugin-syntax-nullish-coalescing-operator/-/plugin-syntax-nullish-coalescing-operator-7.8.3.tgz. Extracting by manifest.
3775 silly tarball no local data for @babel/plugin-syntax-json-strings@https://registry.npmjs.org/@babel/plugin-syntax-json-strings/-/plugin-syntax-json-strings-7.8.3.tgz. Extracting by manifest.
3776 silly tarball no local data for @babel/plugin-syntax-import-attributes@https://registry.npmjs.org/@babel/plugin-syntax-import-attributes/-/plugin-syntax-import-attributes-7.27.1.tgz. Extracting by manifest.
3777 silly tarball no local data for @babel/plugin-syntax-import-meta@https://registry.npmjs.org/@babel/plugin-syntax-import-meta/-/plugin-syntax-import-meta-7.10.4.tgz. Extracting by manifest.
3778 silly tarball no local data for @babel/plugin-syntax-import-assertions@https://registry.npmjs.org/@babel/plugin-syntax-import-assertions/-/plugin-syntax-import-assertions-7.27.1.tgz. Extracting by manifest.
3779 silly tarball no local data for @babel/plugin-syntax-flow@https://registry.npmjs.org/@babel/plugin-syntax-flow/-/plugin-syntax-flow-7.27.1.tgz. Extracting by manifest.
3780 silly tarball no local data for @babel/plugin-syntax-decorators@https://registry.npmjs.org/@babel/plugin-syntax-decorators/-/plugin-syntax-decorators-7.27.1.tgz. Extracting by manifest.
3781 silly tarball no local data for @babel/plugin-syntax-class-properties@https://registry.npmjs.org/@babel/plugin-syntax-class-properties/-/plugin-syntax-class-properties-7.12.13.tgz. Extracting by manifest.
3782 silly tarball no local data for @babel/plugin-syntax-class-static-block@https://registry.npmjs.org/@babel/plugin-syntax-class-static-block/-/plugin-syntax-class-static-block-7.14.5.tgz. Extracting by manifest.
3783 silly tarball no local data for @babel/plugin-syntax-bigint@https://registry.npmjs.org/@babel/plugin-syntax-bigint/-/plugin-syntax-bigint-7.8.3.tgz. Extracting by manifest.
3784 silly tarball no local data for @babel/plugin-syntax-async-generators@https://registry.npmjs.org/@babel/plugin-syntax-async-generators/-/plugin-syntax-async-generators-7.8.4.tgz. Extracting by manifest.
3785 silly tarball no local data for @babel/plugin-proposal-private-property-in-object@https://registry.npmjs.org/@babel/plugin-proposal-private-property-in-object/-/plugin-proposal-private-property-in-object-7.21.0-placeholder-for-preset-env.2.tgz. Extracting by manifest.
3786 silly tarball no local data for @babel/plugin-proposal-private-methods@https://registry.npmjs.org/@babel/plugin-proposal-private-methods/-/plugin-proposal-private-methods-7.18.6.tgz. Extracting by manifest.
3787 silly tarball no local data for @babel/plugin-proposal-numeric-separator@https://registry.npmjs.org/@babel/plugin-proposal-numeric-separator/-/plugin-proposal-numeric-separator-7.18.6.tgz. Extracting by manifest.
3788 silly tarball no local data for @babel/plugin-proposal-optional-chaining@https://registry.npmjs.org/@babel/plugin-proposal-optional-chaining/-/plugin-proposal-optional-chaining-7.21.0.tgz. Extracting by manifest.
3789 silly tarball no local data for @babel/plugin-proposal-decorators@https://registry.npmjs.org/@babel/plugin-proposal-decorators/-/plugin-proposal-decorators-7.28.0.tgz. Extracting by manifest.
3790 silly tarball no local data for @babel/plugin-bugfix-v8-static-class-fields-redefine-readonly@https://registry.npmjs.org/@babel/plugin-bugfix-v8-static-class-fields-redefine-readonly/-/plugin-bugfix-v8-static-class-fields-redefine-readonly-7.28.3.tgz. Extracting by manifest.
3791 silly tarball no local data for @babel/plugin-proposal-nullish-coalescing-operator@https://registry.npmjs.org/@babel/plugin-proposal-nullish-coalescing-operator/-/plugin-proposal-nullish-coalescing-operator-7.18.6.tgz. Extracting by manifest.
3792 silly tarball no local data for @babel/plugin-proposal-class-properties@https://registry.npmjs.org/@babel/plugin-proposal-class-properties/-/plugin-proposal-class-properties-7.18.6.tgz. Extracting by manifest.
3793 silly tarball no local data for @babel/plugin-bugfix-v8-spread-parameters-in-optional-chaining@https://registry.npmjs.org/@babel/plugin-bugfix-v8-spread-parameters-in-optional-chaining/-/plugin-bugfix-v8-spread-parameters-in-optional-chaining-7.27.1.tgz. Extracting by manifest.
3794 silly tarball no local data for @babel/plugin-bugfix-safari-class-field-initializer-scope@https://registry.npmjs.org/@babel/plugin-bugfix-safari-class-field-initializer-scope/-/plugin-bugfix-safari-class-field-initializer-scope-7.27.1.tgz. Extracting by manifest.
3795 silly tarball no local data for @babel/plugin-bugfix-safari-id-destructuring-collision-in-function-expression@https://registry.npmjs.org/@babel/plugin-bugfix-safari-id-destructuring-collision-in-function-expression/-/plugin-bugfix-safari-id-destructuring-collision-in-function-expression-7.27.1.tgz. Extracting by manifest.
3796 silly tarball no local data for @babel/parser@https://registry.npmjs.org/@babel/parser/-/parser-7.28.5.tgz. Extracting by manifest.
3797 silly tarball no local data for @babel/plugin-bugfix-firefox-class-in-computed-class-key@https://registry.npmjs.org/@babel/plugin-bugfix-firefox-class-in-computed-class-key/-/plugin-bugfix-firefox-class-in-computed-class-key-7.28.5.tgz. Extracting by manifest.
3798 silly tarball no local data for @babel/helpers@https://registry.npmjs.org/@babel/helpers/-/helpers-7.28.4.tgz. Extracting by manifest.
3799 silly tarball no local data for @babel/helper-wrap-function@https://registry.npmjs.org/@babel/helper-wrap-function/-/helper-wrap-function-7.28.3.tgz. Extracting by manifest.
3800 silly tarball no local data for @babel/helper-validator-option@https://registry.npmjs.org/@babel/helper-validator-option/-/helper-validator-option-7.27.1.tgz. Extracting by manifest.
3801 silly tarball no local data for @babel/helper-validator-identifier@https://registry.npmjs.org/@babel/helper-validator-identifier/-/helper-validator-identifier-7.28.5.tgz. Extracting by manifest.
3802 silly tarball no local data for @babel/helper-string-parser@https://registry.npmjs.org/@babel/helper-string-parser/-/helper-string-parser-7.27.1.tgz. Extracting by manifest.
3803 silly tarball no local data for @babel/helper-skip-transparent-expression-wrappers@https://registry.npmjs.org/@babel/helper-skip-transparent-expression-wrappers/-/helper-skip-transparent-expression-wrappers-7.27.1.tgz. Extracting by manifest.
3804 silly tarball no local data for @babel/helper-replace-supers@https://registry.npmjs.org/@babel/helper-replace-supers/-/helper-replace-supers-7.27.1.tgz. Extracting by manifest.
3805 silly tarball no local data for @babel/helper-optimise-call-expression@https://registry.npmjs.org/@babel/helper-optimise-call-expression/-/helper-optimise-call-expression-7.27.1.tgz. Extracting by manifest.
3806 silly tarball no local data for @babel/helper-module-transforms@https://registry.npmjs.org/@babel/helper-module-transforms/-/helper-module-transforms-7.28.3.tgz. Extracting by manifest.
3807 silly tarball no local data for @babel/helper-remap-async-to-generator@https://registry.npmjs.org/@babel/helper-remap-async-to-generator/-/helper-remap-async-to-generator-7.27.1.tgz. Extracting by manifest.
3808 silly tarball no local data for @babel/helper-module-imports@https://registry.npmjs.org/@babel/helper-module-imports/-/helper-module-imports-7.27.1.tgz. Extracting by manifest.
3809 silly tarball no local data for @babel/helper-plugin-utils@https://registry.npmjs.org/@babel/helper-plugin-utils/-/helper-plugin-utils-7.27.1.tgz. Extracting by manifest.
3810 silly tarball no local data for @babel/helper-member-expression-to-functions@https://registry.npmjs.org/@babel/helper-member-expression-to-functions/-/helper-member-expression-to-functions-7.28.5.tgz. Extracting by manifest.
3811 silly tarball no local data for @babel/helper-define-polyfill-provider@https://registry.npmjs.org/@babel/helper-define-polyfill-provider/-/helper-define-polyfill-provider-0.6.5.tgz. Extracting by manifest.
3812 silly tarball no local data for @babel/helper-create-regexp-features-plugin@https://registry.npmjs.org/@babel/helper-create-regexp-features-plugin/-/helper-create-regexp-features-plugin-7.28.5.tgz. Extracting by manifest.
3813 silly tarball no local data for @babel/helper-globals@https://registry.npmjs.org/@babel/helper-globals/-/helper-globals-7.28.0.tgz. Extracting by manifest.
3814 silly tarball no local data for @babel/helper-compilation-targets@https://registry.npmjs.org/@babel/helper-compilation-targets/-/helper-compilation-targets-7.27.2.tgz. Extracting by manifest.
3815 silly tarball no local data for @babel/helper-annotate-as-pure@https://registry.npmjs.org/@babel/helper-annotate-as-pure/-/helper-annotate-as-pure-7.27.3.tgz. Extracting by manifest.
3816 silly tarball no local data for @babel/generator@https://registry.npmjs.org/@babel/generator/-/generator-7.28.5.tgz. Extracting by manifest.
3817 silly tarball no local data for @babel/helper-create-class-features-plugin@https://registry.npmjs.org/@babel/helper-create-class-features-plugin/-/helper-create-class-features-plugin-7.28.5.tgz. Extracting by manifest.
3818 silly tarball no local data for @babel/eslint-parser@https://registry.npmjs.org/@babel/eslint-parser/-/eslint-parser-7.28.5.tgz. Extracting by manifest.
3819 silly tarball no local data for @babel/compat-data@https://registry.npmjs.org/@babel/compat-data/-/compat-data-7.28.5.tgz. Extracting by manifest.
3820 silly tarball no local data for @babel/core@https://registry.npmjs.org/@babel/core/-/core-7.28.5.tgz. Extracting by manifest.
3821 silly tarball no local data for strip-bom@https://registry.npmjs.org/strip-bom/-/strip-bom-3.0.0.tgz. Extracting by manifest.
3822 silly tarball no local data for @babel/code-frame@https://registry.npmjs.org/@babel/code-frame/-/code-frame-7.27.1.tgz. Extracting by manifest.
3823 silly tarball no local data for @alloc/quick-lru@https://registry.npmjs.org/@alloc/quick-lru/-/quick-lru-5.2.0.tgz. Extracting by manifest.
3824 silly tarball no local data for @adobe/css-tools@https://registry.npmjs.org/@adobe/css-tools/-/css-tools-4.4.4.tgz. Extracting by manifest.
3825 silly tarball no local data for pify@https://registry.npmjs.org/pify/-/pify-4.0.1.tgz. Extracting by manifest.
3826 silly tarball no local data for is-obj@https://registry.npmjs.org/is-obj/-/is-obj-2.0.0.tgz. Extracting by manifest.
3827 silly tarball no local data for strip-json-comments@https://registry.npmjs.org/strip-json-comments/-/strip-json-comments-2.0.1.tgz. Extracting by manifest.
3828 silly tarball no local data for hosted-git-info@https://registry.npmjs.org/hosted-git-info/-/hosted-git-info-2.8.9.tgz. Extracting by manifest.
3829 silly tarball no local data for ini@https://registry.npmjs.org/ini/-/ini-2.0.0.tgz. Extracting by manifest.
3830 silly tarball no local data for type-fest@https://registry.npmjs.org/type-fest/-/type-fest-0.6.0.tgz. Extracting by manifest.
3831 silly tarball no local data for cookie@https://registry.npmjs.org/cookie/-/cookie-1.1.1.tgz. Extracting by manifest.
3832 silly tarball no local data for semver@https://registry.npmjs.org/semver/-/semver-5.7.2.tgz. Extracting by manifest.
3833 silly tarball no local data for json-buffer@https://registry.npmjs.org/json-buffer/-/json-buffer-3.0.0.tgz. Extracting by manifest.
3834 silly tarball no local data for normalize-package-data@https://registry.npmjs.org/normalize-package-data/-/normalize-package-data-2.5.0.tgz. Extracting by manifest.
3835 silly tarball no local data for lowercase-keys@https://registry.npmjs.org/lowercase-keys/-/lowercase-keys-2.0.0.tgz. Extracting by manifest.
3836 silly tarball no local data for get-stream@https://registry.npmjs.org/get-stream/-/get-stream-5.2.0.tgz. Extracting by manifest.
3837 silly tarball no local data for get-stream@https://registry.npmjs.org/get-stream/-/get-stream-4.1.0.tgz. Extracting by manifest.
3838 silly tarball no local data for type-fest@https://registry.npmjs.org/type-fest/-/type-fest-0.8.1.tgz. Extracting by manifest.
3839 silly tarball no local data for normalize-url@https://registry.npmjs.org/normalize-url/-/normalize-url-4.5.1.tgz. Extracting by manifest.
3840 silly tarball no local data for keyv@https://registry.npmjs.org/keyv/-/keyv-3.1.0.tgz. Extracting by manifest.
3841 silly tarball no local data for is-plain-obj@https://registry.npmjs.org/is-plain-obj/-/is-plain-obj-1.1.0.tgz. Extracting by manifest.
3842 silly tarball no local data for camelcase@https://registry.npmjs.org/camelcase/-/camelcase-5.3.1.tgz. Extracting by manifest.
3843 silly tarball no local data for lru-cache@https://registry.npmjs.org/lru-cache/-/lru-cache-6.0.0.tgz. Extracting by manifest.
3844 silly tarball no local data for yallist@https://registry.npmjs.org/yallist/-/yallist-4.0.0.tgz. Extracting by manifest.
3845 silly tarball no local data for map-obj@https://registry.npmjs.org/map-obj/-/map-obj-1.0.1.tgz. Extracting by manifest.
3846 silly tarball no local data for escape-string-regexp@https://registry.npmjs.org/escape-string-regexp/-/escape-string-regexp-1.0.5.tgz. Extracting by manifest.
3847 silly tarball no local data for which@https://registry.npmjs.org/which/-/which-1.3.1.tgz. Extracting by manifest.
3848 silly tarball no local data for tslib@https://registry.npmjs.org/tslib/-/tslib-1.14.1.tgz. Extracting by manifest.
3849 silly tarball no local data for iconv-lite@https://registry.npmjs.org/iconv-lite/-/iconv-lite-0.4.24.tgz. Extracting by manifest.
3850 silly tarball no local data for global-modules@https://registry.npmjs.org/global-modules/-/global-modules-1.0.0.tgz. Extracting by manifest.
3851 silly tarball no local data for entities@https://registry.npmjs.org/entities/-/entities-4.5.0.tgz. Extracting by manifest.
3852 silly tarball no local data for global-prefix@https://registry.npmjs.org/global-prefix/-/global-prefix-1.0.2.tgz. Extracting by manifest.
3853 silly tarball no local data for arrify@https://registry.npmjs.org/arrify/-/arrify-2.0.1.tgz. Extracting by manifest.
3854 silly tarball no local data for estree-walker@https://registry.npmjs.org/estree-walker/-/estree-walker-2.0.2.tgz. Extracting by manifest.
3855 silly tarball no local data for has-flag@https://registry.npmjs.org/has-flag/-/has-flag-3.0.0.tgz. Extracting by manifest.
3856 silly tarball no local data for magic-string@https://registry.npmjs.org/magic-string/-/magic-string-0.30.21.tgz. Extracting by manifest.
3857 silly tarball no local data for supports-color@https://registry.npmjs.org/supports-color/-/supports-color-5.5.0.tgz. Extracting by manifest.
3858 silly tarball no local data for estree-walker@https://registry.npmjs.org/estree-walker/-/estree-walker-2.0.2.tgz. Extracting by manifest.
3859 silly tarball no local data for color-name@https://registry.npmjs.org/color-name/-/color-name-1.1.3.tgz. Extracting by manifest.
3860 silly tarball no local data for color-convert@https://registry.npmjs.org/color-convert/-/color-convert-1.9.3.tgz. Extracting by manifest.
3861 silly tarball no local data for ansi-styles@https://registry.npmjs.org/ansi-styles/-/ansi-styles-3.2.1.tgz. Extracting by manifest.
3862 silly tarball no local data for semver@https://registry.npmjs.org/semver/-/semver-6.3.1.tgz. Extracting by manifest.
3863 silly tarball no local data for escape-string-regexp@https://registry.npmjs.org/escape-string-regexp/-/escape-string-regexp-1.0.5.tgz. Extracting by manifest.
3864 silly tarball no local data for chalk@https://registry.npmjs.org/chalk/-/chalk-2.4.2.tgz. Extracting by manifest.
3865 silly tarball no local data for js-yaml@https://registry.npmjs.org/js-yaml/-/js-yaml-4.1.1.tgz. Extracting by manifest.
3866 silly tarball no local data for js-tokens@https://registry.npmjs.org/js-tokens/-/js-tokens-3.0.2.tgz. Extracting by manifest.
3867 silly tarball no local data for argparse@https://registry.npmjs.org/argparse/-/argparse-2.0.1.tgz. Extracting by manifest.
3868 silly tarball no local data for semver@https://registry.npmjs.org/semver/-/semver-6.3.1.tgz. Extracting by manifest.
3869 silly tarball no local data for p-limit@https://registry.npmjs.org/p-limit/-/p-limit-3.1.0.tgz. Extracting by manifest.
3870 silly tarball no local data for locate-path@https://registry.npmjs.org/locate-path/-/locate-path-6.0.0.tgz. Extracting by manifest.
3871 silly tarball no local data for p-locate@https://registry.npmjs.org/p-locate/-/p-locate-5.0.0.tgz. Extracting by manifest.
3872 silly tarball no local data for find-up@https://registry.npmjs.org/find-up/-/find-up-5.0.0.tgz. Extracting by manifest.
3873 silly tarball no local data for brace-expansion@https://registry.npmjs.org/brace-expansion/-/brace-expansion-2.0.2.tgz. Extracting by manifest.
3874 silly tarball no local data for type-fest@https://registry.npmjs.org/type-fest/-/type-fest-0.18.1.tgz. Extracting by manifest.
3875 silly tarball no local data for minimatch@https://registry.npmjs.org/minimatch/-/minimatch-7.4.6.tgz. Extracting by manifest.
3876 silly tarball no local data for color-convert@https://registry.npmjs.org/color-convert/-/color-convert-1.9.3.tgz. Extracting by manifest.
3877 silly tarball no local data for ci-info@https://registry.npmjs.org/ci-info/-/ci-info-2.0.0.tgz. Extracting by manifest.
3878 silly tarball no local data for color-name@https://registry.npmjs.org/color-name/-/color-name-1.1.3.tgz. Extracting by manifest.
3879 silly tarball no local data for has-flag@https://registry.npmjs.org/has-flag/-/has-flag-3.0.0.tgz. Extracting by manifest.
3880 silly tarball no local data for supports-color@https://registry.npmjs.org/supports-color/-/supports-color-5.5.0.tgz. Extracting by manifest.
3881 silly tarball no local data for escape-string-regexp@https://registry.npmjs.org/escape-string-regexp/-/escape-string-regexp-1.0.5.tgz. Extracting by manifest.
3882 silly tarball no local data for ansi-styles@https://registry.npmjs.org/ansi-styles/-/ansi-styles-3.2.1.tgz. Extracting by manifest.
3883 silly tarball no local data for escape-string-regexp@https://registry.npmjs.org/escape-string-regexp/-/escape-string-regexp-1.0.5.tgz. Extracting by manifest.
3884 silly tarball no local data for escape-string-regexp@https://registry.npmjs.org/escape-string-regexp/-/escape-string-regexp-1.0.5.tgz. Extracting by manifest.
3885 silly tarball no local data for fs-extra@https://registry.npmjs.org/fs-extra/-/fs-extra-11.3.2.tgz. Extracting by manifest.
3886 silly tarball no local data for commander@https://registry.npmjs.org/commander/-/commander-13.1.0.tgz. Extracting by manifest.
3887 silly tarball no local data for p-limit@https://registry.npmjs.org/p-limit/-/p-limit-3.1.0.tgz. Extracting by manifest.
3888 silly tarball no local data for p-locate@https://registry.npmjs.org/p-locate/-/p-locate-5.0.0.tgz. Extracting by manifest.
3889 silly tarball no local data for find-up@https://registry.npmjs.org/find-up/-/find-up-5.0.0.tgz. Extracting by manifest.
3890 silly tarball no local data for chalk@https://registry.npmjs.org/chalk/-/chalk-2.4.2.tgz. Extracting by manifest.
3891 silly tarball no local data for whatwg-url@https://registry.npmjs.org/whatwg-url/-/whatwg-url-7.1.0.tgz. Extracting by manifest.
3892 silly tarball no local data for locate-path@https://registry.npmjs.org/locate-path/-/locate-path-6.0.0.tgz. Extracting by manifest.
3893 silly tarball no local data for pkg-dir@https://registry.npmjs.org/pkg-dir/-/pkg-dir-5.0.0.tgz. Extracting by manifest.
3894 silly tarball no local data for webpack-sources@https://registry.npmjs.org/webpack-sources/-/webpack-sources-1.4.3.tgz. Extracting by manifest.
3895 silly tarball no local data for source-map@https://registry.npmjs.org/source-map/-/source-map-0.6.1.tgz. Extracting by manifest.
3896 silly tarball no local data for webidl-conversions@https://registry.npmjs.org/webidl-conversions/-/webidl-conversions-4.0.2.tgz. Extracting by manifest.
3897 silly tarball no local data for fs-extra@https://registry.npmjs.org/fs-extra/-/fs-extra-9.1.0.tgz. Extracting by manifest.
3898 silly tarball no local data for iconv-lite@https://registry.npmjs.org/iconv-lite/-/iconv-lite-0.4.24.tgz. Extracting by manifest.
3899 silly tarball no local data for tr46@https://registry.npmjs.org/tr46/-/tr46-1.0.1.tgz. Extracting by manifest.
3900 silly tarball no local data for @apideck/better-ajv-errors@https://registry.npmjs.org/@apideck/better-ajv-errors/-/better-ajv-errors-0.3.6.tgz. Extracting by manifest.
3901 silly tarball no local data for ajv@https://registry.npmjs.org/ajv/-/ajv-8.17.1.tgz. Extracting by manifest.
3902 silly tarball no local data for json-schema-traverse@https://registry.npmjs.org/json-schema-traverse/-/json-schema-traverse-1.0.0.tgz. Extracting by manifest.
3903 silly tarball no local data for webpack-sources@https://registry.npmjs.org/webpack-sources/-/webpack-sources-2.3.1.tgz. Extracting by manifest.
3904 silly tarball no local data for source-map@https://registry.npmjs.org/source-map/-/source-map-0.8.0-beta.0.tgz. Extracting by manifest.
3905 silly tarball no local data for estraverse@https://registry.npmjs.org/estraverse/-/estraverse-4.3.0.tgz. Extracting by manifest.
3906 silly tarball no local data for ws@https://registry.npmjs.org/ws/-/ws-8.18.3.tgz. Extracting by manifest.
3907 silly tarball no local data for source-map@https://registry.npmjs.org/source-map/-/source-map-0.6.1.tgz. Extracting by manifest.
3908 silly tarball no local data for tslib@https://registry.npmjs.org/tslib/-/tslib-1.14.1.tgz. Extracting by manifest.
3909 silly tarball no local data for eslint-scope@https://registry.npmjs.org/eslint-scope/-/eslint-scope-5.1.1.tgz. Extracting by manifest.
3910 silly tarball no local data for convert-source-map@https://registry.npmjs.org/convert-source-map/-/convert-source-map-1.9.0.tgz. Extracting by manifest.
3911 silly tarball no local data for universalify@https://registry.npmjs.org/universalify/-/universalify-0.2.0.tgz. Extracting by manifest.
3912 silly tarball no local data for strip-bom@https://registry.npmjs.org/strip-bom/-/strip-bom-3.0.0.tgz. Extracting by manifest.
3913 silly tarball no local data for json5@https://registry.npmjs.org/json5/-/json5-1.0.2.tgz. Extracting by manifest.
3914 silly tarball no local data for commander@https://registry.npmjs.org/commander/-/commander-2.20.3.tgz. Extracting by manifest.
3915 silly tarball no local data for picomatch@https://registry.npmjs.org/picomatch/-/picomatch-4.0.3.tgz. Extracting by manifest.
3916 silly tarball no local data for fdir@https://registry.npmjs.org/fdir/-/fdir-6.5.0.tgz. Extracting by manifest.
3917 silly tarball no local data for type-fest@https://registry.npmjs.org/type-fest/-/type-fest-0.16.0.tgz. Extracting by manifest.
3918 silly tarball no local data for lilconfig@https://registry.npmjs.org/lilconfig/-/lilconfig-3.1.3.tgz. Extracting by manifest.
3919 silly tarball no local data for has-flag@https://registry.npmjs.org/has-flag/-/has-flag-3.0.0.tgz. Extracting by manifest.
3920 silly tarball no local data for supports-color@https://registry.npmjs.org/supports-color/-/supports-color-5.5.0.tgz. Extracting by manifest.
3921 silly tarball no local data for nth-check@https://registry.npmjs.org/nth-check/-/nth-check-1.0.2.tgz. Extracting by manifest.
3922 silly tarball no local data for postcss-load-config@https://registry.npmjs.org/postcss-load-config/-/postcss-load-config-6.0.1.tgz. Extracting by manifest.
3923 silly tarball no local data for domutils@https://registry.npmjs.org/domutils/-/domutils-1.7.0.tgz. Extracting by manifest.
3924 silly tarball no local data for dom-serializer@https://registry.npmjs.org/dom-serializer/-/dom-serializer-0.2.2.tgz. Extracting by manifest.
3925 silly tarball no local data for domelementtype@https://registry.npmjs.org/domelementtype/-/domelementtype-1.3.1.tgz. Extracting by manifest.
3926 silly tarball no local data for escape-string-regexp@https://registry.npmjs.org/escape-string-regexp/-/escape-string-regexp-1.0.5.tgz. Extracting by manifest.
3927 silly tarball no local data for css-select@https://registry.npmjs.org/css-select/-/css-select-2.1.0.tgz. Extracting by manifest.
3928 silly tarball no local data for css-what@https://registry.npmjs.org/css-what/-/css-what-3.4.2.tgz. Extracting by manifest.
3929 silly tarball no local data for color-name@https://registry.npmjs.org/color-name/-/color-name-1.1.3.tgz. Extracting by manifest.
3930 silly tarball no local data for color-convert@https://registry.npmjs.org/color-convert/-/color-convert-1.9.3.tgz. Extracting by manifest.
3931 silly tarball no local data for commander@https://registry.npmjs.org/commander/-/commander-4.1.1.tgz. Extracting by manifest.
3932 silly tarball no local data for type-check@https://registry.npmjs.org/type-check/-/type-check-0.3.2.tgz. Extracting by manifest.
3933 silly tarball no local data for chalk@https://registry.npmjs.org/chalk/-/chalk-2.4.2.tgz. Extracting by manifest.
3934 silly tarball no local data for ansi-styles@https://registry.npmjs.org/ansi-styles/-/ansi-styles-3.2.1.tgz. Extracting by manifest.
3935 silly tarball no local data for emoji-regex@https://registry.npmjs.org/emoji-regex/-/emoji-regex-8.0.0.tgz. Extracting by manifest.
3936 silly tarball no local data for escape-string-regexp@https://registry.npmjs.org/escape-string-regexp/-/escape-string-regexp-2.0.0.tgz. Extracting by manifest.
3937 silly tarball no local data for source-map@https://registry.npmjs.org/source-map/-/source-map-0.6.1.tgz. Extracting by manifest.
3938 silly tarball no local data for optionator@https://registry.npmjs.org/optionator/-/optionator-0.8.3.tgz. Extracting by manifest.
3939 silly tarball no local data for encodeurl@https://registry.npmjs.org/encodeurl/-/encodeurl-1.0.2.tgz. Extracting by manifest.
3940 silly tarball no local data for prelude-ls@https://registry.npmjs.org/prelude-ls/-/prelude-ls-1.1.2.tgz. Extracting by manifest.
3941 silly tarball no local data for levn@https://registry.npmjs.org/levn/-/levn-0.3.0.tgz. Extracting by manifest.
3942 silly tarball no local data for estraverse@https://registry.npmjs.org/estraverse/-/estraverse-4.3.0.tgz. Extracting by manifest.
3943 silly tarball no local data for source-map@https://registry.npmjs.org/source-map/-/source-map-0.6.1.tgz. Extracting by manifest.
3944 silly tarball no local data for escodegen@https://registry.npmjs.org/escodegen/-/escodegen-1.14.3.tgz. Extracting by manifest.
3945 silly tarball no local data for statuses@https://registry.npmjs.org/statuses/-/statuses-2.0.1.tgz. Extracting by manifest.
3946 silly tarball no local data for send@https://registry.npmjs.org/send/-/send-0.19.0.tgz. Extracting by manifest.
3947 silly tarball no local data for debug@https://registry.npmjs.org/debug/-/debug-2.6.9.tgz. Extracting by manifest.
3948 silly tarball no local data for http-errors@https://registry.npmjs.org/http-errors/-/http-errors-2.0.0.tgz. Extracting by manifest.
3949 silly tarball no local data for setprototypeof@https://registry.npmjs.org/setprototypeof/-/setprototypeof-1.1.0.tgz. Extracting by manifest.
3950 silly tarball no local data for ms@https://registry.npmjs.org/ms/-/ms-2.0.0.tgz. Extracting by manifest.
3951 silly tarball no local data for statuses@https://registry.npmjs.org/statuses/-/statuses-1.5.0.tgz. Extracting by manifest.
3952 silly tarball no local data for ms@https://registry.npmjs.org/ms/-/ms-2.0.0.tgz. Extracting by manifest.
3953 silly tarball no local data for statuses@https://registry.npmjs.org/statuses/-/statuses-2.0.1.tgz. Extracting by manifest.
3954 silly tarball no local data for http-errors@https://registry.npmjs.org/http-errors/-/http-errors-1.6.3.tgz. Extracting by manifest.
3955 silly tarball no local data for json-schema-traverse@https://registry.npmjs.org/json-schema-traverse/-/json-schema-traverse-1.0.0.tgz. Extracting by manifest.
3956 silly tarball no local data for depd@https://registry.npmjs.org/depd/-/depd-1.1.2.tgz. Extracting by manifest.
3957 silly tarball no local data for debug@https://registry.npmjs.org/debug/-/debug-2.6.9.tgz. Extracting by manifest.
3958 silly tarball no local data for ajv-keywords@https://registry.npmjs.org/ajv-keywords/-/ajv-keywords-5.1.0.tgz. Extracting by manifest.
3959 silly tarball no local data for inherits@https://registry.npmjs.org/inherits/-/inherits-2.0.3.tgz. Extracting by manifest.
3960 silly tarball no local data for http-errors@https://registry.npmjs.org/http-errors/-/http-errors-2.0.0.tgz. Extracting by manifest.
3961 silly tarball no local data for debug@https://registry.npmjs.org/debug/-/debug-2.6.9.tgz. Extracting by manifest.
3962 silly tarball no local data for ms@https://registry.npmjs.org/ms/-/ms-2.0.0.tgz. Extracting by manifest.
3963 silly tarball no local data for ajv@https://registry.npmjs.org/ajv/-/ajv-8.17.1.tgz. Extracting by manifest.
3964 silly tarball no local data for source-map@https://registry.npmjs.org/source-map/-/source-map-0.6.1.tgz. Extracting by manifest.
3965 silly tarball no local data for postcss@https://registry.npmjs.org/postcss/-/postcss-7.0.39.tgz. Extracting by manifest.
3966 silly tarball no local data for picocolors@https://registry.npmjs.org/picocolors/-/picocolors-0.2.1.tgz. Extracting by manifest.
3967 silly tarball no local data for serialize-javascript@https://registry.npmjs.org/serialize-javascript/-/serialize-javascript-4.0.0.tgz. Extracting by manifest.
3968 silly tarball no local data for jest-worker@https://registry.npmjs.org/jest-worker/-/jest-worker-26.6.2.tgz. Extracting by manifest.
3969 silly tarball no local data for convert-source-map@https://registry.npmjs.org/convert-source-map/-/convert-source-map-1.9.0.tgz. Extracting by manifest.
3970 silly tarball no local data for p-limit@https://registry.npmjs.org/p-limit/-/p-limit-3.1.0.tgz. Extracting by manifest.
3971 silly tarball no local data for p-locate@https://registry.npmjs.org/p-locate/-/p-locate-5.0.0.tgz. Extracting by manifest.
3972 silly tarball no local data for locate-path@https://registry.npmjs.org/locate-path/-/locate-path-6.0.0.tgz. Extracting by manifest.
3973 silly tarball no local data for iconv-lite@https://registry.npmjs.org/iconv-lite/-/iconv-lite-0.4.24.tgz. Extracting by manifest.
3974 silly tarball no local data for find-up@https://registry.npmjs.org/find-up/-/find-up-5.0.0.tgz. Extracting by manifest.
3975 silly tarball no local data for react-is@https://registry.npmjs.org/react-is/-/react-is-16.13.1.tgz. Extracting by manifest.
3976 silly tarball no local data for loader-utils@https://registry.npmjs.org/loader-utils/-/loader-utils-3.3.1.tgz. Extracting by manifest.
3977 silly tarball no local data for svgo@https://registry.npmjs.org/svgo/-/svgo-2.8.0.tgz. Extracting by manifest.
3978 silly tarball no local data for mdn-data@https://registry.npmjs.org/mdn-data/-/mdn-data-2.0.14.tgz. Extracting by manifest.
3979 silly tarball no local data for commander@https://registry.npmjs.org/commander/-/commander-7.2.0.tgz. Extracting by manifest.
3980 silly tarball no local data for ipaddr.js@https://registry.npmjs.org/ipaddr.js/-/ipaddr.js-1.9.1.tgz. Extracting by manifest.
3981 silly tarball no local data for css-tree@https://registry.npmjs.org/css-tree/-/css-tree-1.1.3.tgz. Extracting by manifest.
3982 silly tarball no local data for postcss-selector-parser@https://registry.npmjs.org/postcss-selector-parser/-/postcss-selector-parser-7.1.1.tgz. Extracting by manifest.
3983 silly tarball no local data for ansi-styles@https://registry.npmjs.org/ansi-styles/-/ansi-styles-5.2.0.tgz. Extracting by manifest.
3984 silly tarball no local data for postcss-selector-parser@https://registry.npmjs.org/postcss-selector-parser/-/postcss-selector-parser-7.1.1.tgz. Extracting by manifest.
3985 silly tarball no local data for source-map@https://registry.npmjs.org/source-map/-/source-map-0.6.1.tgz. Extracting by manifest.
3986 silly tarball no local data for path-exists@https://registry.npmjs.org/path-exists/-/path-exists-3.0.0.tgz. Extracting by manifest.
3987 silly tarball no local data for p-locate@https://registry.npmjs.org/p-locate/-/p-locate-3.0.0.tgz. Extracting by manifest.
3988 silly tarball no local data for semver@https://registry.npmjs.org/semver/-/semver-6.3.1.tgz. Extracting by manifest.
3989 silly tarball no local data for supports-color@https://registry.npmjs.org/supports-color/-/supports-color-8.1.1.tgz. Extracting by manifest.
3990 silly tarball no local data for esprima@https://registry.npmjs.org/esprima/-/esprima-1.2.2.tgz. Extracting by manifest.
3991 silly tarball no local data for find-up@https://registry.npmjs.org/find-up/-/find-up-3.0.0.tgz. Extracting by manifest.
3992 silly tarball no local data for locate-path@https://registry.npmjs.org/locate-path/-/locate-path-3.0.0.tgz. Extracting by manifest.
3993 silly tarball no local data for char-regex@https://registry.npmjs.org/char-regex/-/char-regex-2.0.2.tgz. Extracting by manifest.
3994 silly tarball no local data for strip-ansi@https://registry.npmjs.org/strip-ansi/-/strip-ansi-7.1.2.tgz. Extracting by manifest.
3995 silly tarball no local data for ansi-regex@https://registry.npmjs.org/ansi-regex/-/ansi-regex-6.2.2.tgz. Extracting by manifest.
3996 silly tarball no local data for string-length@https://registry.npmjs.org/string-length/-/string-length-5.0.1.tgz. Extracting by manifest.
3997 silly tarball no local data for slash@https://registry.npmjs.org/slash/-/slash-4.0.0.tgz. Extracting by manifest.
3998 silly tarball no local data for react-is@https://registry.npmjs.org/react-is/-/react-is-18.3.1.tgz. Extracting by manifest.
3999 silly tarball no local data for jest-watcher@https://registry.npmjs.org/jest-watcher/-/jest-watcher-28.1.3.tgz. Extracting by manifest.
4000 silly tarball no local data for string-length@https://registry.npmjs.org/string-length/-/string-length-4.0.2.tgz. Extracting by manifest.
4001 silly tarball no local data for strip-ansi@https://registry.npmjs.org/strip-ansi/-/strip-ansi-6.0.1.tgz. Extracting by manifest.
4002 silly tarball no local data for pretty-format@https://registry.npmjs.org/pretty-format/-/pretty-format-28.1.3.tgz. Extracting by manifest.
4003 silly tarball no local data for jest-util@https://registry.npmjs.org/jest-util/-/jest-util-28.1.3.tgz. Extracting by manifest.
4004 silly tarball no local data for jest-message-util@https://registry.npmjs.org/jest-message-util/-/jest-message-util-28.1.3.tgz. Extracting by manifest.
4005 silly tarball no local data for emittery@https://registry.npmjs.org/emittery/-/emittery-0.10.2.tgz. Extracting by manifest.
4006 silly tarball no local data for slash@https://registry.npmjs.org/slash/-/slash-3.0.0.tgz. Extracting by manifest.
4007 silly tarball no local data for ansi-styles@https://registry.npmjs.org/ansi-styles/-/ansi-styles-5.2.0.tgz. Extracting by manifest.
4008 silly tarball no local data for @types/yargs@https://registry.npmjs.org/@types/yargs/-/yargs-17.0.35.tgz. Extracting by manifest.
4009 silly tarball no local data for slash@https://registry.npmjs.org/slash/-/slash-3.0.0.tgz. Extracting by manifest.
4010 silly tarball no local data for jest-regex-util@https://registry.npmjs.org/jest-regex-util/-/jest-regex-util-28.0.2.tgz. Extracting by manifest.
4011 silly tarball no local data for source-map@https://registry.npmjs.org/source-map/-/source-map-0.6.1.tgz. Extracting by manifest.
4012 silly tarball no local data for @jest/test-result@https://registry.npmjs.org/@jest/test-result/-/test-result-28.1.3.tgz. Extracting by manifest.
4013 silly tarball no local data for @jest/types@https://registry.npmjs.org/@jest/types/-/types-28.1.3.tgz. Extracting by manifest.
4014 silly tarball no local data for semver@https://registry.npmjs.org/semver/-/semver-6.3.1.tgz. Extracting by manifest.
4015 silly tarball no local data for resolve-from@https://registry.npmjs.org/resolve-from/-/resolve-from-4.0.0.tgz. Extracting by manifest.
4016 silly tarball no local data for make-dir@https://registry.npmjs.org/make-dir/-/make-dir-4.0.0.tgz. Extracting by manifest.
4017 silly tarball no local data for @jest/console@https://registry.npmjs.org/@jest/console/-/console-28.1.3.tgz. Extracting by manifest.
4018 silly tarball no local data for tapable@https://registry.npmjs.org/tapable/-/tapable-1.1.3.tgz. Extracting by manifest.
4019 silly tarball no local data for safe-buffer@https://registry.npmjs.org/safe-buffer/-/safe-buffer-5.1.2.tgz. Extracting by manifest.
4020 silly tarball no local data for readable-stream@https://registry.npmjs.org/readable-stream/-/readable-stream-2.3.8.tgz. Extracting by manifest.
4021 silly tarball no local data for string_decoder@https://registry.npmjs.org/string_decoder/-/string_decoder-1.1.1.tgz. Extracting by manifest.
4022 silly tarball no local data for which@https://registry.npmjs.org/which/-/which-1.3.1.tgz. Extracting by manifest.
4023 silly tarball no local data for isarray@https://registry.npmjs.org/isarray/-/isarray-1.0.0.tgz. Extracting by manifest.
4024 silly tarball no local data for ms@https://registry.npmjs.org/ms/-/ms-2.0.0.tgz. Extracting by manifest.
4025 silly tarball no local data for schema-utils@https://registry.npmjs.org/schema-utils/-/schema-utils-2.7.0.tgz. Extracting by manifest.
4026 silly tarball no local data for debug@https://registry.npmjs.org/debug/-/debug-2.6.9.tgz. Extracting by manifest.
4027 silly tarball no local data for fs-extra@https://registry.npmjs.org/fs-extra/-/fs-extra-9.1.0.tgz. Extracting by manifest.
4028 silly tarball no local data for schema-utils@https://registry.npmjs.org/schema-utils/-/schema-utils-3.3.0.tgz. Extracting by manifest.
4029 silly tarball no local data for brace-expansion@https://registry.npmjs.org/brace-expansion/-/brace-expansion-2.0.2.tgz. Extracting by manifest.
4030 silly tarball no local data for minimatch@https://registry.npmjs.org/minimatch/-/minimatch-5.1.6.tgz. Extracting by manifest.
4031 silly tarball no local data for debug@https://registry.npmjs.org/debug/-/debug-2.6.9.tgz. Extracting by manifest.
4032 silly tarball no local data for glob-parent@https://registry.npmjs.org/glob-parent/-/glob-parent-5.1.2.tgz. Extracting by manifest.
4033 silly tarball no local data for cosmiconfig@https://registry.npmjs.org/cosmiconfig/-/cosmiconfig-6.0.0.tgz. Extracting by manifest.
4034 silly tarball no local data for ms@https://registry.npmjs.org/ms/-/ms-2.0.0.tgz. Extracting by manifest.
4035 silly tarball no local data for supports-color@https://registry.npmjs.org/supports-color/-/supports-color-8.1.1.tgz. Extracting by manifest.
4036 silly tarball no local data for jest-worker@https://registry.npmjs.org/jest-worker/-/jest-worker-28.1.3.tgz. Extracting by manifest.
4037 silly tarball no local data for resolve@https://registry.npmjs.org/resolve/-/resolve-2.0.0-next.5.tgz. Extracting by manifest.
4038 silly tarball no local data for debug@https://registry.npmjs.org/debug/-/debug-3.2.7.tgz. Extracting by manifest.
4039 silly tarball no local data for semver@https://registry.npmjs.org/semver/-/semver-6.3.1.tgz. Extracting by manifest.
4040 silly tarball no local data for doctrine@https://registry.npmjs.org/doctrine/-/doctrine-2.1.0.tgz. Extracting by manifest.
4041 silly tarball no local data for doctrine@https://registry.npmjs.org/doctrine/-/doctrine-2.1.0.tgz. Extracting by manifest.
4042 silly tarball no local data for debug@https://registry.npmjs.org/debug/-/debug-3.2.7.tgz. Extracting by manifest.
4043 silly tarball no local data for debug@https://registry.npmjs.org/debug/-/debug-3.2.7.tgz. Extracting by manifest.
4044 silly tarball no local data for semver@https://registry.npmjs.org/semver/-/semver-6.3.1.tgz. Extracting by manifest.
4045 silly tarball no local data for p-limit@https://registry.npmjs.org/p-limit/-/p-limit-3.1.0.tgz. Extracting by manifest.
4046 silly tarball no local data for p-locate@https://registry.npmjs.org/p-locate/-/p-locate-5.0.0.tgz. Extracting by manifest.
4047 silly tarball no local data for find-up@https://registry.npmjs.org/find-up/-/find-up-5.0.0.tgz. Extracting by manifest.
4048 silly tarball no local data for js-yaml@https://registry.npmjs.org/js-yaml/-/js-yaml-4.1.1.tgz. Extracting by manifest.
4049 silly tarball no local data for locate-path@https://registry.npmjs.org/locate-path/-/locate-path-6.0.0.tgz. Extracting by manifest.
4050 silly tarball no local data for source-map@https://registry.npmjs.org/source-map/-/source-map-0.6.1.tgz. Extracting by manifest.
4051 silly tarball no local data for argparse@https://registry.npmjs.org/argparse/-/argparse-2.0.1.tgz. Extracting by manifest.
4052 silly tarball no local data for webidl-conversions@https://registry.npmjs.org/webidl-conversions/-/webidl-conversions-5.0.0.tgz. Extracting by manifest.
4053 silly tarball no local data for cssom@https://registry.npmjs.org/cssom/-/cssom-0.3.8.tgz. Extracting by manifest.
4054 silly tarball no local data for ms@https://registry.npmjs.org/ms/-/ms-2.0.0.tgz. Extracting by manifest.
4055 silly tarball no local data for debug@https://registry.npmjs.org/debug/-/debug-2.6.9.tgz. Extracting by manifest.
4056 silly tarball no local data for mdn-data@https://registry.npmjs.org/mdn-data/-/mdn-data-2.0.14.tgz. Extracting by manifest.
4057 silly tarball no local data for source-map@https://registry.npmjs.org/source-map/-/source-map-0.6.1.tgz. Extracting by manifest.
4058 silly tarball no local data for source-map@https://registry.npmjs.org/source-map/-/source-map-0.6.1.tgz. Extracting by manifest.
4059 silly tarball no local data for source-map@https://registry.npmjs.org/source-map/-/source-map-0.6.1.tgz. Extracting by manifest.
4060 silly tarball no local data for debug@https://registry.npmjs.org/debug/-/debug-2.6.9.tgz. Extracting by manifest.
4061 silly tarball no local data for css-tree@https://registry.npmjs.org/css-tree/-/css-tree-1.1.3.tgz. Extracting by manifest.
4062 silly tarball no local data for supports-color@https://registry.npmjs.org/supports-color/-/supports-color-5.5.0.tgz. Extracting by manifest.
4063 silly tarball no local data for ms@https://registry.npmjs.org/ms/-/ms-2.0.0.tgz. Extracting by manifest.
4064 silly tarball no local data for escape-string-regexp@https://registry.npmjs.org/escape-string-regexp/-/escape-string-regexp-1.0.5.tgz. Extracting by manifest.
4065 silly tarball no local data for color-convert@https://registry.npmjs.org/color-convert/-/color-convert-1.9.3.tgz. Extracting by manifest.
4066 silly tarball no local data for has-flag@https://registry.npmjs.org/has-flag/-/has-flag-3.0.0.tgz. Extracting by manifest.
4067 silly tarball no local data for source-map@https://registry.npmjs.org/source-map/-/source-map-0.6.1.tgz. Extracting by manifest.
4068 silly tarball no local data for glob-parent@https://registry.npmjs.org/glob-parent/-/glob-parent-5.1.2.tgz. Extracting by manifest.
4069 silly tarball no local data for color-name@https://registry.npmjs.org/color-name/-/color-name-1.1.3.tgz. Extracting by manifest.
4070 silly tarball no local data for ansi-styles@https://registry.npmjs.org/ansi-styles/-/ansi-styles-3.2.1.tgz. Extracting by manifest.
4071 silly tarball no local data for chalk@https://registry.npmjs.org/chalk/-/chalk-2.4.2.tgz. Extracting by manifest.
4072 silly tarball no local data for semver@https://registry.npmjs.org/semver/-/semver-6.3.1.tgz. Extracting by manifest.
4073 silly tarball no local data for @babel/plugin-proposal-private-property-in-object@https://registry.npmjs.org/@babel/plugin-proposal-private-property-in-object/-/plugin-proposal-private-property-in-object-7.21.11.tgz. Extracting by manifest.
4074 silly tarball no local data for ms@https://registry.npmjs.org/ms/-/ms-2.0.0.tgz. Extracting by manifest.
4075 silly tarball no local data for iconv-lite@https://registry.npmjs.org/iconv-lite/-/iconv-lite-0.4.24.tgz. Extracting by manifest.
4076 silly tarball no local data for debug@https://registry.npmjs.org/debug/-/debug-2.6.9.tgz. Extracting by manifest.
4077 silly tarball no local data for type-fest@https://registry.npmjs.org/type-fest/-/type-fest-0.21.3.tgz. Extracting by manifest.
4078 silly tarball no local data for schema-utils@https://registry.npmjs.org/schema-utils/-/schema-utils-2.7.1.tgz. Extracting by manifest.
4079 silly tarball no local data for json-schema-traverse@https://registry.npmjs.org/json-schema-traverse/-/json-schema-traverse-1.0.0.tgz. Extracting by manifest.
4080 silly tarball no local data for ajv@https://registry.npmjs.org/ajv/-/ajv-8.17.1.tgz. Extracting by manifest.
4081 silly tarball no local data for negotiator@https://registry.npmjs.org/negotiator/-/negotiator-0.6.3.tgz. Extracting by manifest.
4082 silly tarball no local data for estraverse@https://registry.npmjs.org/estraverse/-/estraverse-4.3.0.tgz. Extracting by manifest.
4083 silly tarball no local data for @types/send@https://registry.npmjs.org/@types/send/-/send-0.17.6.tgz. Extracting by manifest.
4084 silly tarball no local data for estraverse@https://registry.npmjs.org/estraverse/-/estraverse-4.3.0.tgz. Extracting by manifest.
4085 silly tarball no local data for aria-query@https://registry.npmjs.org/aria-query/-/aria-query-5.3.0.tgz. Extracting by manifest.
4086 silly tarball no local data for acorn@https://registry.npmjs.org/acorn/-/acorn-7.4.1.tgz. Extracting by manifest.
4087 silly tarball no local data for eslint-scope@https://registry.npmjs.org/eslint-scope/-/eslint-scope-5.1.1.tgz. Extracting by manifest.
4088 silly tarball no local data for @types/express-serve-static-core@https://registry.npmjs.org/@types/express-serve-static-core/-/express-serve-static-core-4.19.7.tgz. Extracting by manifest.
4089 silly tarball no local data for dom-accessibility-api@https://registry.npmjs.org/dom-accessibility-api/-/dom-accessibility-api-0.6.3.tgz. Extracting by manifest.
4090 silly tarball no local data for @types/estree@https://registry.npmjs.org/@types/estree/-/estree-0.0.39.tgz. Extracting by manifest.
4091 silly tarball no local data for convert-source-map@https://registry.npmjs.org/convert-source-map/-/convert-source-map-1.9.0.tgz. Extracting by manifest.
4092 silly tarball no local data for source-map@https://registry.npmjs.org/source-map/-/source-map-0.6.1.tgz. Extracting by manifest.
4093 silly tarball no local data for source-map@https://registry.npmjs.org/source-map/-/source-map-0.6.1.tgz. Extracting by manifest.
4094 silly tarball no local data for eslint-scope@https://registry.npmjs.org/eslint-scope/-/eslint-scope-5.1.1.tgz. Extracting by manifest.
4095 silly tarball no local data for camelcase@https://registry.npmjs.org/camelcase/-/camelcase-5.3.1.tgz. Extracting by manifest.
4096 silly tarball no local data for js-yaml@https://registry.npmjs.org/js-yaml/-/js-yaml-4.1.1.tgz. Extracting by manifest.
4097 silly tarball no local data for source-map@https://registry.npmjs.org/source-map/-/source-map-0.6.1.tgz. Extracting by manifest.
4098 silly tarball no local data for argparse@https://registry.npmjs.org/argparse/-/argparse-2.0.1.tgz. Extracting by manifest.
4099 silly tarball no local data for semver@https://registry.npmjs.org/semver/-/semver-6.3.1.tgz. Extracting by manifest.
4100 silly tarball no local data for semver@https://registry.npmjs.org/semver/-/semver-6.3.1.tgz. Extracting by manifest.
4101 silly tarball no local data for semver@https://registry.npmjs.org/semver/-/semver-6.3.1.tgz. Extracting by manifest.
4102 silly tarball no local data for semver@https://registry.npmjs.org/semver/-/semver-6.3.1.tgz. Extracting by manifest.
4103 silly tarball no local data for semver@https://registry.npmjs.org/semver/-/semver-6.3.1.tgz. Extracting by manifest.
4104 silly tarball no local data for eslint-visitor-keys@https://registry.npmjs.org/eslint-visitor-keys/-/eslint-visitor-keys-2.1.0.tgz. Extracting by manifest.
4105 silly tarball no local data for semver@https://registry.npmjs.org/semver/-/semver-6.3.1.tgz. Extracting by manifest.
4106 silly tarball no local data for semver@https://registry.npmjs.org/semver/-/semver-6.3.1.tgz. Extracting by manifest.
4107 http fetch POST 200 https://registry.npmjs.org/-/npm/v1/security/advisories/bulk 2375ms
4108 silly audit report {
4108 silly audit report   'nth-check': [
4108 silly audit report     {
4108 silly audit report       id: 1095141,
4108 silly audit report       url: 'https://github.com/advisories/GHSA-rp65-9cf3-cjxr',
4108 silly audit report       title: 'Inefficient Regular Expression Complexity in nth-check',
4108 silly audit report       severity: 'high',
4108 silly audit report       vulnerable_versions: '<2.0.1',
4108 silly audit report       cwe: [Array],
4108 silly audit report       cvss: [Object]
4108 silly audit report     }
4108 silly audit report   ],
4108 silly audit report   postcss: [
4108 silly audit report     {
4108 silly audit report       id: 1109574,
4108 silly audit report       url: 'https://github.com/advisories/GHSA-7fh5-64p2-3v2j',
4108 silly audit report       title: 'PostCSS line return parsing error',
4108 silly audit report       severity: 'moderate',
4108 silly audit report       vulnerable_versions: '<8.4.31',
4108 silly audit report       cwe: [Array],
4108 silly audit report       cvss: [Object]
4108 silly audit report     }
4108 silly audit report   ],
4108 silly audit report   'webpack-dev-server': [
4108 silly audit report     {
4108 silly audit report       id: 1108429,
4108 silly audit report       url: 'https://github.com/advisories/GHSA-9jgg-88mc-972h',
4108 silly audit report       title: "webpack-dev-server users' source code may be stolen when they access a malicious web site with non-Chromium based browser",
4108 silly audit report       severity: 'moderate',
4108 silly audit report       vulnerable_versions: '<=5.2.0',
4108 silly audit report       cwe: [Array],
4108 silly audit report       cvss: [Object]
4108 silly audit report     },
4108 silly audit report     {
4108 silly audit report       id: 1108430,
4108 silly audit report       url: 'https://github.com/advisories/GHSA-4v9v-hfq4-rm2v',
4108 silly audit report       title: "webpack-dev-server users' source code may be stolen when they access a malicious web site",
4108 silly audit report       severity: 'moderate',
4108 silly audit report       vulnerable_versions: '<=5.2.0',
4108 silly audit report       cwe: [Array],
4108 silly audit report       cvss: [Object]
4108 silly audit report     }
4108 silly audit report   ],
4108 silly audit report   tmp: [
4108 silly audit report     {
4108 silly audit report       id: 1109537,
4108 silly audit report       url: 'https://github.com/advisories/GHSA-52f5-9888-hmc6',
4108 silly audit report       title: 'tmp allows arbitrary temporary file / directory write via symbolic link `dir` parameter',
4108 silly audit report       severity: 'low',
4108 silly audit report       vulnerable_versions: '<=0.2.3',
4108 silly audit report       cwe: [Array],
4108 silly audit report       cvss: [Object]
4108 silly audit report     }
4108 silly audit report   ],
4108 silly audit report   got: [
4108 silly audit report     {
4108 silly audit report       id: 1088948,
4108 silly audit report       url: 'https://github.com/advisories/GHSA-pfrx-2q88-qq97',
4108 silly audit report       title: 'Got allows a redirect to a UNIX socket',
4108 silly audit report       severity: 'moderate',
4108 silly audit report       vulnerable_versions: '<11.8.5',
4108 silly audit report       cwe: [],
4108 silly audit report       cvss: [Object]
4108 silly audit report     }
4108 silly audit report   ]
4108 silly audit report }
4109 silly packumentCache corgi:https://registry.npmjs.org/nth-check cache-miss
4110 silly packumentCache corgi:https://registry.npmjs.org/postcss cache-miss
4111 silly packumentCache corgi:https://registry.npmjs.org/webpack-dev-server cache-miss
4112 silly packumentCache corgi:https://registry.npmjs.org/tmp cache-miss
4113 silly packumentCache corgi:https://registry.npmjs.org/got cache-miss
4114 http fetch GET 200 https://registry.npmjs.org/widest-line/-/widest-line-3.1.0.tgz 1865ms (cache miss)
4115 http fetch GET 200 https://registry.npmjs.org/pump/-/pump-3.0.3.tgz 1878ms (cache miss)
4116 http fetch GET 200 https://registry.npmjs.org/spdx-license-ids/-/spdx-license-ids-3.0.22.tgz 1889ms (cache miss)
4117 http fetch GET 200 https://registry.npmjs.org/dot-prop/-/dot-prop-5.3.0.tgz 1890ms (cache miss)
4118 http fetch GET 200 https://registry.npmjs.org/end-of-stream/-/end-of-stream-1.4.5.tgz 1898ms (cache miss)
4119 http fetch GET 200 https://registry.npmjs.org/spdx-correct/-/spdx-correct-3.2.0.tgz 1894ms (cache miss)
4120 http fetch GET 200 https://registry.npmjs.org/spdx-exceptions/-/spdx-exceptions-2.5.0.tgz 1904ms (cache miss)
4121 http fetch GET 200 https://registry.npmjs.org/global-dirs/-/global-dirs-3.0.1.tgz 1918ms (cache miss)
4122 http fetch GET 200 https://registry.npmjs.org/escape-goat/-/escape-goat-2.1.1.tgz 1921ms (cache miss)
4123 http fetch GET 200 https://registry.npmjs.org/is-windows/-/is-windows-1.0.2.tgz 1965ms (cache miss)
4124 http fetch GET 200 https://registry.npmjs.org/load-yaml-file/-/load-yaml-file-0.2.0.tgz 1975ms (cache miss)
4125 http fetch GET 200 https://registry.npmjs.org/xdg-basedir/-/xdg-basedir-4.0.0.tgz 1969ms (cache miss)
4126 http fetch GET 200 https://registry.npmjs.org/prepend-http/-/prepend-http-2.0.0.tgz 1973ms (cache miss)
4127 http fetch GET 200 https://registry.npmjs.org/defaults/-/defaults-1.0.4.tgz 1991ms (cache miss)
4128 http fetch GET 200 https://registry.npmjs.org/is-yarn-global/-/is-yarn-global-0.3.0.tgz 1993ms (cache miss)
4129 http fetch GET 200 https://registry.npmjs.org/pupa/-/pupa-2.1.1.tgz 1994ms (cache miss)
4130 http fetch GET 200 https://registry.npmjs.org/is-installed-globally/-/is-installed-globally-0.4.0.tgz 1993ms (cache miss)
4131 http fetch GET 200 https://registry.npmjs.org/cli-boxes/-/cli-boxes-2.2.1.tgz 1999ms (cache miss)
4132 http fetch GET 200 https://registry.npmjs.org/boxen/-/boxen-5.1.2.tgz 1995ms (cache miss)
4133 http fetch GET 200 https://registry.npmjs.org/import-lazy/-/import-lazy-2.1.0.tgz 1997ms (cache miss)
4134 http fetch GET 200 https://registry.npmjs.org/latest-version/-/latest-version-5.1.0.tgz 2002ms (cache miss)
4135 http fetch GET 200 https://registry.npmjs.org/is-npm/-/is-npm-5.0.0.tgz 2007ms (cache miss)
4136 http fetch GET 200 https://registry.npmjs.org/configstore/-/configstore-5.0.1.tgz 2105ms (cache miss)
4137 http fetch GET 200 https://registry.npmjs.org/has-yarn/-/has-yarn-2.1.0.tgz 2113ms (cache miss)
4138 http fetch GET 200 https://registry.npmjs.org/expand-tilde/-/expand-tilde-2.0.2.tgz 2110ms (cache miss)
4139 http fetch GET 200 https://registry.npmjs.org/@types/normalize-package-data/-/normalize-package-data-2.4.4.tgz 2123ms (cache miss)
4140 http fetch GET 200 https://registry.npmjs.org/ansi-align/-/ansi-align-3.0.1.tgz 2148ms (cache miss)
4141 http fetch GET 200 https://registry.npmjs.org/os-tmpdir/-/os-tmpdir-1.0.2.tgz 2189ms (cache miss)
4142 http fetch GET 200 https://registry.npmjs.org/rc/-/rc-1.2.8.tgz 2209ms (cache miss)
4143 http fetch GET 200 https://registry.npmjs.org/clone/-/clone-1.0.4.tgz 2226ms (cache miss)
4144 http fetch GET 200 https://registry.npmjs.org/set-cookie-parser/-/set-cookie-parser-2.7.2.tgz 2210ms (cache miss)
4145 http fetch GET 200 https://registry.npmjs.org/parse-passwd/-/parse-passwd-1.0.0.tgz 2233ms (cache miss)
4146 http fetch GET 200 https://registry.npmjs.org/homedir-polyfill/-/homedir-polyfill-1.0.3.tgz 2234ms (cache miss)
4147 http fetch GET 200 https://registry.npmjs.org/read-pkg/-/read-pkg-5.2.0.tgz 2242ms (cache miss)
4148 http fetch GET 200 https://registry.npmjs.org/deep-extend/-/deep-extend-0.6.0.tgz 2356ms (cache miss)
4149 http fetch GET 200 https://registry.npmjs.org/clone-response/-/clone-response-1.0.3.tgz 2495ms (cache miss)
4150 http fetch GET 200 https://registry.npmjs.org/url-parse-lax/-/url-parse-lax-3.0.0.tgz 2532ms (cache miss)
4151 http fetch GET 200 https://registry.npmjs.org/spdx-expression-parse/-/spdx-expression-parse-3.0.1.tgz 2557ms (cache miss)
4152 http fetch GET 200 https://registry.npmjs.org/mimic-response/-/mimic-response-1.0.1.tgz 2553ms (cache miss)
4153 http fetch GET 200 https://registry.npmjs.org/lowercase-keys/-/lowercase-keys-1.0.1.tgz 2589ms (cache miss)
4154 http fetch GET 200 https://registry.npmjs.org/@szmarczak/http-timer/-/http-timer-1.1.2.tgz 2614ms (cache miss)
4155 http fetch GET 200 https://registry.npmjs.org/registry-url/-/registry-url-5.1.0.tgz 2624ms (cache miss)
4156 http fetch GET 200 https://registry.npmjs.org/semver-compare/-/semver-compare-1.0.0.tgz 2645ms (cache miss)
4157 http fetch GET 200 https://registry.npmjs.org/pinkie/-/pinkie-2.0.4.tgz 2651ms (cache miss)
4158 http fetch GET 200 https://registry.npmjs.org/responselike/-/responselike-1.0.2.tgz 2672ms (cache miss)
4159 http fetch GET 200 https://registry.npmjs.org/which-pm/-/which-pm-2.2.0.tgz 2677ms (cache miss)
4160 http fetch GET 200 https://registry.npmjs.org/to-readable-stream/-/to-readable-stream-1.0.0.tgz 2681ms (cache miss)
4161 http fetch GET 200 https://registry.npmjs.org/p-cancelable/-/p-cancelable-1.1.0.tgz 2687ms (cache miss)
4162 http fetch GET 200 https://registry.npmjs.org/duplexer3/-/duplexer3-0.1.5.tgz 2784ms (cache miss)
4163 http fetch GET 200 https://registry.npmjs.org/decompress-response/-/decompress-response-3.3.0.tgz 2811ms (cache miss)
4164 http fetch GET 200 https://registry.npmjs.org/find-yarn-workspace-root2/-/find-yarn-workspace-root2-1.2.16.tgz 2866ms (cache miss)
4165 http fetch GET 200 https://registry.npmjs.org/registry-auth-token/-/registry-auth-token-4.2.2.tgz 2855ms (cache miss)
4166 http fetch GET 200 https://registry.npmjs.org/defer-to-connect/-/defer-to-connect-1.1.3.tgz 2920ms (cache miss)
4167 http fetch GET 200 https://registry.npmjs.org/cli-spinners/-/cli-spinners-2.9.2.tgz 2949ms (cache miss)
4168 http fetch GET 200 https://registry.npmjs.org/bl/-/bl-4.1.0.tgz 2943ms (cache miss)
4169 http fetch GET 200 https://registry.npmjs.org/ieee754/-/ieee754-1.2.1.tgz 2979ms (cache miss)
4170 http fetch GET 200 https://registry.npmjs.org/log-symbols/-/log-symbols-4.1.0.tgz 2976ms (cache miss)
4171 http fetch GET 200 https://registry.npmjs.org/@types/minimatch/-/minimatch-3.0.5.tgz 2983ms (cache miss)
4172 http fetch GET 200 https://registry.npmjs.org/http-cache-semantics/-/http-cache-semantics-4.2.0.tgz 3037ms (cache miss)
4173 http fetch GET 200 https://registry.npmjs.org/base64-js/-/base64-js-1.5.1.tgz 3030ms (cache miss)
4174 http fetch GET 200 https://registry.npmjs.org/@sindresorhus/is/-/is-0.14.0.tgz 3069ms (cache miss)
4175 http fetch GET 200 https://registry.npmjs.org/is-unicode-supported/-/is-unicode-supported-0.1.0.tgz 3056ms (cache miss)
4176 http fetch GET 200 https://registry.npmjs.org/cacheable-request/-/cacheable-request-6.1.0.tgz 3118ms (cache miss)
4177 http fetch GET 200 https://registry.npmjs.org/validate-npm-package-license/-/validate-npm-package-license-3.0.4.tgz 3102ms (cache miss)
4178 http fetch GET 200 https://registry.npmjs.org/arrify/-/arrify-1.0.1.tgz 3100ms (cache miss)
4179 http fetch GET 200 https://registry.npmjs.org/quick-lru/-/quick-lru-4.0.1.tgz 3103ms (cache miss)
4180 http fetch GET 200 https://registry.npmjs.org/map-obj/-/map-obj-4.3.0.tgz 3131ms (cache miss)
4181 http fetch GET 200 https://registry.npmjs.org/trim-newlines/-/trim-newlines-3.0.1.tgz 3137ms (cache miss)
4182 http fetch GET 200 https://registry.npmjs.org/normalize-package-data/-/normalize-package-data-3.0.3.tgz 3154ms (cache miss)
4183 http fetch GET 200 https://registry.npmjs.org/hard-rejection/-/hard-rejection-2.1.0.tgz 3158ms (cache miss)
4184 http fetch GET 200 https://registry.npmjs.org/minimist-options/-/minimist-options-4.1.0.tgz 3161ms (cache miss)
4185 http fetch GET 200 https://registry.npmjs.org/decamelize-keys/-/decamelize-keys-1.1.1.tgz 3160ms (cache miss)
4186 http fetch GET 200 https://registry.npmjs.org/decamelize/-/decamelize-1.2.0.tgz 3191ms (cache miss)
4187 http fetch GET 200 https://registry.npmjs.org/restore-cursor/-/restore-cursor-3.1.0.tgz 3202ms (cache miss)
4188 http fetch GET 200 https://registry.npmjs.org/@types/minimist/-/minimist-1.2.5.tgz 3206ms (cache miss)
4189 http fetch GET 200 https://registry.npmjs.org/external-editor/-/external-editor-3.1.0.tgz 3211ms (cache miss)
4190 http fetch GET 200 https://registry.npmjs.org/run-async/-/run-async-2.4.1.tgz 3213ms (cache miss)
4191 http fetch GET 200 https://registry.npmjs.org/detect-file/-/detect-file-1.0.0.tgz 3234ms (cache miss)
4192 http fetch GET 200 https://registry.npmjs.org/tmp/-/tmp-0.0.33.tgz 3272ms (cache miss)
4193 http fetch GET 200 https://registry.npmjs.org/cli-width/-/cli-width-3.0.0.tgz 3282ms (cache miss)
4194 http fetch GET 200 https://registry.npmjs.org/camelcase-keys/-/camelcase-keys-6.2.2.tgz 3297ms (cache miss)
4195 http fetch GET 200 https://registry.npmjs.org/hosted-git-info/-/hosted-git-info-4.1.0.tgz 3316ms (cache miss)
4196 http fetch GET 200 https://registry.npmjs.org/array-differ/-/array-differ-3.0.0.tgz 3317ms (cache miss)
4197 http fetch GET 200 https://registry.npmjs.org/read-pkg-up/-/read-pkg-up-7.0.1.tgz 3317ms (cache miss)
4198 http fetch GET 200 https://registry.npmjs.org/@vue/compiler-ssr/-/compiler-ssr-3.5.25.tgz 3366ms (cache miss)
4199 http fetch GET 200 https://registry.npmjs.org/is-interactive/-/is-interactive-1.0.0.tgz 3442ms (cache miss)
4200 http fetch GET 200 https://registry.npmjs.org/pinkie-promise/-/pinkie-promise-2.0.1.tgz 3433ms (cache miss)
4201 http fetch GET 200 https://registry.npmjs.org/mute-stream/-/mute-stream-0.0.8.tgz 3463ms (cache miss)
4202 http fetch GET 200 https://registry.npmjs.org/resolve-dir/-/resolve-dir-1.0.1.tgz 3461ms (cache miss)
4203 http fetch GET 200 https://registry.npmjs.org/is-es2016-keyword/-/is-es2016-keyword-1.0.0.tgz 3467ms (cache miss)
4204 http fetch GET 200 https://registry.npmjs.org/xtend/-/xtend-4.0.2.tgz 3482ms (cache miss)
4205 http fetch GET 200 https://registry.npmjs.org/package-json/-/package-json-6.5.0.tgz 3492ms (cache miss)
4206 http fetch GET 200 https://registry.npmjs.org/require-package-name/-/require-package-name-2.0.1.tgz 3537ms (cache miss)
4207 http fetch GET 200 https://registry.npmjs.org/through/-/through-2.3.8.tgz 3621ms (cache miss)
4208 http fetch GET 200 https://registry.npmjs.org/giturl/-/giturl-1.0.3.tgz 3657ms (cache miss)
4209 http fetch GET 200 https://registry.npmjs.org/findup-sync/-/findup-sync-5.0.0.tgz 3780ms (cache miss)
4210 http fetch GET 200 https://registry.npmjs.org/multimatch/-/multimatch-5.0.0.tgz 3824ms (cache miss)
4211 http fetch GET 200 https://registry.npmjs.org/please-upgrade-node/-/please-upgrade-node-3.2.0.tgz 3892ms (cache miss)
4212 http fetch GET 200 https://registry.npmjs.org/highlight-es/-/highlight-es-1.0.3.tgz 3910ms (cache miss)
4213 http fetch GET 200 https://registry.npmjs.org/@devexpress/error-stack-parser/-/error-stack-parser-2.0.6.tgz 3910ms (cache miss)
4214 http fetch GET 200 https://registry.npmjs.org/update-notifier/-/update-notifier-5.1.0.tgz 3945ms (cache miss)
4215 http fetch GET 200 https://registry.npmjs.org/figures/-/figures-3.2.0.tgz 3983ms (cache miss)
4216 http fetch GET 200 https://registry.npmjs.org/preferred-pm/-/preferred-pm-3.1.4.tgz 3969ms (cache miss)
4217 http fetch GET 200 https://registry.npmjs.org/filenamify/-/filenamify-4.3.0.tgz 3975ms (cache miss)
4218 http fetch GET 200 https://registry.npmjs.org/callsite-record/-/callsite-record-4.1.5.tgz 4071ms (cache miss)
4219 http fetch GET 200 https://registry.npmjs.org/is-ci/-/is-ci-2.0.0.tgz 4091ms (cache miss)
4220 http fetch GET 200 https://registry.npmjs.org/strip-outer/-/strip-outer-1.0.1.tgz 4097ms (cache miss)
4221 http fetch GET 200 https://registry.npmjs.org/ora/-/ora-5.4.1.tgz 4127ms (cache miss)
4222 http fetch GET 200 https://registry.npmjs.org/yallist/-/yallist-3.1.1.tgz 4160ms (cache miss)
4223 http fetch GET 200 https://registry.npmjs.org/filename-reserved-regex/-/filename-reserved-regex-2.0.0.tgz 4169ms (cache miss)
4224 http fetch GET 200 https://registry.npmjs.org/trim-repeated/-/trim-repeated-1.0.0.tgz 4173ms (cache miss)
4225 http fetch GET 200 https://registry.npmjs.org/react-router-dom/-/react-router-dom-7.10.1.tgz 4172ms (cache miss)
4226 http fetch GET 200 https://registry.npmjs.org/xmlchars/-/xmlchars-2.2.0.tgz 4200ms (cache miss)
4227 http fetch GET 200 https://registry.npmjs.org/cli-cursor/-/cli-cursor-3.1.0.tgz 4250ms (cache miss)
4228 http fetch GET 200 https://registry.npmjs.org/wrappy/-/wrappy-1.0.2.tgz 4210ms (cache miss)
4229 http fetch GET 200 https://registry.npmjs.org/callsite/-/callsite-1.0.0.tgz 4247ms (cache miss)
4230 http fetch GET 200 https://registry.npmjs.org/deps-regex/-/deps-regex-0.2.0.tgz 4268ms (cache miss)
4231 http fetch GET 200 https://registry.npmjs.org/wrap-ansi/-/wrap-ansi-7.0.0.tgz 4262ms (cache miss)
4232 http fetch GET 200 https://registry.npmjs.org/semver-diff/-/semver-diff-3.1.1.tgz 4316ms (cache miss)
4233 http fetch GET 200 https://registry.npmjs.org/yocto-queue/-/yocto-queue-0.1.0.tgz 4464ms (cache miss)
4234 http fetch GET 200 https://registry.npmjs.org/y18n/-/y18n-5.0.8.tgz 4465ms (cache miss)
4235 http fetch GET 200 https://registry.npmjs.org/xml-name-validator/-/xml-name-validator-3.0.0.tgz 4465ms (cache miss)
4236 http fetch GET 200 https://registry.npmjs.org/which-boxed-primitive/-/which-boxed-primitive-1.1.1.tgz 4450ms (cache miss)
4237 http fetch GET 200 https://registry.npmjs.org/write-file-atomic/-/write-file-atomic-3.0.3.tgz 4476ms (cache miss)
4238 http fetch GET 200 https://registry.npmjs.org/buffer/-/buffer-5.7.1.tgz 4656ms (cache miss)
4239 http fetch GET 200 https://registry.npmjs.org/whatwg-mimetype/-/whatwg-mimetype-2.3.0.tgz 4590ms (cache miss)
4240 http fetch GET 200 https://registry.npmjs.org/react-loadable/-/react-loadable-5.5.0.tgz 4632ms (cache miss)
4241 http fetch GET 200 https://registry.npmjs.org/word-wrap/-/word-wrap-1.2.5.tgz 4679ms (cache miss)
4242 http fetch GET 200 https://registry.npmjs.org/webpack-manifest-plugin/-/webpack-manifest-plugin-4.1.1.tgz 4668ms (cache miss)
4243 http fetch GET 200 https://registry.npmjs.org/wbuf/-/wbuf-1.7.3.tgz 4741ms (cache miss)
4244 http fetch GET 200 https://registry.npmjs.org/walker/-/walker-1.0.8.tgz 4740ms (cache miss)
4245 http fetch GET 200 https://registry.npmjs.org/w3c-hr-time/-/w3c-hr-time-1.0.2.tgz 4812ms (cache miss)
4246 http fetch GET 200 https://registry.npmjs.org/meow/-/meow-9.0.0.tgz 4870ms (cache miss)
4247 http fetch GET 200 https://registry.npmjs.org/which/-/which-2.0.2.tgz 4876ms (cache miss)
4248 http fetch GET 200 https://registry.npmjs.org/universalify/-/universalify-2.0.1.tgz 4847ms (cache miss)
4249 http fetch GET 200 https://registry.npmjs.org/whatwg-encoding/-/whatwg-encoding-1.0.5.tgz 4919ms (cache miss)
4250 http fetch GET 200 https://registry.npmjs.org/unpipe/-/unpipe-1.0.0.tgz 4895ms (cache miss)
4251 http fetch GET 200 https://registry.npmjs.org/unquote/-/unquote-1.1.1.tgz 4902ms (cache miss)
4252 http fetch GET 200 https://registry.npmjs.org/unicode-match-property-value-ecmascript/-/unicode-match-property-value-ecmascript-2.2.1.tgz 4895ms (cache miss)
4253 http fetch GET 200 https://registry.npmjs.org/unicode-property-aliases-ecmascript/-/unicode-property-aliases-ecmascript-2.2.0.tgz 4906ms (cache miss)
4254 http fetch GET 200 https://registry.npmjs.org/wcwidth/-/wcwidth-1.0.1.tgz 5096ms (cache miss)
4255 http fetch GET 200 https://registry.npmjs.org/which-collection/-/which-collection-1.0.2.tgz 5011ms (cache miss)
4256 http fetch GET 200 https://registry.npmjs.org/typed-array-byte-length/-/typed-array-byte-length-1.0.3.tgz 4973ms (cache miss)
4257 http fetch GET 200 https://registry.npmjs.org/typed-array-byte-offset/-/typed-array-byte-offset-1.0.4.tgz 4999ms (cache miss)
4258 http fetch GET 200 https://registry.npmjs.org/unicode-canonical-property-names-ecmascript/-/unicode-canonical-property-names-ecmascript-2.0.1.tgz 5045ms (cache miss)
4259 http fetch GET 200 https://registry.npmjs.org/vary/-/vary-1.1.2.tgz 5076ms (cache miss)
4260 http fetch GET 200 https://registry.npmjs.org/v8-to-istanbul/-/v8-to-istanbul-8.1.1.tgz 5075ms (cache miss)
4261 http fetch GET 200 https://registry.npmjs.org/utils-merge/-/utils-merge-1.0.1.tgz 5076ms (cache miss)
4262 http fetch GET 200 https://registry.npmjs.org/type-detect/-/type-detect-4.0.8.tgz 5069ms (cache miss)
4263 http fetch GET 200 https://registry.npmjs.org/util-deprecate/-/util-deprecate-1.0.2.tgz 5112ms (cache miss)
4264 http fetch GET 200 https://registry.npmjs.org/util.promisify/-/util.promisify-1.0.1.tgz 5128ms (cache miss)
4265 http fetch GET 200 https://registry.npmjs.org/unique-string/-/unique-string-2.0.0.tgz 5267ms (cache miss)
4266 http fetch GET 200 https://registry.npmjs.org/unicode-match-property-ecmascript/-/unicode-match-property-ecmascript-2.0.0.tgz 5302ms (cache miss)
4267 http fetch GET 200 https://registry.npmjs.org/unbox-primitive/-/unbox-primitive-1.1.0.tgz 5368ms (cache miss)
4268 http fetch GET 200 https://registry.npmjs.org/typed-array-length/-/typed-array-length-1.0.7.tgz 5392ms (cache miss)
4269 http fetch GET 200 https://registry.npmjs.org/tryer/-/tryer-1.0.1.tgz 5385ms (cache miss)
4270 http fetch GET 200 https://registry.npmjs.org/type-is/-/type-is-1.6.18.tgz 5392ms (cache miss)
4271 http fetch GET 200 https://registry.npmjs.org/tmpl/-/tmpl-1.0.5.tgz 5406ms (cache miss)
4272 http fetch GET 200 https://registry.npmjs.org/w3c-xmlserializer/-/w3c-xmlserializer-2.0.0.tgz 5464ms (cache miss)
4273 http fetch GET 200 https://registry.npmjs.org/thenify-all/-/thenify-all-1.6.0.tgz 5437ms (cache miss)
4274 http fetch GET 200 https://registry.npmjs.org/throat/-/throat-6.0.2.tgz 5438ms (cache miss)
4275 http fetch GET 200 https://registry.npmjs.org/thenify/-/thenify-3.3.1.tgz 5448ms (cache miss)
4276 http fetch GET 200 https://registry.npmjs.org/webidl-conversions/-/webidl-conversions-6.1.0.tgz 5517ms (cache miss)
4277 http fetch GET 200 https://registry.npmjs.org/typedarray-to-buffer/-/typedarray-to-buffer-3.1.5.tgz 5497ms (cache miss)
4278 http fetch GET 200 https://registry.npmjs.org/typed-array-buffer/-/typed-array-buffer-1.0.3.tgz 5497ms (cache miss)
4279 http fetch GET 200 https://registry.npmjs.org/type-check/-/type-check-0.4.0.tgz 5576ms (cache miss)
4280 http fetch GET 200 https://registry.npmjs.org/tapable/-/tapable-2.3.0.tgz 5581ms (cache miss)
4281 http fetch GET 200 https://registry.npmjs.org/terminal-link/-/terminal-link-2.1.1.tgz 5590ms (cache miss)
4282 http fetch GET 200 https://registry.npmjs.org/tempy/-/tempy-0.6.0.tgz 5600ms (cache miss)
4283 http fetch GET 200 https://registry.npmjs.org/toidentifier/-/toidentifier-1.0.1.tgz 5743ms (cache miss)
4284 http fetch GET 200 https://registry.npmjs.org/to-regex-range/-/to-regex-range-5.0.1.tgz 5750ms (cache miss)
4285 http fetch GET 200 https://registry.npmjs.org/tinyglobby/-/tinyglobby-0.2.15.tgz 5766ms (cache miss)
4286 http fetch GET 200 https://registry.npmjs.org/thunky/-/thunky-1.1.0.tgz 5847ms (cache miss)
4287 http fetch GET 200 https://registry.npmjs.org/text-table/-/text-table-0.2.0.tgz 5856ms (cache miss)
4288 http fetch GET 200 https://registry.npmjs.org/strip-json-comments/-/strip-json-comments-3.1.1.tgz 5899ms (cache miss)
4289 http fetch GET 200 https://registry.npmjs.org/strip-indent/-/strip-indent-3.0.0.tgz 5907ms (cache miss)
4290 http fetch GET 200 https://registry.npmjs.org/strip-bom/-/strip-bom-4.0.0.tgz 5996ms (cache miss)
4291 http fetch GET 200 https://registry.npmjs.org/strip-ansi/-/strip-ansi-6.0.1.tgz 6025ms (cache miss)
4292 http fetch GET 200 https://registry.npmjs.org/stringify-object/-/stringify-object-3.3.0.tgz 6030ms (cache miss)
4293 http fetch GET 200 https://registry.npmjs.org/ts-interface-checker/-/ts-interface-checker-0.1.13.tgz 6085ms (cache miss)
4294 http fetch GET 200 https://registry.npmjs.org/symbol-tree/-/symbol-tree-3.2.4.tgz 6111ms (cache miss)
4295 http fetch GET 200 https://registry.npmjs.org/temp-dir/-/temp-dir-2.0.0.tgz 6128ms (cache miss)
4296 http fetch GET 200 https://registry.npmjs.org/svg-parser/-/svg-parser-2.0.4.tgz 6185ms (cache miss)
4297 http fetch GET 200 https://registry.npmjs.org/string.prototype.trimend/-/string.prototype.trimend-1.0.9.tgz 6202ms (cache miss)
4298 http fetch GET 200 https://registry.npmjs.org/string-length/-/string-length-4.0.2.tgz 6218ms (cache miss)
4299 http fetch GET 200 https://registry.npmjs.org/supports-preserve-symlinks-flag/-/supports-preserve-symlinks-flag-1.0.0.tgz 6252ms (cache miss)
4300 http fetch GET 200 https://registry.npmjs.org/string_decoder/-/string_decoder-1.3.0.tgz 6256ms (cache miss)
4301 http fetch GET 200 https://registry.npmjs.org/statuses/-/statuses-2.0.2.tgz 6263ms (cache miss)
4302 http fetch GET 200 https://registry.npmjs.org/supports-color/-/supports-color-7.2.0.tgz 6301ms (cache miss)
4303 http fetch GET 200 https://registry.npmjs.org/string-width/-/string-width-4.2.3.tgz 6293ms (cache miss)
4304 http fetch GET 200 https://registry.npmjs.org/string-natural-compare/-/string-natural-compare-3.0.1.tgz 6337ms (cache miss)
4305 http fetch GET 200 https://registry.npmjs.org/static-eval/-/static-eval-2.0.2.tgz 6348ms (cache miss)
4306 http fetch GET 200 https://registry.npmjs.org/stackframe/-/stackframe-1.3.4.tgz 6416ms (cache miss)
4307 http fetch GET 200 https://registry.npmjs.org/upath/-/upath-1.2.0.tgz 6537ms (cache miss)
4308 http fetch GET 200 https://registry.npmjs.org/supports-hyperlinks/-/supports-hyperlinks-2.3.0.tgz 6517ms (cache miss)
4309 http fetch GET 200 https://registry.npmjs.org/source-list-map/-/source-list-map-2.0.1.tgz 6540ms (cache miss)
4310 http fetch GET 200 https://registry.npmjs.org/stack-utils/-/stack-utils-2.0.6.tgz 6565ms (cache miss)
4311 http fetch GET 200 https://registry.npmjs.org/sourcemap-codec/-/sourcemap-codec-1.4.8.tgz 6567ms (cache miss)
4312 http fetch GET 200 https://registry.npmjs.org/strip-comments/-/strip-comments-2.0.1.tgz 6600ms (cache miss)
4313 http fetch GET 200 https://registry.npmjs.org/slash/-/slash-3.0.0.tgz 6700ms (cache miss)
4314 http fetch GET 200 https://registry.npmjs.org/stylehacks/-/stylehacks-5.1.1.tgz 6731ms (cache miss)
4315 http fetch GET 200 https://registry.npmjs.org/strip-final-newline/-/strip-final-newline-2.0.0.tgz 6784ms (cache miss)
4316 http fetch GET 200 https://registry.npmjs.org/side-channel-weakmap/-/side-channel-weakmap-1.0.2.tgz 6854ms (cache miss)
4317 http fetch GET 200 https://registry.npmjs.org/shebang-regex/-/shebang-regex-3.0.0.tgz 6862ms (cache miss)
4318 http fetch GET 200 https://registry.npmjs.org/side-channel/-/side-channel-1.1.0.tgz 6864ms (cache miss)
4319 http fetch GET 200 https://registry.npmjs.org/setprototypeof/-/setprototypeof-1.2.0.tgz 6863ms (cache miss)
4320 http fetch GET 200 https://registry.npmjs.org/shell-quote/-/shell-quote-1.8.3.tgz 6868ms (cache miss)
4321 http fetch GET 200 https://registry.npmjs.org/shebang-command/-/shebang-command-2.0.0.tgz 6868ms (cache miss)
4322 http fetch GET 200 https://registry.npmjs.org/set-proto/-/set-proto-1.0.0.tgz 6901ms (cache miss)
4323 http fetch GET 200 https://registry.npmjs.org/selfsigned/-/selfsigned-2.4.1.tgz 6907ms (cache miss)
4324 http fetch GET 200 https://registry.npmjs.org/serialize-javascript/-/serialize-javascript-6.0.2.tgz 6910ms (cache miss)
4325 http fetch GET 200 https://registry.npmjs.org/send/-/send-0.19.1.tgz 6924ms (cache miss)
4326 http fetch GET 200 https://registry.npmjs.org/select-hose/-/select-hose-2.0.0.tgz 6927ms (cache miss)
4327 http fetch GET 200 https://registry.npmjs.org/sanitize.css/-/sanitize.css-13.0.0.tgz 6932ms (cache miss)
4328 http fetch GET 200 https://registry.npmjs.org/scheduler/-/scheduler-0.27.0.tgz 6934ms (cache miss)
4329 http fetch GET 200 https://registry.npmjs.org/sax/-/sax-1.2.4.tgz 6938ms (cache miss)
4330 http fetch GET 200 https://registry.npmjs.org/safer-buffer/-/safer-buffer-2.1.2.tgz 6942ms (cache miss)
4331 http fetch GET 200 https://registry.npmjs.org/rollup-plugin-terser/-/rollup-plugin-terser-7.0.2.tgz 6941ms (cache miss)
4332 http fetch GET 200 https://registry.npmjs.org/safe-buffer/-/safe-buffer-5.2.1.tgz 6943ms (cache miss)
4333 http fetch GET 200 https://registry.npmjs.org/safe-regex-test/-/safe-regex-test-1.1.0.tgz 6946ms (cache miss)
4334 http fetch GET 200 https://registry.npmjs.org/safe-array-concat/-/safe-array-concat-1.1.3.tgz 6945ms (cache miss)
4335 http fetch GET 200 https://registry.npmjs.org/safe-push-apply/-/safe-push-apply-1.0.0.tgz 6967ms (cache miss)
4336 http fetch GET 200 https://registry.npmjs.org/resolve.exports/-/resolve.exports-1.1.1.tgz 6978ms (cache miss)
4337 http fetch GET 200 https://registry.npmjs.org/string.prototype.repeat/-/string.prototype.repeat-1.0.0.tgz 7025ms (cache miss)
4338 http fetch GET 200 https://registry.npmjs.org/run-parallel/-/run-parallel-1.2.0.tgz 7050ms (cache miss)
4339 http fetch GET 200 https://registry.npmjs.org/resolve-from/-/resolve-from-5.0.0.tgz 7107ms (cache miss)
4340 http fetch GET 200 https://registry.npmjs.org/resolve-cwd/-/resolve-cwd-3.0.0.tgz 7142ms (cache miss)
4341 http fetch GET 200 https://registry.npmjs.org/requires-port/-/requires-port-1.0.0.tgz 7147ms (cache miss)
4342 http fetch GET 200 https://registry.npmjs.org/stop-iteration-iterator/-/stop-iteration-iterator-1.1.0.tgz 7191ms (cache miss)
4343 http fetch GET 200 https://registry.npmjs.org/stable/-/stable-0.1.8.tgz 7203ms (cache miss)
4344 http fetch GET 200 https://registry.npmjs.org/rimraf/-/rimraf-3.0.2.tgz 7235ms (cache miss)
4345 http fetch GET 200 https://registry.npmjs.org/regenerator-runtime/-/regenerator-runtime-0.13.11.tgz 7235ms (cache miss)
4346 http fetch GET 200 https://registry.npmjs.org/redent/-/redent-3.0.0.tgz 7271ms (cache miss)
4347 http fetch GET 200 https://registry.npmjs.org/reflect.getprototypeof/-/reflect.getprototypeof-1.0.10.tgz 7280ms (cache miss)
4348 http fetch GET 200 https://registry.npmjs.org/sisteransi/-/sisteransi-1.0.5.tgz 7363ms (cache miss)
4349 http fetch GET 200 https://registry.npmjs.org/side-channel-list/-/side-channel-list-1.0.0.tgz 7365ms (cache miss)
4350 http fetch GET 200 https://registry.npmjs.org/signal-exit/-/signal-exit-3.0.7.tgz 7367ms (cache miss)
4351 http fetch GET 200 https://registry.npmjs.org/relateurl/-/relateurl-0.2.7.tgz 7505ms (cache miss)
4352 http fetch GET 200 https://registry.npmjs.org/read-cache/-/read-cache-1.0.0.tgz 7570ms (cache miss)
4353 http fetch GET 200 https://registry.npmjs.org/recursive-readdir/-/recursive-readdir-2.2.3.tgz 7572ms (cache miss)
4354 http fetch GET 200 https://registry.npmjs.org/readdirp/-/readdirp-3.6.0.tgz 7580ms (cache miss)
4355 http fetch GET 200 https://registry.npmjs.org/retry/-/retry-0.13.1.tgz 7601ms (cache miss)
4356 http fetch GET 200 https://registry.npmjs.org/react-is/-/react-is-17.0.2.tgz 7598ms (cache miss)
4357 http fetch GET 200 https://registry.npmjs.org/regenerate/-/regenerate-1.4.2.tgz 7740ms (cache miss)
4358 http fetch GET 200 https://registry.npmjs.org/side-channel-map/-/side-channel-map-1.0.1.tgz 7781ms (cache miss)
4359 http fetch GET 200 https://registry.npmjs.org/regjsgen/-/regjsgen-0.8.0.tgz 7820ms (cache miss)
4360 http fetch GET 200 https://registry.npmjs.org/regex-parser/-/regex-parser-2.3.1.tgz 7932ms (cache miss)
4361 http fetch GET 200 https://registry.npmjs.org/react-app-polyfill/-/react-app-polyfill-3.0.0.tgz 7928ms (cache miss)
4362 http fetch GET 200 https://registry.npmjs.org/raw-body/-/raw-body-2.5.3.tgz 7991ms (cache miss)
4363 http fetch GET 200 https://registry.npmjs.org/randombytes/-/randombytes-2.1.0.tgz 8055ms (cache miss)
4364 http fetch GET 200 https://registry.npmjs.org/serve-static/-/serve-static-1.16.2.tgz 8182ms (cache miss)
4365 http fetch GET 200 https://registry.npmjs.org/require-from-string/-/require-from-string-2.0.2.tgz 8163ms (cache miss)
4366 http fetch GET 200 https://registry.npmjs.org/querystringify/-/querystringify-2.2.0.tgz 8494ms (cache miss)
4367 http fetch GET 200 https://registry.npmjs.org/queue-microtask/-/queue-microtask-1.2.3.tgz 8496ms (cache miss)
4368 http fetch GET 200 https://registry.npmjs.org/proxy-addr/-/proxy-addr-2.0.7.tgz 8515ms (cache miss)
4369 http fetch GET 200 https://registry.npmjs.org/promise/-/promise-8.3.0.tgz 8517ms (cache miss)
4370 warn deprecated stable@0.1.8: Modern JS already guarantees Array#sort() is a stable sort, so this library is deprecated. See the compatibility table on MDN: https://developer.mozilla.org/en-US/docs/Web/JavaScript/Reference/Global_Objects/Array/sort#browser_compatibility
4371 http fetch GET 200 https://registry.npmjs.org/process-nextick-args/-/process-nextick-args-2.0.1.tgz 8641ms (cache miss)
4372 http fetch GET 200 https://registry.npmjs.org/pretty-error/-/pretty-error-4.0.0.tgz 8777ms (cache miss)
4373 http fetch GET 200 https://registry.npmjs.org/postcss-value-parser/-/postcss-value-parser-4.2.0.tgz 8792ms (cache miss)
4374 http fetch GET 200 https://registry.npmjs.org/raf/-/raf-3.4.1.tgz 8864ms (cache miss)
4375 http fetch GET 200 https://registry.npmjs.org/punycode/-/punycode-2.3.1.tgz 8902ms (cache miss)
4376 http fetch GET 200 https://registry.npmjs.org/require-directory/-/require-directory-2.1.1.tgz 8965ms (cache miss)
4377 http fetch GET 200 https://registry.npmjs.org/postcss-reduce-transforms/-/postcss-reduce-transforms-5.1.0.tgz 8971ms (cache miss)
4378 http fetch GET 200 https://registry.npmjs.org/postcss-unique-selectors/-/postcss-unique-selectors-5.1.1.tgz 8982ms (cache miss)
4379 http fetch GET 200 https://registry.npmjs.org/postcss-pseudo-class-any-link/-/postcss-pseudo-class-any-link-7.1.6.tgz 9288ms (cache miss)
4380 http fetch GET 200 https://registry.npmjs.org/postcss-selector-not/-/postcss-selector-not-6.0.1.tgz 9365ms (cache miss)
4381 http fetch GET 200 https://registry.npmjs.org/postcss-overflow-shorthand/-/postcss-overflow-shorthand-3.0.4.tgz 9738ms (cache miss)
4382 http fetch GET 200 https://registry.npmjs.org/postcss-normalize-unicode/-/postcss-normalize-unicode-5.1.1.tgz 9924ms (cache miss)
4383 http fetch GET 200 https://registry.npmjs.org/postcss-normalize-whitespace/-/postcss-normalize-whitespace-5.1.1.tgz 9989ms (cache miss)
4384 http fetch GET 200 https://registry.npmjs.org/postcss-opacity-percentage/-/postcss-opacity-percentage-1.1.3.tgz 10054ms (cache miss)
4385 http fetch GET 200 https://registry.npmjs.org/postcss-normalize-url/-/postcss-normalize-url-5.1.0.tgz 10086ms (cache miss)
4386 http fetch GET 200 https://registry.npmjs.org/postcss-normalize-positions/-/postcss-normalize-positions-5.1.1.tgz 10120ms (cache miss)
4387 http fetch GET 200 https://registry.npmjs.org/postcss-normalize-repeat-style/-/postcss-normalize-repeat-style-5.1.1.tgz 10129ms (cache miss)
4388 http fetch GET 200 https://registry.npmjs.org/postcss-normalize-string/-/postcss-normalize-string-5.1.0.tgz 10172ms (cache miss)
4389 http fetch GET 200 https://registry.npmjs.org/range-parser/-/range-parser-1.2.1.tgz 10214ms (cache miss)
4390 http fetch GET 200 https://registry.npmjs.org/postcss-normalize-display-values/-/postcss-normalize-display-values-5.1.0.tgz 10190ms (cache miss)
4391 http fetch GET 200 https://registry.npmjs.org/postcss-nested/-/postcss-nested-6.2.0.tgz 10315ms (cache miss)
4392 http fetch GET 200 https://registry.npmjs.org/postcss-modules-values/-/postcss-modules-values-4.0.0.tgz 10315ms (cache miss)
4393 http fetch GET 200 https://registry.npmjs.org/postcss-normalize/-/postcss-normalize-10.0.1.tgz 10355ms (cache miss)
4394 http fetch GET 200 https://registry.npmjs.org/postcss-modules-scope/-/postcss-modules-scope-3.2.1.tgz 10357ms (cache miss)
4395 http fetch GET 200 https://registry.npmjs.org/postcss-minify-params/-/postcss-minify-params-5.1.4.tgz 10391ms (cache miss)
4396 http fetch GET 200 https://registry.npmjs.org/pretty-bytes/-/pretty-bytes-5.6.0.tgz 10416ms (cache miss)
4397 http fetch GET 200 https://registry.npmjs.org/postcss-svgo/-/postcss-svgo-5.1.0.tgz 10418ms (cache miss)
4398 http fetch GET 200 https://registry.npmjs.org/whatwg-fetch/-/whatwg-fetch-3.6.20.tgz 10597ms (cache miss)
4399 http fetch GET 200 https://registry.npmjs.org/postcss-minify-gradients/-/postcss-minify-gradients-5.1.1.tgz 10458ms (cache miss)
4400 http fetch GET 200 https://registry.npmjs.org/postcss-minify-selectors/-/postcss-minify-selectors-5.2.1.tgz 10465ms (cache miss)
4401 http fetch GET 200 https://registry.npmjs.org/postcss-modules-local-by-default/-/postcss-modules-local-by-default-4.2.0.tgz 10521ms (cache miss)
4402 http fetch GET 200 https://registry.npmjs.org/postcss-modules-extract-imports/-/postcss-modules-extract-imports-3.1.0.tgz 10518ms (cache miss)
4403 http fetch GET 200 https://registry.npmjs.org/postcss-merge-rules/-/postcss-merge-rules-5.1.4.tgz 10525ms (cache miss)
4404 http fetch GET 200 https://registry.npmjs.org/update-browserslist-db/-/update-browserslist-db-1.2.2.tgz 10870ms (cache miss)
4405 http fetch GET 200 https://registry.npmjs.org/postcss-replace-overflow-wrap/-/postcss-replace-overflow-wrap-4.0.0.tgz 10762ms (cache miss)
4406 http fetch GET 200 https://registry.npmjs.org/postcss-js/-/postcss-js-4.1.0.tgz 10737ms (cache miss)
4407 http fetch GET 200 https://registry.npmjs.org/postcss-font-variant/-/postcss-font-variant-5.0.0.tgz 10801ms (cache miss)
4408 http fetch GET 200 https://registry.npmjs.org/postcss-merge-longhand/-/postcss-merge-longhand-5.1.7.tgz 10831ms (cache miss)
4409 http fetch GET 200 https://registry.npmjs.org/postcss-focus-within/-/postcss-focus-within-5.0.4.tgz 10848ms (cache miss)
4410 http fetch GET 200 https://registry.npmjs.org/postcss-double-position-gradients/-/postcss-double-position-gradients-3.1.2.tgz 10848ms (cache miss)
4411 http fetch GET 200 https://registry.npmjs.org/postcss-discard-empty/-/postcss-discard-empty-5.1.1.tgz 10855ms (cache miss)
4412 http fetch GET 200 https://registry.npmjs.org/postcss-discard-comments/-/postcss-discard-comments-5.1.2.tgz 10874ms (cache miss)
4413 http fetch GET 200 https://registry.npmjs.org/postcss-discard-duplicates/-/postcss-discard-duplicates-5.1.0.tgz 10878ms (cache miss)
4414 http fetch GET 200 https://registry.npmjs.org/postcss-discard-overridden/-/postcss-discard-overridden-5.1.0.tgz 10880ms (cache miss)
4415 http fetch GET 200 https://registry.npmjs.org/postcss-page-break/-/postcss-page-break-3.0.4.tgz 10935ms (cache miss)
4416 http fetch GET 200 https://registry.npmjs.org/postcss-custom-properties/-/postcss-custom-properties-12.1.11.tgz 10912ms (cache miss)
4417 http fetch GET 200 https://registry.npmjs.org/postcss-custom-media/-/postcss-custom-media-8.0.2.tgz 10918ms (cache miss)
4418 http fetch GET 200 https://registry.npmjs.org/postcss-convert-values/-/postcss-convert-values-5.1.3.tgz 10923ms (cache miss)
4419 http fetch GET 200 https://registry.npmjs.org/postcss-colormin/-/postcss-colormin-5.3.1.tgz 10933ms (cache miss)
4420 http fetch GET 200 https://registry.npmjs.org/postcss-color-hex-alpha/-/postcss-color-hex-alpha-8.0.4.tgz 10934ms (cache miss)
4421 http fetch GET 200 https://registry.npmjs.org/postcss-color-functional-notation/-/postcss-color-functional-notation-4.2.4.tgz 10941ms (cache miss)
4422 http fetch GET 200 https://registry.npmjs.org/postcss-place/-/postcss-place-7.0.5.tgz 10998ms (cache miss)
4423 http fetch GET 200 https://registry.npmjs.org/postcss-color-rebeccapurple/-/postcss-color-rebeccapurple-7.1.1.tgz 10968ms (cache miss)
4424 http fetch GET 200 https://registry.npmjs.org/postcss-browser-comments/-/postcss-browser-comments-4.0.0.tgz 10990ms (cache miss)
4425 http fetch GET 200 https://registry.npmjs.org/postcss-normalize-charset/-/postcss-normalize-charset-5.1.0.tgz 11178ms (cache miss)
4426 http fetch GET 200 https://registry.npmjs.org/path-key/-/path-key-3.1.1.tgz 11168ms (cache miss)
4427 http fetch GET 200 https://registry.npmjs.org/path-parse/-/path-parse-1.0.7.tgz 11173ms (cache miss)
4428 http fetch GET 200 https://registry.npmjs.org/postcss-attribute-case-insensitive/-/postcss-attribute-case-insensitive-5.0.2.tgz 11180ms (cache miss)
4429 http fetch GET 200 https://registry.npmjs.org/path-to-regexp/-/path-to-regexp-0.1.12.tgz 11184ms (cache miss)
4430 http fetch GET 200 https://registry.npmjs.org/pkg-up/-/pkg-up-3.1.0.tgz 11195ms (cache miss)
4431 http fetch GET 200 https://registry.npmjs.org/pkg-dir/-/pkg-dir-4.2.0.tgz 11199ms (cache miss)
4432 http fetch GET 200 https://registry.npmjs.org/path-type/-/path-type-4.0.0.tgz 11208ms (cache miss)
4433 http fetch GET 200 https://registry.npmjs.org/postcss-normalize-timing-functions/-/postcss-normalize-timing-functions-5.1.0.tgz 11256ms (cache miss)
4434 http fetch GET 200 https://registry.npmjs.org/performance-now/-/performance-now-2.1.0.tgz 11241ms (cache miss)
4435 http fetch GET 200 https://registry.npmjs.org/path-is-absolute/-/path-is-absolute-1.0.1.tgz 11322ms (cache miss)
4436 http fetch GET 200 https://registry.npmjs.org/path-exists/-/path-exists-4.0.0.tgz 11322ms (cache miss)
4437 http fetch GET 200 https://registry.npmjs.org/p-try/-/p-try-2.2.0.tgz 11344ms (cache miss)
4438 http fetch GET 200 https://registry.npmjs.org/parent-module/-/parent-module-1.0.1.tgz 11399ms (cache miss)
4439 http fetch GET 200 https://registry.npmjs.org/postcss-minify-font-values/-/postcss-minify-font-values-5.1.0.tgz 11440ms (cache miss)
4440 http fetch GET 200 https://registry.npmjs.org/parse-json/-/parse-json-5.2.0.tgz 11530ms (cache miss)
4441 http fetch GET 200 https://registry.npmjs.org/p-retry/-/p-retry-4.6.2.tgz 11612ms (cache miss)
4442 http fetch GET 200 https://registry.npmjs.org/postcss-logical/-/postcss-logical-5.0.4.tgz 11649ms (cache miss)
4443 http fetch GET 200 https://registry.npmjs.org/postcss-focus-visible/-/postcss-focus-visible-6.0.4.tgz 11668ms (cache miss)
4444 http fetch GET 200 https://registry.npmjs.org/onetime/-/onetime-5.1.2.tgz 11680ms (cache miss)
4445 http fetch GET 200 https://registry.npmjs.org/open/-/open-8.4.2.tgz 11703ms (cache miss)
4446 http fetch GET 200 https://registry.npmjs.org/own-keys/-/own-keys-1.0.1.tgz 11706ms (cache miss)
4447 http fetch GET 200 https://registry.npmjs.org/postcss-flexbugs-fixes/-/postcss-flexbugs-fixes-5.0.2.tgz 11766ms (cache miss)
4448 http fetch GET 200 https://registry.npmjs.org/on-headers/-/on-headers-1.1.0.tgz 11739ms (cache miss)
4449 http fetch GET 200 https://registry.npmjs.org/on-finished/-/on-finished-2.4.1.tgz 11740ms (cache miss)
4450 http fetch GET 200 https://registry.npmjs.org/once/-/once-1.4.0.tgz 11741ms (cache miss)
4451 http fetch GET 200 https://registry.npmjs.org/param-case/-/param-case-3.0.4.tgz 11775ms (cache miss)
4452 http fetch GET 200 https://registry.npmjs.org/p-limit/-/p-limit-2.3.0.tgz 11777ms (cache miss)
4453 http fetch GET 200 https://registry.npmjs.org/postcss-clamp/-/postcss-clamp-4.1.0.tgz 11931ms (cache miss)
4454 http fetch GET 200 https://registry.npmjs.org/optionator/-/optionator-0.9.4.tgz 11922ms (cache miss)
4455 http fetch GET 200 https://registry.npmjs.org/obuf/-/obuf-1.1.2.tgz 11919ms (cache miss)
4456 http fetch GET 200 https://registry.npmjs.org/object-assign/-/object-assign-4.1.1.tgz 11927ms (cache miss)
4457 http fetch GET 200 https://registry.npmjs.org/nth-check/-/nth-check-2.1.1.tgz 12031ms (cache miss)
4458 http fetch GET 200 https://registry.npmjs.org/object.fromentries/-/object.fromentries-2.0.8.tgz 12052ms (cache miss)
4459 http fetch GET 200 https://registry.npmjs.org/normalize-range/-/normalize-range-0.1.2.tgz 12118ms (cache miss)
4460 http fetch GET 200 https://registry.npmjs.org/normalize-path/-/normalize-path-3.0.0.tgz 12138ms (cache miss)
4461 http fetch GET 200 https://registry.npmjs.org/node-int64/-/node-int64-0.4.0.tgz 12169ms (cache miss)
4462 http fetch GET 200 https://registry.npmjs.org/node-releases/-/node-releases-2.0.27.tgz 12171ms (cache miss)
4463 http fetch GET 200 https://registry.npmjs.org/no-case/-/no-case-3.0.4.tgz 12195ms (cache miss)
4464 http fetch GET 200 https://registry.npmjs.org/@vue/shared/-/shared-3.5.25.tgz 12482ms (cache miss)
4465 http fetch GET 200 https://registry.npmjs.org/natural-compare/-/natural-compare-1.4.0.tgz 12195ms (cache miss)
4466 http fetch GET 200 https://registry.npmjs.org/negotiator/-/negotiator-0.6.4.tgz 12198ms (cache miss)
4467 http fetch GET 200 https://registry.npmjs.org/normalize-url/-/normalize-url-6.1.0.tgz 12212ms (cache miss)
4468 http fetch GET 200 https://registry.npmjs.org/gh-pages/-/gh-pages-6.3.0.tgz 12485ms (cache miss)
4469 http fetch GET 200 https://registry.npmjs.org/natural-compare-lite/-/natural-compare-lite-1.4.0.tgz 12237ms (cache miss)
4470 http fetch GET 200 https://registry.npmjs.org/ms/-/ms-2.1.3.tgz 12234ms (cache miss)
4471 http fetch GET 200 https://registry.npmjs.org/multicast-dns/-/multicast-dns-7.2.5.tgz 12240ms (cache miss)
4472 http fetch GET 200 https://registry.npmjs.org/mkdirp/-/mkdirp-0.5.6.tgz 12243ms (cache miss)
4473 http fetch GET 200 https://registry.npmjs.org/pirates/-/pirates-4.0.7.tgz 12295ms (cache miss)
4474 warn deprecated rimraf@3.0.2: Rimraf versions prior to v4 are no longer supported
4475 http fetch GET 200 https://registry.npmjs.org/min-indent/-/min-indent-1.0.1.tgz 12279ms (cache miss)
4476 http fetch GET 200 https://registry.npmjs.org/pify/-/pify-2.3.0.tgz 12323ms (cache miss)
4477 http fetch GET 200 https://registry.npmjs.org/possible-typed-array-names/-/possible-typed-array-names-1.1.0.tgz 12334ms (cache miss)
4478 http fetch GET 200 https://registry.npmjs.org/picocolors/-/picocolors-1.1.1.tgz 12333ms (cache miss)
4479 http fetch GET 200 https://registry.npmjs.org/minimalistic-assert/-/minimalistic-assert-1.0.1.tgz 12296ms (cache miss)
4480 http fetch GET 200 https://registry.npmjs.org/merge-stream/-/merge-stream-2.0.0.tgz 12323ms (cache miss)
4481 http fetch GET 200 https://registry.npmjs.org/mimic-fn/-/mimic-fn-2.1.0.tgz 12333ms (cache miss)
4482 http fetch GET 200 https://registry.npmjs.org/postcss-dir-pseudo-class/-/postcss-dir-pseudo-class-6.0.5.tgz 12410ms (cache miss)
4483 http fetch GET 200 https://registry.npmjs.org/nanoid/-/nanoid-3.3.11.tgz 12370ms (cache miss)
4484 http fetch GET 200 https://registry.npmjs.org/workbox-sw/-/workbox-sw-6.6.0.tgz 12636ms (cache miss)
4485 http fetch GET 200 https://registry.npmjs.org/parseurl/-/parseurl-1.3.3.tgz 12492ms (cache miss)
4486 http fetch GET 200 https://registry.npmjs.org/url-parse/-/url-parse-1.5.10.tgz 12795ms (cache miss)
4487 http fetch GET 200 https://registry.npmjs.org/makeerror/-/makeerror-1.0.12.tgz 12578ms (cache miss)
4488 http fetch GET 200 https://registry.npmjs.org/lower-case/-/lower-case-2.0.2.tgz 12611ms (cache miss)
4489 http fetch GET 200 https://registry.npmjs.org/make-dir/-/make-dir-3.1.0.tgz 12617ms (cache miss)
4490 http fetch GET 200 https://registry.npmjs.org/micromatch/-/micromatch-4.0.8.tgz 12626ms (cache miss)
4491 http fetch GET 200 https://registry.npmjs.org/loose-envify/-/loose-envify-1.4.0.tgz 12638ms (cache miss)
4492 http fetch GET 200 https://registry.npmjs.org/lodash.uniq/-/lodash.uniq-4.5.0.tgz 12641ms (cache miss)
4493 http fetch GET 200 https://registry.npmjs.org/lodash.debounce/-/lodash.debounce-4.0.8.tgz 12647ms (cache miss)
4494 http fetch GET 200 https://registry.npmjs.org/loader-utils/-/loader-utils-2.0.4.tgz 12646ms (cache miss)
4495 http fetch GET 200 https://registry.npmjs.org/lines-and-columns/-/lines-and-columns-1.2.4.tgz 12650ms (cache miss)
4496 http fetch GET 200 https://registry.npmjs.org/launch-editor/-/launch-editor-2.12.0.tgz 12649ms (cache miss)
4497 http fetch GET 200 https://registry.npmjs.org/loader-runner/-/loader-runner-4.3.1.tgz 12656ms (cache miss)
4498 http fetch GET 200 https://registry.npmjs.org/test-exclude/-/test-exclude-6.0.0.tgz 12865ms (cache miss)
4499 http fetch GET 200 https://registry.npmjs.org/leven/-/leven-3.1.0.tgz 12787ms (cache miss)
4500 http fetch GET 200 https://registry.npmjs.org/kleur/-/kleur-3.0.3.tgz 12914ms (cache miss)
4501 http fetch GET 200 https://registry.npmjs.org/jsonpointer/-/jsonpointer-5.0.1.tgz 12946ms (cache miss)
4502 http fetch GET 200 https://registry.npmjs.org/levn/-/levn-0.4.1.tgz 12966ms (cache miss)
4503 http fetch GET 200 https://registry.npmjs.org/keyv/-/keyv-4.5.4.tgz 12994ms (cache miss)
4504 http fetch GET 200 https://registry.npmjs.org/p-locate/-/p-locate-4.1.0.tgz 13119ms (cache miss)
4505 http fetch GET 200 https://registry.npmjs.org/json-schema-traverse/-/json-schema-traverse-0.4.1.tgz 13156ms (cache miss)
4506 http fetch GET 200 https://registry.npmjs.org/jsesc/-/jsesc-3.1.0.tgz 13173ms (cache miss)
4507 http fetch GET 200 https://registry.npmjs.org/jest-watcher/-/jest-watcher-27.5.1.tgz 13244ms (cache miss)
4508 http fetch GET 200 https://registry.npmjs.org/object.groupby/-/object.groupby-1.0.3.tgz 13383ms (cache miss)
4509 http fetch GET 200 https://registry.npmjs.org/json-schema/-/json-schema-0.4.0.tgz 13337ms (cache miss)
4510 http fetch GET 200 https://registry.npmjs.org/pascal-case/-/pascal-case-3.1.2.tgz 13415ms (cache miss)
4511 http fetch GET 200 https://registry.npmjs.org/object.entries/-/object.entries-1.1.9.tgz 13410ms (cache miss)
4512 http fetch GET 200 https://registry.npmjs.org/jest-runner/-/jest-runner-27.5.1.tgz 13454ms (cache miss)
4513 http fetch GET 200 https://registry.npmjs.org/lru-cache/-/lru-cache-5.1.1.tgz 13489ms (cache miss)
4514 http fetch GET 200 https://registry.npmjs.org/jest-util/-/jest-util-27.5.1.tgz 13460ms (cache miss)
4515 http fetch GET 200 https://registry.npmjs.org/jest-serializer/-/jest-serializer-27.5.1.tgz 13464ms (cache miss)
4516 http fetch GET 200 https://registry.npmjs.org/npm-run-path/-/npm-run-path-4.0.1.tgz 13529ms (cache miss)
4517 http fetch GET 200 https://registry.npmjs.org/saxes/-/saxes-5.0.1.tgz 13766ms (cache miss)
4518 http fetch GET 200 https://registry.npmjs.org/jest-validate/-/jest-validate-27.5.1.tgz 13646ms (cache miss)
4519 http fetch GET 200 https://registry.npmjs.org/jest-resolve-dependencies/-/jest-resolve-dependencies-27.5.1.tgz 13646ms (cache miss)
4520 http fetch GET 200 https://registry.npmjs.org/jest-resolve/-/jest-resolve-27.5.1.tgz 13692ms (cache miss)
4521 http fetch GET 200 https://registry.npmjs.org/jest-regex-util/-/jest-regex-util-27.5.1.tgz 13716ms (cache miss)
4522 http fetch GET 200 https://registry.npmjs.org/jsonfile/-/jsonfile-6.2.0.tgz 13761ms (cache miss)
4523 http fetch GET 200 https://registry.npmjs.org/jest-matcher-utils/-/jest-matcher-utils-27.5.1.tgz 13747ms (cache miss)
4524 http fetch GET 200 https://registry.npmjs.org/jest-leak-detector/-/jest-leak-detector-27.5.1.tgz 13752ms (cache miss)
4525 http fetch GET 200 https://registry.npmjs.org/mz/-/mz-2.7.0.tgz 13819ms (cache miss)
4526 http fetch GET 200 https://registry.npmjs.org/jest-environment-node/-/jest-environment-node-27.5.1.tgz 13782ms (cache miss)
4527 http fetch GET 200 https://registry.npmjs.org/jest-environment-jsdom/-/jest-environment-jsdom-27.5.1.tgz 13787ms (cache miss)
4528 http fetch GET 200 https://registry.npmjs.org/jest/-/jest-27.5.1.tgz 13817ms (cache miss)
4529 http fetch GET 200 https://registry.npmjs.org/jest-each/-/jest-each-27.5.1.tgz 13822ms (cache miss)
4530 http fetch GET 200 https://registry.npmjs.org/jest-docblock/-/jest-docblock-27.5.1.tgz 13822ms (cache miss)
4531 http fetch GET 200 https://registry.npmjs.org/minimatch/-/minimatch-3.1.2.tgz 13881ms (cache miss)
4532 http fetch GET 200 https://registry.npmjs.org/jest-cli/-/jest-cli-27.5.1.tgz 13898ms (cache miss)
4533 http fetch GET 200 https://registry.npmjs.org/json-buffer/-/json-buffer-3.0.1.tgz 13916ms (cache miss)
4534 http fetch GET 200 https://registry.npmjs.org/mime-types/-/mime-types-2.1.35.tgz 13960ms (cache miss)
4535 http fetch GET 200 https://registry.npmjs.org/merge-descriptors/-/merge-descriptors-1.0.3.tgz 13975ms (cache miss)
4536 http fetch GET 200 https://registry.npmjs.org/methods/-/methods-1.1.2.tgz 13988ms (cache miss)
4537 http fetch GET 200 https://registry.npmjs.org/isexe/-/isexe-2.0.0.tgz 13959ms (cache miss)
4538 http fetch GET 200 https://registry.npmjs.org/is-wsl/-/is-wsl-2.2.0.tgz 13970ms (cache miss)
4539 http fetch GET 200 https://registry.npmjs.org/isarray/-/isarray-2.0.5.tgz 13998ms (cache miss)
4540 http fetch GET 200 https://registry.npmjs.org/is-typedarray/-/is-typedarray-1.0.0.tgz 14000ms (cache miss)
4541 http fetch GET 200 https://registry.npmjs.org/is-typed-array/-/is-typed-array-1.1.15.tgz 14030ms (cache miss)
4542 http fetch GET 200 https://registry.npmjs.org/is-weakmap/-/is-weakmap-2.0.2.tgz 14034ms (cache miss)
4543 http fetch GET 200 https://registry.npmjs.org/is-weakref/-/is-weakref-1.1.1.tgz 14052ms (cache miss)
4544 http fetch GET 200 https://registry.npmjs.org/is-string/-/is-string-1.1.1.tgz 14085ms (cache miss)
4545 http fetch GET 200 https://registry.npmjs.org/is-stream/-/is-stream-2.0.1.tgz 14088ms (cache miss)
4546 http fetch GET 200 https://registry.npmjs.org/is-symbol/-/is-symbol-1.1.1.tgz 14126ms (cache miss)
4547 http fetch GET 200 https://registry.npmjs.org/media-typer/-/media-typer-0.3.0.tgz 14192ms (cache miss)
4548 http fetch GET 200 https://registry.npmjs.org/is-weakset/-/is-weakset-2.0.4.tgz 14145ms (cache miss)
4549 http fetch GET 200 https://registry.npmjs.org/is-root/-/is-root-2.1.0.tgz 14156ms (cache miss)
4550 http fetch GET 200 https://registry.npmjs.org/is-regex/-/is-regex-1.2.1.tgz 14166ms (cache miss)
4551 http fetch GET 200 https://registry.npmjs.org/is-plain-obj/-/is-plain-obj-3.0.0.tgz 14174ms (cache miss)
4552 http fetch GET 200 https://registry.npmjs.org/is-set/-/is-set-2.0.3.tgz 14176ms (cache miss)
4553 http fetch GET 200 https://registry.npmjs.org/is-potential-custom-element-name/-/is-potential-custom-element-name-1.0.1.tgz 14186ms (cache miss)
4554 http fetch GET 200 https://registry.npmjs.org/is-regexp/-/is-regexp-1.0.0.tgz 14187ms (cache miss)
4555 http fetch GET 200 https://registry.npmjs.org/is-path-inside/-/is-path-inside-3.0.3.tgz 14201ms (cache miss)
4556 http fetch GET 200 https://registry.npmjs.org/is-number-object/-/is-number-object-1.1.1.tgz 14218ms (cache miss)
4557 http fetch GET 200 https://registry.npmjs.org/is-module/-/is-module-1.0.0.tgz 14236ms (cache miss)
4558 http fetch GET 200 https://registry.npmjs.org/regjsparser/-/regjsparser-0.13.0.tgz 14434ms (cache miss)
4559 http fetch GET 200 https://registry.npmjs.org/lodash.merge/-/lodash.merge-4.6.2.tgz 14328ms (cache miss)
4560 http fetch GET 200 https://registry.npmjs.org/is-generator-fn/-/is-generator-fn-2.1.0.tgz 14280ms (cache miss)
4561 http fetch GET 200 https://registry.npmjs.org/is-date-object/-/is-date-object-1.1.0.tgz 14281ms (cache miss)
4562 http fetch GET 200 https://registry.npmjs.org/is-extglob/-/is-extglob-2.1.1.tgz 14282ms (cache miss)
4563 http fetch GET 200 https://registry.npmjs.org/is-negative-zero/-/is-negative-zero-2.0.3.tgz 14285ms (cache miss)
4564 http fetch GET 200 https://registry.npmjs.org/is-glob/-/is-glob-4.0.3.tgz 14284ms (cache miss)
4565 warn deprecated rollup-plugin-terser@7.0.2: This package has been deprecated and is no longer maintained. Please use @rollup/plugin-terser
4566 http fetch GET 200 https://registry.npmjs.org/is-generator-function/-/is-generator-function-1.1.2.tgz 14371ms (cache miss)
4567 http fetch GET 200 https://registry.npmjs.org/is-finalizationregistry/-/is-finalizationregistry-1.1.1.tgz 14368ms (cache miss)
4568 http fetch GET 200 https://registry.npmjs.org/is-data-view/-/is-data-view-1.0.2.tgz 14372ms (cache miss)
4569 http fetch GET 200 https://registry.npmjs.org/is-docker/-/is-docker-2.2.1.tgz 14377ms (cache miss)
4570 http fetch GET 200 https://registry.npmjs.org/is-fullwidth-code-point/-/is-fullwidth-code-point-3.0.0.tgz 14375ms (cache miss)
4571 http fetch GET 200 https://registry.npmjs.org/is-bigint/-/is-bigint-1.1.0.tgz 14378ms (cache miss)
4572 http fetch GET 200 https://registry.npmjs.org/is-async-function/-/is-async-function-2.1.1.tgz 14376ms (cache miss)
4573 http fetch GET 200 https://registry.npmjs.org/is-binary-path/-/is-binary-path-2.1.0.tgz 14379ms (cache miss)
4574 http fetch GET 200 https://registry.npmjs.org/ipaddr.js/-/ipaddr.js-2.3.0.tgz 14378ms (cache miss)
4575 http fetch GET 200 https://registry.npmjs.org/is-map/-/is-map-2.0.3.tgz 14385ms (cache miss)
4576 http fetch GET 200 https://registry.npmjs.org/inherits/-/inherits-2.0.4.tgz 14379ms (cache miss)
4577 http fetch GET 200 https://registry.npmjs.org/is-arrayish/-/is-arrayish-0.2.1.tgz 14387ms (cache miss)
4578 http fetch GET 200 https://registry.npmjs.org/imurmurhash/-/imurmurhash-0.1.4.tgz 14391ms (cache miss)
4579 http fetch GET 200 https://registry.npmjs.org/import-fresh/-/import-fresh-3.3.1.tgz 14394ms (cache miss)
4580 http fetch GET 200 https://registry.npmjs.org/ignore/-/ignore-5.3.2.tgz 14394ms (cache miss)
4581 http fetch GET 200 https://registry.npmjs.org/identity-obj-proxy/-/identity-obj-proxy-3.0.0.tgz 14395ms (cache miss)
4582 http fetch GET 200 https://registry.npmjs.org/indent-string/-/indent-string-4.0.0.tgz 14402ms (cache miss)
4583 http fetch GET 200 https://registry.npmjs.org/https-proxy-agent/-/https-proxy-agent-5.0.1.tgz 14401ms (cache miss)
4584 http fetch GET 200 https://registry.npmjs.org/import-local/-/import-local-3.2.0.tgz 14419ms (cache miss)
4585 http fetch GET 200 https://registry.npmjs.org/istanbul-lib-source-maps/-/istanbul-lib-source-maps-4.0.1.tgz 14462ms (cache miss)
4586 http fetch GET 200 https://registry.npmjs.org/inflight/-/inflight-1.0.6.tgz 14444ms (cache miss)
4587 http fetch GET 200 https://registry.npmjs.org/js-tokens/-/js-tokens-4.0.0.tgz 14543ms (cache miss)
4588 http fetch GET 200 https://registry.npmjs.org/http-proxy-agent/-/http-proxy-agent-4.0.1.tgz 14516ms (cache miss)
4589 http fetch GET 200 https://registry.npmjs.org/http-deceiver/-/http-deceiver-1.2.7.tgz 14522ms (cache miss)
4590 http fetch GET 200 https://registry.npmjs.org/merge2/-/merge2-1.4.1.tgz 14630ms (cache miss)
4591 http fetch GET 200 https://registry.npmjs.org/which-builtin-type/-/which-builtin-type-1.2.1.tgz 14880ms (cache miss)
4592 http fetch GET 200 https://registry.npmjs.org/http-errors/-/http-errors-2.0.1.tgz 14598ms (cache miss)
4593 http fetch GET 200 https://registry.npmjs.org/jest-watch-typeahead/-/jest-watch-typeahead-1.1.0.tgz 14768ms (cache miss)
4594 http fetch GET 200 https://registry.npmjs.org/is-obj/-/is-obj-1.0.1.tgz 14765ms (cache miss)
4595 http fetch GET 200 https://registry.npmjs.org/lodash.sortby/-/lodash.sortby-4.7.0.tgz 14843ms (cache miss)
4596 http fetch GET 200 https://registry.npmjs.org/language-tags/-/language-tags-1.0.9.tgz 14947ms (cache miss)
4597 http fetch GET 200 https://registry.npmjs.org/jest-pnp-resolver/-/jest-pnp-resolver-1.2.3.tgz 14970ms (cache miss)
4598 http fetch GET 200 https://registry.npmjs.org/klona/-/klona-2.0.6.tgz 15017ms (cache miss)
4599 http fetch GET 200 https://registry.npmjs.org/kind-of/-/kind-of-6.0.3.tgz 15036ms (cache miss)
4600 http fetch GET 200 https://registry.npmjs.org/html-escaper/-/html-escaper-2.0.2.tgz 14971ms (cache miss)
4601 http fetch GET 200 https://registry.npmjs.org/jest-get-type/-/jest-get-type-27.5.1.tgz 15032ms (cache miss)
4602 http fetch GET 200 https://registry.npmjs.org/html-encoding-sniffer/-/html-encoding-sniffer-2.0.1.tgz 14990ms (cache miss)
4603 http fetch GET 200 https://registry.npmjs.org/hoopy/-/hoopy-0.1.4.tgz 15017ms (cache miss)
4604 http fetch GET 200 https://registry.npmjs.org/hasown/-/hasown-2.0.2.tgz 15035ms (cache miss)
4605 http fetch GET 200 https://registry.npmjs.org/has-tostringtag/-/has-tostringtag-1.0.2.tgz 15034ms (cache miss)
4606 http fetch GET 200 https://registry.npmjs.org/has-bigints/-/has-bigints-1.1.0.tgz 15084ms (cache miss)
4607 http fetch GET 200 https://registry.npmjs.org/has-property-descriptors/-/has-property-descriptors-1.0.2.tgz 15090ms (cache miss)
4608 http fetch GET 200 https://registry.npmjs.org/has-proto/-/has-proto-1.2.0.tgz 15090ms (cache miss)
4609 http fetch GET 200 https://registry.npmjs.org/jest-changed-files/-/jest-changed-files-27.5.1.tgz 15189ms (cache miss)
4610 http fetch GET 200 https://registry.npmjs.org/has-flag/-/has-flag-4.0.0.tgz 15154ms (cache miss)
4611 http fetch GET 200 https://registry.npmjs.org/istanbul-lib-coverage/-/istanbul-lib-coverage-3.2.2.tgz 15250ms (cache miss)
4612 http fetch GET 200 https://registry.npmjs.org/gzip-size/-/gzip-size-6.0.0.tgz 15217ms (cache miss)
4613 http fetch GET 200 https://registry.npmjs.org/has-symbols/-/has-symbols-1.1.0.tgz 15246ms (cache miss)
4614 http fetch GET 200 https://registry.npmjs.org/handle-thing/-/handle-thing-2.0.1.tgz 15260ms (cache miss)
4615 http fetch GET 200 https://registry.npmjs.org/graceful-fs/-/graceful-fs-4.2.11.tgz 15263ms (cache miss)
4616 http fetch GET 200 https://registry.npmjs.org/gopd/-/gopd-1.2.0.tgz 15318ms (cache miss)
4617 http fetch GET 200 https://registry.npmjs.org/is-number/-/is-number-7.0.0.tgz 15448ms (cache miss)
4618 http fetch GET 200 https://registry.npmjs.org/global-modules/-/global-modules-2.0.0.tgz 15433ms (cache miss)
4619 http fetch GET 200 https://registry.npmjs.org/global-prefix/-/global-prefix-3.0.0.tgz 15436ms (cache miss)
4620 http fetch GET 200 https://registry.npmjs.org/glob-to-regexp/-/glob-to-regexp-0.4.1.tgz 15444ms (cache miss)
4621 http fetch GET 200 https://registry.npmjs.org/locate-path/-/locate-path-5.0.0.tgz 15555ms (cache miss)
4622 http fetch GET 200 https://registry.npmjs.org/lodash.memoize/-/lodash.memoize-4.1.2.tgz 15565ms (cache miss)
4623 http fetch GET 200 https://registry.npmjs.org/glob-parent/-/glob-parent-6.0.2.tgz 15544ms (cache miss)
4624 http fetch GET 200 https://registry.npmjs.org/get-symbol-description/-/get-symbol-description-1.1.0.tgz 15544ms (cache miss)
4625 http fetch GET 200 https://registry.npmjs.org/get-stream/-/get-stream-6.0.1.tgz 15563ms (cache miss)
4626 http fetch GET 200 https://registry.npmjs.org/postcss-media-minmax/-/postcss-media-minmax-5.0.0.tgz 15754ms (cache miss)
4627 http fetch GET 200 https://registry.npmjs.org/globby/-/globby-11.1.0.tgz 15582ms (cache miss)
4628 http fetch GET 200 https://registry.npmjs.org/glob/-/glob-7.2.3.tgz 15580ms (cache miss)
4629 http fetch GET 200 https://registry.npmjs.org/icss-utils/-/icss-utils-5.1.0.tgz 15736ms (cache miss)
4630 http fetch GET 200 https://registry.npmjs.org/ini/-/ini-1.3.8.tgz 15810ms (cache miss)
4631 http fetch GET 200 https://registry.npmjs.org/functions-have-names/-/functions-have-names-1.2.3.tgz 15848ms (cache miss)
4632 http fetch GET 200 https://registry.npmjs.org/fresh/-/fresh-0.5.2.tgz 15854ms (cache miss)
4633 http fetch GET 200 https://registry.npmjs.org/gensync/-/gensync-1.0.0-beta.2.tgz 15879ms (cache miss)
4634 http fetch GET 200 https://registry.npmjs.org/function-bind/-/function-bind-1.1.2.tgz 15879ms (cache miss)
4635 http fetch GET 200 https://registry.npmjs.org/function.prototype.name/-/function.prototype.name-1.1.8.tgz 15901ms (cache miss)
4636 http fetch GET 200 https://registry.npmjs.org/get-own-enumerable-property-symbols/-/get-own-enumerable-property-symbols-3.0.2.tgz 15933ms (cache miss)
4637 warn deprecated inflight@1.0.6: This module is not supported, and leaks memory. Do not use it. Check out lru-cache if you want a good and tested way to coalesce async requests by a key value, which is much more comprehensive and powerful.
4638 http fetch GET 200 https://registry.npmjs.org/forwarded/-/forwarded-0.2.0.tgz 16535ms (cache miss)
4639 http fetch GET 200 https://registry.npmjs.org/fill-range/-/fill-range-7.1.1.tgz 16648ms (cache miss)
4640 http fetch GET 200 https://registry.npmjs.org/for-each/-/for-each-0.3.5.tgz 16655ms (cache miss)
4641 http fetch GET 200 https://registry.npmjs.org/find-cache-dir/-/find-cache-dir-3.3.2.tgz 16662ms (cache miss)
4642 http fetch GET 200 https://registry.npmjs.org/follow-redirects/-/follow-redirects-1.15.11.tgz 16665ms (cache miss)
4643 http fetch GET 200 https://registry.npmjs.org/filelist/-/filelist-1.0.4.tgz 16670ms (cache miss)
4644 http fetch GET 200 https://registry.npmjs.org/finalhandler/-/finalhandler-1.3.2.tgz 16680ms (cache miss)
4645 http fetch GET 200 https://registry.npmjs.org/find-up/-/find-up-4.1.0.tgz 16685ms (cache miss)
4646 http fetch GET 200 https://registry.npmjs.org/fs-monkey/-/fs-monkey-1.1.0.tgz 16730ms (cache miss)
4647 http fetch GET 200 https://registry.npmjs.org/fast-deep-equal/-/fast-deep-equal-3.1.3.tgz 16829ms (cache miss)
4648 http fetch GET 200 https://registry.npmjs.org/file-entry-cache/-/file-entry-cache-6.0.1.tgz 16854ms (cache miss)
4649 http fetch GET 200 https://registry.npmjs.org/fb-watchman/-/fb-watchman-2.0.2.tgz 16854ms (cache miss)
4650 http fetch GET 200 https://registry.npmjs.org/get-package-type/-/get-package-type-0.1.0.tgz 16878ms (cache miss)
4651 http fetch GET 200 https://registry.npmjs.org/fastq/-/fastq-1.19.1.tgz 16864ms (cache miss)
4652 http fetch GET 200 https://registry.npmjs.org/fast-levenshtein/-/fast-levenshtein-2.0.6.tgz 16884ms (cache miss)
4653 http fetch GET 200 https://registry.npmjs.org/filesize/-/filesize-8.0.7.tgz 16928ms (cache miss)
4654 http fetch GET 200 https://registry.npmjs.org/source-map-support/-/source-map-support-0.5.21.tgz 17231ms (cache miss)
4655 http fetch GET 200 https://registry.npmjs.org/json-parse-even-better-errors/-/json-parse-even-better-errors-2.3.1.tgz 17125ms (cache miss)
4656 http fetch GET 200 https://registry.npmjs.org/etag/-/etag-1.8.1.tgz 17036ms (cache miss)
4657 http fetch GET 200 https://registry.npmjs.org/fast-json-stable-stringify/-/fast-json-stable-stringify-2.1.0.tgz 17078ms (cache miss)
4658 http fetch GET 200 https://registry.npmjs.org/eventemitter3/-/eventemitter3-4.0.7.tgz 17077ms (cache miss)
4659 http fetch GET 200 https://registry.npmjs.org/estree-walker/-/estree-walker-1.0.1.tgz 17226ms (cache miss)
4660 http fetch GET 200 https://registry.npmjs.org/flatted/-/flatted-3.3.3.tgz 17334ms (cache miss)
4661 http fetch GET 200 https://registry.npmjs.org/esutils/-/esutils-2.0.3.tgz 17386ms (cache miss)
4662 http fetch GET 200 https://registry.npmjs.org/esrecurse/-/esrecurse-4.3.0.tgz 17397ms (cache miss)
4663 http fetch GET 200 https://registry.npmjs.org/generator-function/-/generator-function-2.0.1.tgz 17811ms (cache miss)
4664 http fetch GET 200 https://registry.npmjs.org/fs.realpath/-/fs.realpath-1.0.0.tgz 17812ms (cache miss)
4665 http fetch GET 200 https://registry.npmjs.org/postcss-custom-selectors/-/postcss-custom-selectors-6.0.3.tgz 18014ms (cache miss)
4666 http fetch GET 200 https://registry.npmjs.org/get-caller-file/-/get-caller-file-2.0.5.tgz 17840ms (cache miss)
4667 http fetch GET 200 https://registry.npmjs.org/eslint-config-react-app/-/eslint-config-react-app-7.0.1.tgz 17831ms (cache miss)
4668 http fetch GET 200 https://registry.npmjs.org/escape-string-regexp/-/escape-string-regexp-4.0.0.tgz 17838ms (cache miss)
4669 http fetch GET 200 https://registry.npmjs.org/http-parser-js/-/http-parser-js-0.5.10.tgz 17968ms (cache miss)
4670 http fetch GET 200 https://registry.npmjs.org/eslint-import-resolver-node/-/eslint-import-resolver-node-0.3.9.tgz 17984ms (cache miss)
4671 http fetch GET 200 https://registry.npmjs.org/escalade/-/escalade-3.2.0.tgz 18008ms (cache miss)
4672 http fetch GET 200 https://registry.npmjs.org/es-set-tostringtag/-/es-set-tostringtag-2.1.0.tgz 18014ms (cache miss)
4673 http fetch GET 200 https://registry.npmjs.org/escape-html/-/escape-html-1.0.3.tgz 18020ms (cache miss)
4674 http fetch GET 200 https://registry.npmjs.org/chardet/-/chardet-0.7.0.tgz 18516ms (cache miss)
4675 http fetch GET 200 https://registry.npmjs.org/postcss-gap-properties/-/postcss-gap-properties-3.0.5.tgz 18356ms (cache miss)
4676 http fetch GET 200 https://registry.npmjs.org/es-object-atoms/-/es-object-atoms-1.1.1.tgz 18138ms (cache miss)
4677 http fetch GET 200 https://registry.npmjs.org/error-ex/-/error-ex-1.3.4.tgz 18136ms (cache miss)
4678 http fetch GET 200 https://registry.npmjs.org/encodeurl/-/encodeurl-2.0.0.tgz 18142ms (cache miss)
4679 http fetch GET 200 https://registry.npmjs.org/postcss-env-function/-/postcss-env-function-4.0.6.tgz 18413ms (cache miss)
4680 http fetch GET 200 https://registry.npmjs.org/q/-/q-1.5.1.tgz 18521ms (cache miss)
4681 http fetch GET 200 https://registry.npmjs.org/es-define-property/-/es-define-property-1.0.1.tgz 18247ms (cache miss)
4682 http fetch GET 200 https://registry.npmjs.org/emittery/-/emittery-0.8.1.tgz 18245ms (cache miss)
4683 http fetch GET 200 https://registry.npmjs.org/ee-first/-/ee-first-1.1.1.tgz 18254ms (cache miss)
4684 http fetch GET 200 https://registry.npmjs.org/set-function-name/-/set-function-name-2.0.2.tgz 18580ms (cache miss)
4685 http fetch GET 200 https://registry.npmjs.org/object-hash/-/object-hash-3.0.0.tgz 18472ms (cache miss)
4686 http fetch GET 200 https://registry.npmjs.org/duplexer/-/duplexer-0.1.2.tgz 18282ms (cache miss)
4687 http fetch GET 200 https://registry.npmjs.org/lilconfig/-/lilconfig-2.1.0.tgz 18767ms (cache miss)
4688 http fetch GET 200 https://registry.npmjs.org/dot-case/-/dot-case-3.0.4.tgz 18627ms (cache miss)
4689 http fetch GET 200 https://registry.npmjs.org/dom-converter/-/dom-converter-0.2.0.tgz 18672ms (cache miss)
4690 http fetch GET 200 https://registry.npmjs.org/dns-packet/-/dns-packet-5.6.1.tgz 18671ms (cache miss)
4691 http fetch GET 200 https://registry.npmjs.org/dlv/-/dlv-1.1.3.tgz 18672ms (cache miss)
4692 http fetch GET 200 https://registry.npmjs.org/dir-glob/-/dir-glob-3.0.1.tgz 18674ms (cache miss)
4693 http fetch GET 200 https://registry.npmjs.org/domelementtype/-/domelementtype-2.3.0.tgz 18678ms (cache miss)
4694 http fetch GET 200 https://registry.npmjs.org/jest-mock/-/jest-mock-27.5.1.tgz 18831ms (cache miss)
4695 http fetch GET 200 https://registry.npmjs.org/dom-serializer/-/dom-serializer-1.4.1.tgz 18716ms (cache miss)
4696 http fetch GET 200 https://registry.npmjs.org/detect-newline/-/detect-newline-3.1.0.tgz 18720ms (cache miss)
4697 http fetch GET 200 https://registry.npmjs.org/dequal/-/dequal-2.0.3.tgz 18723ms (cache miss)
4698 http fetch GET 200 https://registry.npmjs.org/delayed-stream/-/delayed-stream-1.0.0.tgz 18754ms (cache miss)
4699 http fetch GET 200 https://registry.npmjs.org/depd/-/depd-2.0.0.tgz 18758ms (cache miss)
4700 http fetch GET 200 https://registry.npmjs.org/define-lazy-prop/-/define-lazy-prop-2.0.0.tgz 18767ms (cache miss)
4701 http fetch GET 200 https://registry.npmjs.org/default-gateway/-/default-gateway-6.0.3.tgz 18821ms (cache miss)
4702 http fetch GET 200 https://registry.npmjs.org/define-data-property/-/define-data-property-1.1.4.tgz 18849ms (cache miss)
4703 http fetch GET 200 https://registry.npmjs.org/deep-is/-/deep-is-0.1.4.tgz 18860ms (cache miss)
4704 http fetch GET 200 https://registry.npmjs.org/data-view-byte-offset/-/data-view-byte-offset-1.0.1.tgz 18869ms (cache miss)
4705 http fetch GET 200 https://registry.npmjs.org/debug/-/debug-4.4.3.tgz 18888ms (cache miss)
4706 http fetch GET 200 https://registry.npmjs.org/data-view-byte-length/-/data-view-byte-length-1.0.2.tgz 18891ms (cache miss)
4707 http fetch GET 200 https://registry.npmjs.org/dedent/-/dedent-0.7.0.tgz 18893ms (cache miss)
4708 http fetch GET 200 https://registry.npmjs.org/data-view-buffer/-/data-view-buffer-1.0.2.tgz 18900ms (cache miss)
4709 http fetch GET 200 https://registry.npmjs.org/cssom/-/cssom-0.4.4.tgz 18906ms (cache miss)
4710 http fetch GET 200 https://registry.npmjs.org/damerau-levenshtein/-/damerau-levenshtein-1.0.8.tgz 18917ms (cache miss)
4711 http fetch GET 200 https://registry.npmjs.org/cssnano-utils/-/cssnano-utils-3.1.0.tgz 18932ms (cache miss)
4712 http fetch GET 200 https://registry.npmjs.org/data-urls/-/data-urls-2.0.0.tgz 18950ms (cache miss)
4713 http fetch GET 200 https://registry.npmjs.org/cssnano-preset-default/-/cssnano-preset-default-5.2.14.tgz 18975ms (cache miss)
4714 http fetch GET 200 https://registry.npmjs.org/harmony-reflect/-/harmony-reflect-1.6.2.tgz 19084ms (cache miss)
4715 http fetch GET 200 https://registry.npmjs.org/css-select-base-adapter/-/css-select-base-adapter-0.1.1.tgz 19031ms (cache miss)
4716 http fetch GET 200 https://registry.npmjs.org/css-declaration-sorter/-/css-declaration-sorter-6.4.1.tgz 19030ms (cache miss)
4717 http fetch GET 200 https://registry.npmjs.org/core-util-is/-/core-util-is-1.0.3.tgz 19073ms (cache miss)
4718 http fetch GET 200 https://registry.npmjs.org/crypto-random-string/-/crypto-random-string-2.0.0.tgz 19072ms (cache miss)
4719 http fetch GET 200 https://registry.npmjs.org/cross-spawn/-/cross-spawn-7.0.6.tgz 19076ms (cache miss)
4720 http fetch GET 200 https://registry.npmjs.org/cookie-signature/-/cookie-signature-1.0.7.tgz 19075ms (cache miss)
4721 http fetch GET 200 https://registry.npmjs.org/convert-source-map/-/convert-source-map-2.0.0.tgz 19075ms (cache miss)
4722 http fetch GET 200 https://registry.npmjs.org/content-disposition/-/content-disposition-0.5.4.tgz 19081ms (cache miss)
4723 http fetch GET 200 https://registry.npmjs.org/cookie/-/cookie-0.7.2.tgz 19135ms (cache miss)
4724 http fetch GET 200 https://registry.npmjs.org/connect-history-api-fallback/-/connect-history-api-fallback-2.0.0.tgz 19158ms (cache miss)
4725 http fetch GET 200 https://registry.npmjs.org/confusing-browser-globals/-/confusing-browser-globals-1.0.11.tgz 19164ms (cache miss)
4726 http fetch GET 200 https://registry.npmjs.org/compression/-/compression-1.8.1.tgz 19168ms (cache miss)
4727 http fetch GET 200 https://registry.npmjs.org/compressible/-/compressible-2.0.18.tgz 19181ms (cache miss)
4728 http fetch GET 200 https://registry.npmjs.org/es-array-method-boxes-properly/-/es-array-method-boxes-properly-1.0.0.tgz 19268ms (cache miss)
4729 http fetch GET 200 https://registry.npmjs.org/commondir/-/commondir-1.0.1.tgz 19220ms (cache miss)
4730 http fetch GET 200 https://registry.npmjs.org/combined-stream/-/combined-stream-1.0.8.tgz 19220ms (cache miss)
4731 http fetch GET 200 https://registry.npmjs.org/deepmerge/-/deepmerge-4.3.1.tgz 19255ms (cache miss)
4732 http fetch GET 200 https://registry.npmjs.org/error-stack-parser/-/error-stack-parser-2.1.4.tgz 19285ms (cache miss)
4733 http fetch GET 200 https://registry.npmjs.org/colorette/-/colorette-2.0.20.tgz 19269ms (cache miss)
4734 http fetch GET 200 https://registry.npmjs.org/color-name/-/color-name-1.1.4.tgz 19305ms (cache miss)
4735 http fetch GET 200 https://registry.npmjs.org/collect-v8-coverage/-/collect-v8-coverage-1.0.3.tgz 19315ms (cache miss)
4736 http fetch GET 200 https://registry.npmjs.org/color-convert/-/color-convert-2.0.1.tgz 19317ms (cache miss)
4737 http fetch GET 200 https://registry.npmjs.org/cliui/-/cliui-7.0.4.tgz 19318ms (cache miss)
4738 http fetch GET 200 https://registry.npmjs.org/ci-info/-/ci-info-3.9.0.tgz 19413ms (cache miss)
4739 http fetch GET 200 https://registry.npmjs.org/chrome-trace-event/-/chrome-trace-event-1.0.4.tgz 19415ms (cache miss)
4740 http fetch GET 200 https://registry.npmjs.org/chalk/-/chalk-4.1.2.tgz 19416ms (cache miss)
4741 http fetch GET 200 https://registry.npmjs.org/check-types/-/check-types-11.2.3.tgz 19418ms (cache miss)
4742 http fetch GET 200 https://registry.npmjs.org/char-regex/-/char-regex-1.0.2.tgz 19426ms (cache miss)
4743 http fetch GET 200 https://registry.npmjs.org/case-sensitive-paths-webpack-plugin/-/case-sensitive-paths-webpack-plugin-2.4.0.tgz 19436ms (cache miss)
4744 http fetch GET 200 https://registry.npmjs.org/camelcase-css/-/camelcase-css-2.0.1.tgz 19470ms (cache miss)
4745 http fetch GET 200 https://registry.npmjs.org/callsites/-/callsites-3.1.0.tgz 19473ms (cache miss)
4746 http fetch GET 200 https://registry.npmjs.org/call-bind-apply-helpers/-/call-bind-apply-helpers-1.0.2.tgz 19473ms (cache miss)
4747 http fetch GET 200 https://registry.npmjs.org/camelcase/-/camelcase-6.3.0.tgz 19476ms (cache miss)
4748 http fetch GET 200 https://registry.npmjs.org/builtin-modules/-/builtin-modules-3.3.0.tgz 19475ms (cache miss)
4749 http fetch GET 200 https://registry.npmjs.org/call-bound/-/call-bound-1.0.4.tgz 19479ms (cache miss)
4750 http fetch GET 200 https://registry.npmjs.org/caniuse-api/-/caniuse-api-3.0.0.tgz 19480ms (cache miss)
4751 http fetch GET 200 https://registry.npmjs.org/bytes/-/bytes-3.1.2.tgz 19487ms (cache miss)
4752 http fetch GET 200 https://registry.npmjs.org/bser/-/bser-2.1.1.tgz 19486ms (cache miss)
4753 http fetch GET 200 https://registry.npmjs.org/boolbase/-/boolbase-1.0.0.tgz 19492ms (cache miss)
4754 http fetch GET 200 https://registry.npmjs.org/braces/-/braces-3.0.3.tgz 19495ms (cache miss)
4755 http fetch GET 200 https://registry.npmjs.org/buffer-from/-/buffer-from-1.1.2.tgz 19497ms (cache miss)
4756 http fetch GET 200 https://registry.npmjs.org/browser-process-hrtime/-/browser-process-hrtime-1.0.0.tgz 19502ms (cache miss)
4757 http fetch GET 200 https://registry.npmjs.org/brace-expansion/-/brace-expansion-1.1.12.tgz 19505ms (cache miss)
4758 http fetch GET 200 https://registry.npmjs.org/domhandler/-/domhandler-4.3.1.tgz 19644ms (cache miss)
4759 http fetch GET 200 https://registry.npmjs.org/babel-preset-react-app/-/babel-preset-react-app-10.1.0.tgz 19588ms (cache miss)
4760 http fetch GET 200 https://registry.npmjs.org/batch/-/batch-0.6.1.tgz 19590ms (cache miss)
4761 http fetch GET 200 https://registry.npmjs.org/binary-extensions/-/binary-extensions-2.3.0.tgz 19602ms (cache miss)
4762 http fetch GET 200 https://registry.npmjs.org/babel-preset-current-node-syntax/-/babel-preset-current-node-syntax-1.2.0.tgz 19626ms (cache miss)
4763 http fetch GET 200 https://registry.npmjs.org/babel-preset-jest/-/babel-preset-jest-27.5.1.tgz 19627ms (cache miss)
4764 http fetch GET 200 https://registry.npmjs.org/babel-plugin-polyfill-regenerator/-/babel-plugin-polyfill-regenerator-0.6.5.tgz 19626ms (cache miss)
4765 http fetch GET 200 https://registry.npmjs.org/babel-plugin-macros/-/babel-plugin-macros-3.1.0.tgz 19637ms (cache miss)
4766 http fetch GET 200 https://registry.npmjs.org/balanced-match/-/balanced-match-1.0.2.tgz 19644ms (cache miss)
4767 http fetch GET 200 https://registry.npmjs.org/babel-plugin-jest-hoist/-/babel-plugin-jest-hoist-27.5.1.tgz 19640ms (cache miss)
4768 http fetch GET 200 https://registry.npmjs.org/babel-plugin-named-asset-import/-/babel-plugin-named-asset-import-0.3.8.tgz 19653ms (cache miss)
4769 http fetch GET 200 https://registry.npmjs.org/available-typed-arrays/-/available-typed-arrays-1.0.7.tgz 19654ms (cache miss)
4770 http fetch GET 200 https://registry.npmjs.org/babel-jest/-/babel-jest-27.5.1.tgz 19662ms (cache miss)
4771 http fetch GET 200 https://registry.npmjs.org/at-least-node/-/at-least-node-1.0.0.tgz 19662ms (cache miss)
4772 http fetch GET 200 https://registry.npmjs.org/babel-plugin-istanbul/-/babel-plugin-istanbul-6.1.1.tgz 19667ms (cache miss)
4773 http fetch GET 200 https://registry.npmjs.org/asynckit/-/asynckit-0.4.0.tgz 19676ms (cache miss)
4774 http fetch GET 200 https://registry.npmjs.org/arraybuffer.prototype.slice/-/arraybuffer.prototype.slice-1.0.4.tgz 19676ms (cache miss)
4775 http fetch GET 200 https://registry.npmjs.org/didyoumean/-/didyoumean-1.2.2.tgz 19746ms (cache miss)
4776 http fetch GET 200 https://registry.npmjs.org/detect-node/-/detect-node-2.1.0.tgz 19778ms (cache miss)
4777 http fetch GET 200 https://registry.npmjs.org/array.prototype.reduce/-/array.prototype.reduce-1.0.8.tgz 19738ms (cache miss)
4778 http fetch GET 200 https://registry.npmjs.org/array.prototype.flat/-/array.prototype.flat-1.3.3.tgz 19746ms (cache miss)
4779 http fetch GET 200 https://registry.npmjs.org/destroy/-/destroy-1.2.0.tgz 19834ms (cache miss)
4780 http fetch GET 200 https://registry.npmjs.org/array-union/-/array-union-2.1.0.tgz 19778ms (cache miss)
4781 http fetch GET 200 https://registry.npmjs.org/array-flatten/-/array-flatten-1.1.1.tgz 19783ms (cache miss)
4782 http fetch GET 200 https://registry.npmjs.org/ast-types-flow/-/ast-types-flow-0.0.8.tgz 19791ms (cache miss)
4783 http fetch GET 200 https://registry.npmjs.org/array.prototype.findlast/-/array.prototype.findlast-1.2.5.tgz 19793ms (cache miss)
4784 http fetch GET 200 https://registry.npmjs.org/array-buffer-byte-length/-/array-buffer-byte-length-1.0.2.tgz 19844ms (cache miss)
4785 http fetch GET 200 https://registry.npmjs.org/anymatch/-/anymatch-3.1.3.tgz 19855ms (cache miss)
4786 http fetch GET 200 https://registry.npmjs.org/ansi-regex/-/ansi-regex-5.0.1.tgz 19860ms (cache miss)
4787 warn deprecated q@1.5.1: You or someone you depend on is using Q, the JavaScript Promise library that gave JavaScript developers strong feelings about promises. They can almost certainly migrate to the native JavaScript promise now. Thank you literally everyone for joining me in this bet against the odds. Be excellent to each other.
4787 warn deprecated
4787 warn deprecated (For a CapTP with native promises, see @endo/eventual-send and @endo/captp)
4788 http fetch GET 200 https://registry.npmjs.org/ansi-html-community/-/ansi-html-community-0.0.8.tgz 19898ms (cache miss)
4789 http fetch GET 200 https://registry.npmjs.org/ansi-styles/-/ansi-styles-4.3.0.tgz 19901ms (cache miss)
4790 http fetch GET 200 https://registry.npmjs.org/ansi-html/-/ansi-html-0.0.9.tgz 19900ms (cache miss)
4791 http fetch GET 200 https://registry.npmjs.org/ansi-escapes/-/ansi-escapes-4.3.2.tgz 19897ms (cache miss)
4792 http fetch GET 200 https://registry.npmjs.org/cssnano/-/cssnano-5.1.15.tgz 19970ms (cache miss)
4793 http fetch GET 200 https://registry.npmjs.org/ajv-formats/-/ajv-formats-2.1.1.tgz 19926ms (cache miss)
4794 http fetch GET 200 https://registry.npmjs.org/address/-/address-1.2.2.tgz 19932ms (cache miss)
4795 http fetch GET 200 https://registry.npmjs.org/acorn-jsx/-/acorn-jsx-5.3.2.tgz 19949ms (cache miss)
4796 http fetch GET 200 https://registry.npmjs.org/adjust-sourcemap-loader/-/adjust-sourcemap-loader-4.0.0.tgz 19988ms (cache miss)
4797 http fetch GET 200 https://registry.npmjs.org/agent-base/-/agent-base-6.0.2.tgz 19990ms (cache miss)
4798 http fetch GET 200 https://registry.npmjs.org/cssesc/-/cssesc-3.0.0.tgz 20056ms (cache miss)
4799 http fetch GET 200 https://registry.npmjs.org/css.escape/-/css.escape-1.5.1.tgz 20062ms (cache miss)
4800 http fetch GET 200 https://registry.npmjs.org/acorn-globals/-/acorn-globals-6.0.0.tgz 20008ms (cache miss)
4801 http fetch GET 200 https://registry.npmjs.org/acorn-import-phases/-/acorn-import-phases-1.0.4.tgz 20027ms (cache miss)
4802 http fetch GET 200 https://registry.npmjs.org/@webassemblyjs/wasm-edit/-/wasm-edit-1.14.1.tgz 20061ms (cache miss)
4803 http fetch GET 200 https://registry.npmjs.org/@webassemblyjs/wasm-opt/-/wasm-opt-1.14.1.tgz 20073ms (cache miss)
4804 http fetch GET 200 https://registry.npmjs.org/@webassemblyjs/helper-wasm-section/-/helper-wasm-section-1.14.1.tgz 20084ms (cache miss)
4805 http fetch GET 200 https://registry.npmjs.org/@webassemblyjs/wasm-gen/-/wasm-gen-1.14.1.tgz 20097ms (cache miss)
4806 http fetch GET 200 https://registry.npmjs.org/@webassemblyjs/helper-buffer/-/helper-buffer-1.14.1.tgz 20098ms (cache miss)
4807 http fetch GET 200 https://registry.npmjs.org/@webassemblyjs/utf8/-/utf8-1.13.2.tgz 20101ms (cache miss)
4808 http fetch GET 200 https://registry.npmjs.org/@webassemblyjs/helper-numbers/-/helper-numbers-1.13.2.tgz 20103ms (cache miss)
4809 http fetch GET 200 https://registry.npmjs.org/@webassemblyjs/ieee754/-/ieee754-1.13.2.tgz 20109ms (cache miss)
4810 http fetch GET 200 https://registry.npmjs.org/@webassemblyjs/helper-wasm-bytecode/-/helper-wasm-bytecode-1.13.2.tgz 20134ms (cache miss)
4811 http fetch GET 200 https://registry.npmjs.org/@webassemblyjs/helper-api-error/-/helper-api-error-1.13.2.tgz 20145ms (cache miss)
4812 http fetch GET 200 https://registry.npmjs.org/@typescript-eslint/visitor-keys/-/visitor-keys-5.62.0.tgz 20148ms (cache miss)
4813 http fetch GET 200 https://registry.npmjs.org/content-type/-/content-type-1.0.5.tgz 20222ms (cache miss)
4814 http fetch GET 200 https://registry.npmjs.org/@webassemblyjs/floating-point-hex-parser/-/floating-point-hex-parser-1.13.2.tgz 20175ms (cache miss)
4815 http fetch GET 200 https://registry.npmjs.org/@types/yargs/-/yargs-16.0.11.tgz 20177ms (cache miss)
4816 http fetch GET 200 https://registry.npmjs.org/@types/yargs-parser/-/yargs-parser-21.0.3.tgz 20181ms (cache miss)
4817 http fetch GET 200 https://registry.npmjs.org/@types/ws/-/ws-8.18.1.tgz 20285ms (cache miss)
4818 http fetch GET 200 https://registry.npmjs.org/@typescript-eslint/experimental-utils/-/experimental-utils-5.62.0.tgz 20291ms (cache miss)
4819 http fetch GET 200 https://registry.npmjs.org/@typescript-eslint/parser/-/parser-5.62.0.tgz 20290ms (cache miss)
4820 http fetch GET 200 https://registry.npmjs.org/postcss-preset-env/-/postcss-preset-env-7.8.3.tgz 20715ms (cache miss)
4821 http fetch GET 200 https://registry.npmjs.org/@types/stack-utils/-/stack-utils-2.0.3.tgz 20341ms (cache miss)
4822 http fetch GET 200 https://registry.npmjs.org/@types/trusted-types/-/trusted-types-2.0.7.tgz 20346ms (cache miss)
4823 http fetch GET 200 https://registry.npmjs.org/@types/sockjs/-/sockjs-0.3.36.tgz 20352ms (cache miss)
4824 http fetch GET 200 https://registry.npmjs.org/@types/serve-static/-/serve-static-1.15.10.tgz 20348ms (cache miss)
4825 http fetch GET 200 https://registry.npmjs.org/@types/serve-index/-/serve-index-1.9.4.tgz 20349ms (cache miss)
4826 http fetch GET 200 https://registry.npmjs.org/@types/send/-/send-1.2.1.tgz 20348ms (cache miss)
4827 http fetch GET 200 https://registry.npmjs.org/@types/resolve/-/resolve-1.17.1.tgz 20350ms (cache miss)
4828 http fetch GET 200 https://registry.npmjs.org/@types/retry/-/retry-0.12.0.tgz 20378ms (cache miss)
4829 http fetch GET 200 https://registry.npmjs.org/@types/qs/-/qs-6.14.0.tgz 20396ms (cache miss)
4830 http fetch GET 200 https://registry.npmjs.org/@types/range-parser/-/range-parser-1.2.7.tgz 20394ms (cache miss)
4831 http fetch GET 200 https://registry.npmjs.org/@types/parse-json/-/parse-json-4.0.2.tgz 20406ms (cache miss)
4832 http fetch GET 200 https://registry.npmjs.org/@types/q/-/q-1.5.8.tgz 20441ms (cache miss)
4833 http fetch GET 200 https://registry.npmjs.org/@types/node-forge/-/node-forge-1.3.14.tgz 20440ms (cache miss)
4834 http fetch GET 200 https://registry.npmjs.org/@types/json5/-/json5-0.0.29.tgz 20441ms (cache miss)
4835 http fetch GET 200 https://registry.npmjs.org/@types/mime/-/mime-1.3.5.tgz 20448ms (cache miss)
4836 http fetch GET 200 https://registry.npmjs.org/@types/istanbul-reports/-/istanbul-reports-3.0.4.tgz 20463ms (cache miss)
4837 http fetch GET 200 https://registry.npmjs.org/@types/json-schema/-/json-schema-7.0.15.tgz 20472ms (cache miss)
4838 http fetch GET 200 https://registry.npmjs.org/@types/istanbul-lib-coverage/-/istanbul-lib-coverage-2.0.6.tgz 20484ms (cache miss)
4839 http fetch GET 200 https://registry.npmjs.org/abab/-/abab-2.0.6.tgz 20538ms (cache miss)
4840 http fetch GET 200 https://registry.npmjs.org/@types/http-errors/-/http-errors-2.0.5.tgz 20504ms (cache miss)
4841 http fetch GET 200 https://registry.npmjs.org/@types/express/-/express-4.17.25.tgz 20506ms (cache miss)
4842 http fetch GET 200 https://registry.npmjs.org/@types/istanbul-lib-report/-/istanbul-lib-report-3.0.3.tgz 20530ms (cache miss)
4843 http fetch GET 200 https://registry.npmjs.org/@types/html-minifier-terser/-/html-minifier-terser-6.1.0.tgz 20533ms (cache miss)
4844 http fetch GET 200 https://registry.npmjs.org/@types/eslint-scope/-/eslint-scope-3.7.7.tgz 20537ms (cache miss)
4845 http fetch GET 200 https://registry.npmjs.org/@types/connect/-/connect-3.4.38.tgz 20569ms (cache miss)
4846 http fetch GET 200 https://registry.npmjs.org/@types/express-serve-static-core/-/express-serve-static-core-5.1.0.tgz 20613ms (cache miss)
4847 http fetch GET 200 https://registry.npmjs.org/tr46/-/tr46-2.1.0.tgz 21174ms (cache miss)
4848 http fetch GET 200 https://registry.npmjs.org/which-typed-array/-/which-typed-array-1.1.19.tgz 21330ms (cache miss)
4849 http fetch GET 200 https://registry.npmjs.org/concat-map/-/concat-map-0.0.1.tgz 20868ms (cache miss)
4850 http fetch GET 200 https://registry.npmjs.org/@types/body-parser/-/body-parser-1.19.6.tgz 20800ms (cache miss)
4851 http fetch GET 200 https://registry.npmjs.org/@types/connect-history-api-fallback/-/connect-history-api-fallback-1.5.4.tgz 20803ms (cache miss)
4852 http fetch GET 200 https://registry.npmjs.org/@types/bonjour/-/bonjour-3.5.13.tgz 20807ms (cache miss)
4853 http fetch GET 200 https://registry.npmjs.org/@types/aria-query/-/aria-query-5.0.4.tgz 20807ms (cache miss)
4854 http fetch GET 200 https://registry.npmjs.org/@types/babel__template/-/babel__template-7.4.4.tgz 20813ms (cache miss)
4855 http fetch GET 200 https://registry.npmjs.org/@trysound/sax/-/sax-0.2.0.tgz 20813ms (cache miss)
4856 http fetch GET 200 https://registry.npmjs.org/@types/babel__generator/-/babel__generator-7.27.0.tgz 20815ms (cache miss)
4857 http fetch GET 200 https://registry.npmjs.org/@tootallnate/once/-/once-1.1.2.tgz 20818ms (cache miss)
4858 http fetch GET 200 https://registry.npmjs.org/@svgr/webpack/-/webpack-5.5.0.tgz 20898ms (cache miss)
4859 http fetch GET 200 https://registry.npmjs.org/@svgr/plugin-jsx/-/plugin-jsx-5.5.0.tgz 20935ms (cache miss)
4860 http fetch GET 200 https://registry.npmjs.org/@svgr/plugin-svgo/-/plugin-svgo-5.5.0.tgz 20972ms (cache miss)
4861 http fetch GET 200 https://registry.npmjs.org/@svgr/core/-/core-5.5.0.tgz 20974ms (cache miss)
4862 http fetch GET 200 https://registry.npmjs.org/@svgr/babel-plugin-transform-svg-component/-/babel-plugin-transform-svg-component-5.5.0.tgz 21002ms (cache miss)
4863 http fetch GET 200 https://registry.npmjs.org/@svgr/babel-preset/-/babel-preset-5.5.0.tgz 21004ms (cache miss)
4864 http fetch GET 200 https://registry.npmjs.org/@svgr/babel-plugin-transform-react-native-svg/-/babel-plugin-transform-react-native-svg-5.4.0.tgz 21003ms (cache miss)
4865 http fetch GET 200 https://registry.npmjs.org/@types/http-proxy/-/http-proxy-1.17.17.tgz 21095ms (cache miss)
4866 http fetch GET 200 https://registry.npmjs.org/@xtuc/ieee754/-/ieee754-1.2.0.tgz 21142ms (cache miss)
4867 http fetch GET 200 https://registry.npmjs.org/@types/graceful-fs/-/graceful-fs-4.1.9.tgz 21107ms (cache miss)
4868 http fetch GET 200 https://registry.npmjs.org/@svgr/babel-plugin-remove-jsx-attribute/-/babel-plugin-remove-jsx-attribute-5.4.0.tgz 21085ms (cache miss)
4869 http fetch GET 200 https://registry.npmjs.org/@svgr/babel-plugin-svg-em-dimensions/-/babel-plugin-svg-em-dimensions-5.4.0.tgz 21098ms (cache miss)
4870 http fetch GET 200 https://registry.npmjs.org/@svgr/babel-plugin-remove-jsx-empty-expression/-/babel-plugin-remove-jsx-empty-expression-5.0.1.tgz 21109ms (cache miss)
4871 http fetch GET 200 https://registry.npmjs.org/@webassemblyjs/leb128/-/leb128-1.13.2.tgz 21180ms (cache miss)
4872 http fetch GET 200 https://registry.npmjs.org/@svgr/babel-plugin-add-jsx-attribute/-/babel-plugin-add-jsx-attribute-5.4.0.tgz 21113ms (cache miss)
4873 http fetch GET 200 https://registry.npmjs.org/@sinonjs/commons/-/commons-1.8.6.tgz 21122ms (cache miss)
4874 http fetch GET 200 https://registry.npmjs.org/@rtsao/scc/-/scc-1.1.0.tgz 21123ms (cache miss)
4875 http fetch GET 200 https://registry.npmjs.org/@svgr/babel-plugin-svg-dynamic-title/-/babel-plugin-svg-dynamic-title-5.4.0.tgz 21131ms (cache miss)
4876 http fetch GET 200 https://registry.npmjs.org/@svgr/babel-plugin-replace-jsx-attribute-value/-/babel-plugin-replace-jsx-attribute-value-5.0.1.tgz 21139ms (cache miss)
4877 http fetch GET 200 https://registry.npmjs.org/@nicolo-ribaudo/eslint-scope-5-internals/-/eslint-scope-5-internals-5.1.1-v1.tgz 21184ms (cache miss)
4878 http fetch GET 200 https://registry.npmjs.org/@nodelib/fs.stat/-/fs.stat-2.0.5.tgz 21199ms (cache miss)
4879 http fetch GET 200 https://registry.npmjs.org/@nodelib/fs.walk/-/fs.walk-1.2.8.tgz 21220ms (cache miss)
4880 http fetch GET 200 https://registry.npmjs.org/@jest/test-sequencer/-/test-sequencer-27.5.1.tgz 21234ms (cache miss)
4881 http fetch GET 200 https://registry.npmjs.org/@leichtgewicht/ip-codec/-/ip-codec-2.0.5.tgz 21241ms (cache miss)
4882 http fetch GET 200 https://registry.npmjs.org/@jridgewell/resolve-uri/-/resolve-uri-3.1.2.tgz 21240ms (cache miss)
4883 http fetch GET 200 https://registry.npmjs.org/@jest/source-map/-/source-map-27.5.1.tgz 21265ms (cache miss)
4884 http fetch GET 200 https://registry.npmjs.org/@jest/schemas/-/schemas-28.1.3.tgz 21276ms (cache miss)
4885 http fetch GET 200 https://registry.npmjs.org/@types/babel__core/-/babel__core-7.20.5.tgz 21338ms (cache miss)
4886 http fetch GET 200 https://registry.npmjs.org/@jest/environment/-/environment-27.5.1.tgz 21302ms (cache miss)
4887 http fetch GET 200 https://registry.npmjs.org/@istanbuljs/schema/-/schema-0.1.3.tgz 21309ms (cache miss)
4888 http fetch GET 200 https://registry.npmjs.org/@istanbuljs/load-nyc-config/-/load-nyc-config-1.1.0.tgz 21310ms (cache miss)
4889 http fetch GET 200 https://registry.npmjs.org/@humanwhocodes/module-importer/-/module-importer-1.0.1.tgz 21310ms (cache miss)
4890 http fetch GET 200 https://registry.npmjs.org/@jest/globals/-/globals-27.5.1.tgz 21320ms (cache miss)
4891 http fetch GET 200 https://registry.npmjs.org/@eslint/js/-/js-8.57.1.tgz 21313ms (cache miss)
4892 http fetch GET 200 https://registry.npmjs.org/@humanwhocodes/object-schema/-/object-schema-2.0.3.tgz 21318ms (cache miss)
4893 http fetch GET 200 https://registry.npmjs.org/@jest/console/-/console-27.5.1.tgz 21319ms (cache miss)
4894 http fetch GET 200 https://registry.npmjs.org/co/-/co-4.6.0.tgz 21504ms (cache miss)
4895 http fetch GET 200 https://registry.npmjs.org/@humanwhocodes/config-array/-/config-array-0.13.0.tgz 21372ms (cache miss)
4896 http fetch GET 200 https://registry.npmjs.org/watchpack/-/watchpack-2.4.4.tgz 22002ms (cache miss)
4897 http fetch GET 200 https://registry.npmjs.org/@csstools/postcss-unset-value/-/postcss-unset-value-1.0.2.tgz 21400ms (cache miss)
4898 http fetch GET 200 https://registry.npmjs.org/@csstools/postcss-trigonometric-functions/-/postcss-trigonometric-functions-1.0.2.tgz 21400ms (cache miss)
4899 http fetch GET 200 https://registry.npmjs.org/@csstools/selector-specificity/-/selector-specificity-2.2.0.tgz 21404ms (cache miss)
4900 http fetch GET 200 https://registry.npmjs.org/@csstools/postcss-progressive-custom-properties/-/postcss-progressive-custom-properties-1.3.0.tgz 21402ms (cache miss)
4901 http fetch GET 200 https://registry.npmjs.org/@csstools/postcss-nested-calc/-/postcss-nested-calc-1.0.0.tgz 21404ms (cache miss)
4902 http fetch GET 200 https://registry.npmjs.org/@csstools/postcss-font-format-keywords/-/postcss-font-format-keywords-1.0.1.tgz 21403ms (cache miss)
4903 http fetch GET 200 https://registry.npmjs.org/@csstools/postcss-normalize-display-values/-/postcss-normalize-display-values-1.0.1.tgz 21406ms (cache miss)
4904 http fetch GET 200 https://registry.npmjs.org/@csstools/postcss-hwb-function/-/postcss-hwb-function-1.0.2.tgz 21406ms (cache miss)
4905 http fetch GET 200 https://registry.npmjs.org/@csstools/postcss-text-decoration-shorthand/-/postcss-text-decoration-shorthand-1.0.0.tgz 21413ms (cache miss)
4906 http fetch GET 200 https://registry.npmjs.org/@csstools/postcss-color-function/-/postcss-color-function-1.1.1.tgz 21450ms (cache miss)
4907 http fetch GET 200 https://registry.npmjs.org/globals/-/globals-13.24.0.tgz 21757ms (cache miss)
4908 http fetch GET 200 https://registry.npmjs.org/accepts/-/accepts-1.3.8.tgz 21593ms (cache miss)
4909 http fetch GET 200 https://registry.npmjs.org/@babel/plugin-transform-unicode-sets-regex/-/plugin-transform-unicode-sets-regex-7.27.1.tgz 21500ms (cache miss)
4910 http fetch GET 200 https://registry.npmjs.org/@babel/plugin-transform-unicode-regex/-/plugin-transform-unicode-regex-7.27.1.tgz 21517ms (cache miss)
4911 http fetch GET 200 https://registry.npmjs.org/@babel/plugin-transform-unicode-property-regex/-/plugin-transform-unicode-property-regex-7.27.1.tgz 21527ms (cache miss)
4912 http fetch GET 200 https://registry.npmjs.org/@babel/plugin-transform-typeof-symbol/-/plugin-transform-typeof-symbol-7.27.1.tgz 21557ms (cache miss)
4913 http fetch GET 200 https://registry.npmjs.org/@babel/plugin-transform-unicode-escapes/-/plugin-transform-unicode-escapes-7.27.1.tgz 21573ms (cache miss)
4914 http fetch GET 200 https://registry.npmjs.org/@babel/plugin-transform-template-literals/-/plugin-transform-template-literals-7.27.1.tgz 21612ms (cache miss)
4915 http fetch GET 200 https://registry.npmjs.org/@babel/plugin-transform-sticky-regex/-/plugin-transform-sticky-regex-7.27.1.tgz 21613ms (cache miss)
4916 http fetch GET 200 https://registry.npmjs.org/@babel/plugin-transform-shorthand-properties/-/plugin-transform-shorthand-properties-7.27.1.tgz 21616ms (cache miss)
4917 http fetch GET 200 https://registry.npmjs.org/@babel/plugin-transform-runtime/-/plugin-transform-runtime-7.28.5.tgz 21623ms (cache miss)
4918 http fetch GET 200 https://registry.npmjs.org/@babel/plugin-transform-regexp-modifiers/-/plugin-transform-regexp-modifiers-7.27.1.tgz 21634ms (cache miss)
4919 http fetch GET 200 https://registry.npmjs.org/@babel/plugin-transform-spread/-/plugin-transform-spread-7.27.1.tgz 21641ms (cache miss)
4920 http fetch GET 200 https://registry.npmjs.org/@babel/plugin-transform-reserved-words/-/plugin-transform-reserved-words-7.27.1.tgz 21642ms (cache miss)
4921 http fetch GET 200 https://registry.npmjs.org/@babel/plugin-transform-react-display-name/-/plugin-transform-react-display-name-7.28.0.tgz 21654ms (cache miss)
4922 http fetch GET 200 https://registry.npmjs.org/@babel/plugin-transform-react-jsx-development/-/plugin-transform-react-jsx-development-7.27.1.tgz 21665ms (cache miss)
4923 http fetch GET 200 https://registry.npmjs.org/@babel/plugin-transform-react-pure-annotations/-/plugin-transform-react-pure-annotations-7.27.1.tgz 21673ms (cache miss)
4924 http fetch GET 200 https://registry.npmjs.org/@babel/plugin-transform-react-constant-elements/-/plugin-transform-react-constant-elements-7.27.1.tgz 21681ms (cache miss)
4925 http fetch GET 200 https://registry.npmjs.org/@babel/plugin-transform-private-methods/-/plugin-transform-private-methods-7.27.1.tgz 21685ms (cache miss)
4926 http fetch GET 200 https://registry.npmjs.org/@babel/plugin-transform-optional-chaining/-/plugin-transform-optional-chaining-7.28.5.tgz 21695ms (cache miss)
4927 http fetch GET 200 https://registry.npmjs.org/@babel/plugin-transform-property-literals/-/plugin-transform-property-literals-7.27.1.tgz 21701ms (cache miss)
4928 http fetch GET 200 https://registry.npmjs.org/rc-config-loader/-/rc-config-loader-4.1.3.tgz 22412ms (cache miss)
4929 http fetch GET 200 https://registry.npmjs.org/@babel/plugin-transform-object-super/-/plugin-transform-object-super-7.27.1.tgz 21735ms (cache miss)
4930 http fetch GET 200 https://registry.npmjs.org/postcss-reduce-initial/-/postcss-reduce-initial-5.1.2.tgz 22258ms (cache miss)
4931 http fetch GET 200 https://registry.npmjs.org/@babel/plugin-transform-numeric-separator/-/plugin-transform-numeric-separator-7.27.1.tgz 21742ms (cache miss)
4932 http fetch GET 200 https://registry.npmjs.org/@babel/plugin-transform-optional-catch-binding/-/plugin-transform-optional-catch-binding-7.27.1.tgz 21747ms (cache miss)
4933 http fetch GET 200 https://registry.npmjs.org/@babel/plugin-transform-named-capturing-groups-regex/-/plugin-transform-named-capturing-groups-regex-7.27.1.tgz 21744ms (cache miss)
4934 http fetch GET 200 https://registry.npmjs.org/@babel/plugin-transform-new-target/-/plugin-transform-new-target-7.27.1.tgz 21747ms (cache miss)
4935 http fetch GET 200 https://registry.npmjs.org/@babel/plugin-transform-modules-umd/-/plugin-transform-modules-umd-7.27.1.tgz 21750ms (cache miss)
4936 http fetch GET 200 https://registry.npmjs.org/@babel/plugin-transform-member-expression-literals/-/plugin-transform-member-expression-literals-7.27.1.tgz 21749ms (cache miss)
4937 http fetch GET 200 https://registry.npmjs.org/@babel/plugin-transform-nullish-coalescing-operator/-/plugin-transform-nullish-coalescing-operator-7.27.1.tgz 21755ms (cache miss)
4938 http fetch GET 200 https://registry.npmjs.org/arg/-/arg-5.0.2.tgz 21920ms (cache miss)
4939 http fetch GET 200 https://registry.npmjs.org/@babel/plugin-transform-logical-assignment-operators/-/plugin-transform-logical-assignment-operators-7.28.5.tgz 21756ms (cache miss)
4940 http fetch GET 200 https://registry.npmjs.org/@babel/plugin-transform-modules-amd/-/plugin-transform-modules-amd-7.27.1.tgz 21760ms (cache miss)
4941 http fetch GET 200 https://registry.npmjs.org/@babel/plugin-transform-modules-commonjs/-/plugin-transform-modules-commonjs-7.27.1.tgz 21763ms (cache miss)
4942 http fetch GET 200 https://registry.npmjs.org/@babel/plugin-transform-json-strings/-/plugin-transform-json-strings-7.27.1.tgz 21774ms (cache miss)
4943 http fetch GET 200 https://registry.npmjs.org/@babel/plugin-transform-function-name/-/plugin-transform-function-name-7.27.1.tgz 21787ms (cache miss)
4944 http fetch GET 200 https://registry.npmjs.org/@babel/plugin-transform-explicit-resource-management/-/plugin-transform-explicit-resource-management-7.28.0.tgz 21791ms (cache miss)
4945 http fetch GET 200 https://registry.npmjs.org/@babel/plugin-transform-literals/-/plugin-transform-literals-7.27.1.tgz 21795ms (cache miss)
4946 http fetch GET 200 https://registry.npmjs.org/@babel/plugin-transform-exponentiation-operator/-/plugin-transform-exponentiation-operator-7.28.5.tgz 21797ms (cache miss)
4947 http fetch GET 200 https://registry.npmjs.org/estraverse/-/estraverse-5.3.0.tgz 22090ms (cache miss)
4948 http fetch GET 200 https://registry.npmjs.org/@babel/plugin-transform-for-of/-/plugin-transform-for-of-7.27.1.tgz 21802ms (cache miss)
4949 http fetch GET 200 https://registry.npmjs.org/@babel/plugin-transform-export-namespace-from/-/plugin-transform-export-namespace-from-7.27.1.tgz 21804ms (cache miss)
4950 http fetch GET 200 https://registry.npmjs.org/@babel/plugin-transform-flow-strip-types/-/plugin-transform-flow-strip-types-7.27.1.tgz 21804ms (cache miss)
4951 http fetch GET 200 https://registry.npmjs.org/@babel/plugin-transform-modules-systemjs/-/plugin-transform-modules-systemjs-7.28.5.tgz 21813ms (cache miss)
4952 http fetch GET 200 https://registry.npmjs.org/@babel/plugin-transform-duplicate-named-capturing-groups-regex/-/plugin-transform-duplicate-named-capturing-groups-regex-7.27.1.tgz 21805ms (cache miss)
4953 http fetch GET 200 https://registry.npmjs.org/@babel/plugin-transform-dotall-regex/-/plugin-transform-dotall-regex-7.27.1.tgz 21816ms (cache miss)
4954 http fetch GET 200 https://registry.npmjs.org/@babel/plugin-transform-class-properties/-/plugin-transform-class-properties-7.27.1.tgz 21815ms (cache miss)
4955 http fetch GET 200 https://registry.npmjs.org/@babel/plugin-transform-duplicate-keys/-/plugin-transform-duplicate-keys-7.27.1.tgz 21822ms (cache miss)
4956 http fetch GET 200 https://registry.npmjs.org/@babel/plugin-transform-async-to-generator/-/plugin-transform-async-to-generator-7.27.1.tgz 21828ms (cache miss)
4957 http fetch GET 200 https://registry.npmjs.org/@babel/plugin-transform-dynamic-import/-/plugin-transform-dynamic-import-7.27.1.tgz 21836ms (cache miss)
4958 http fetch GET 200 https://registry.npmjs.org/@babel/plugin-transform-computed-properties/-/plugin-transform-computed-properties-7.27.1.tgz 21839ms (cache miss)
4959 http fetch GET 200 https://registry.npmjs.org/@babel/plugin-transform-block-scoped-functions/-/plugin-transform-block-scoped-functions-7.27.1.tgz 21840ms (cache miss)
4960 http fetch GET 200 https://registry.npmjs.org/@babel/plugin-syntax-unicode-sets-regex/-/plugin-syntax-unicode-sets-regex-7.18.6.tgz 21849ms (cache miss)
4961 http fetch GET 200 https://registry.npmjs.org/@babel/plugin-transform-arrow-functions/-/plugin-transform-arrow-functions-7.27.1.tgz 21857ms (cache miss)
4962 http fetch GET 200 https://registry.npmjs.org/@babel/plugin-syntax-private-property-in-object/-/plugin-syntax-private-property-in-object-7.14.5.tgz 21858ms (cache miss)
4963 http fetch GET 200 https://registry.npmjs.org/@babel/plugin-syntax-typescript/-/plugin-syntax-typescript-7.27.1.tgz 21872ms (cache miss)
4964 http fetch GET 200 https://registry.npmjs.org/@babel/plugin-syntax-logical-assignment-operators/-/plugin-syntax-logical-assignment-operators-7.10.4.tgz 21869ms (cache miss)
4965 http fetch GET 200 https://registry.npmjs.org/@babel/plugin-syntax-optional-catch-binding/-/plugin-syntax-optional-catch-binding-7.8.3.tgz 21877ms (cache miss)
4966 http fetch GET 200 https://registry.npmjs.org/@babel/plugin-syntax-numeric-separator/-/plugin-syntax-numeric-separator-7.10.4.tgz 21888ms (cache miss)
4967 http fetch GET 200 https://registry.npmjs.org/@babel/plugin-syntax-jsx/-/plugin-syntax-jsx-7.27.1.tgz 21889ms (cache miss)
4968 http fetch GET 200 https://registry.npmjs.org/@babel/plugin-syntax-top-level-await/-/plugin-syntax-top-level-await-7.14.5.tgz 21893ms (cache miss)
4969 http fetch GET 200 https://registry.npmjs.org/@babel/plugin-syntax-object-rest-spread/-/plugin-syntax-object-rest-spread-7.8.3.tgz 21894ms (cache miss)
4970 http fetch GET 200 https://registry.npmjs.org/@babel/plugin-syntax-optional-chaining/-/plugin-syntax-optional-chaining-7.8.3.tgz 21908ms (cache miss)
4971 warn deprecated w3c-hr-time@1.0.2: Use your platform's native performance.now() and performance.timeOrigin.
4972 http fetch GET 200 https://registry.npmjs.org/@babel/plugin-syntax-nullish-coalescing-operator/-/plugin-syntax-nullish-coalescing-operator-7.8.3.tgz 21912ms (cache miss)
4973 http fetch GET 200 https://registry.npmjs.org/@babel/preset-typescript/-/preset-typescript-7.28.5.tgz 21977ms (cache miss)
4974 http fetch GET 200 https://registry.npmjs.org/@babel/plugin-syntax-json-strings/-/plugin-syntax-json-strings-7.8.3.tgz 21937ms (cache miss)
4975 http fetch GET 200 https://registry.npmjs.org/@babel/plugin-syntax-import-attributes/-/plugin-syntax-import-attributes-7.27.1.tgz 21937ms (cache miss)
4976 http fetch GET 200 https://registry.npmjs.org/@babel/plugin-syntax-import-meta/-/plugin-syntax-import-meta-7.10.4.tgz 21939ms (cache miss)
4977 http fetch GET 200 https://registry.npmjs.org/@babel/plugin-syntax-import-assertions/-/plugin-syntax-import-assertions-7.27.1.tgz 21953ms (cache miss)
4978 http fetch GET 200 https://registry.npmjs.org/@babel/plugin-proposal-numeric-separator/-/plugin-proposal-numeric-separator-7.18.6.tgz 21948ms (cache miss)
4979 http fetch GET 200 https://registry.npmjs.org/@babel/plugin-syntax-class-static-block/-/plugin-syntax-class-static-block-7.14.5.tgz 21951ms (cache miss)
4980 http fetch GET 200 https://registry.npmjs.org/@babel/plugin-syntax-class-properties/-/plugin-syntax-class-properties-7.12.13.tgz 21954ms (cache miss)
4981 http fetch GET 200 https://registry.npmjs.org/@babel/plugin-syntax-flow/-/plugin-syntax-flow-7.27.1.tgz 21956ms (cache miss)
4982 http fetch GET 200 https://registry.npmjs.org/@babel/plugin-proposal-private-methods/-/plugin-proposal-private-methods-7.18.6.tgz 21953ms (cache miss)
4983 http fetch GET 200 https://registry.npmjs.org/@babel/plugin-syntax-decorators/-/plugin-syntax-decorators-7.27.1.tgz 21958ms (cache miss)
4984 http fetch GET 200 https://registry.npmjs.org/@babel/plugin-proposal-private-property-in-object/-/plugin-proposal-private-property-in-object-7.21.0-placeholder-for-preset-env.2.tgz 21955ms (cache miss)
4985 http fetch GET 200 https://registry.npmjs.org/@babel/plugin-syntax-bigint/-/plugin-syntax-bigint-7.8.3.tgz 21958ms (cache miss)
4986 http fetch GET 200 https://registry.npmjs.org/@babel/plugin-syntax-async-generators/-/plugin-syntax-async-generators-7.8.4.tgz 21962ms (cache miss)
4987 http fetch GET 200 https://registry.npmjs.org/@babel/plugin-proposal-optional-chaining/-/plugin-proposal-optional-chaining-7.21.0.tgz 21989ms (cache miss)
4988 http fetch GET 200 https://registry.npmjs.org/@babel/plugin-bugfix-v8-static-class-fields-redefine-readonly/-/plugin-bugfix-v8-static-class-fields-redefine-readonly-7.28.3.tgz 21990ms (cache miss)
4989 http fetch GET 200 https://registry.npmjs.org/@babel/plugin-proposal-nullish-coalescing-operator/-/plugin-proposal-nullish-coalescing-operator-7.18.6.tgz 21992ms (cache miss)
4990 http fetch GET 200 https://registry.npmjs.org/@babel/plugin-bugfix-v8-spread-parameters-in-optional-chaining/-/plugin-bugfix-v8-spread-parameters-in-optional-chaining-7.27.1.tgz 21994ms (cache miss)
4991 http fetch GET 200 https://registry.npmjs.org/@babel/plugin-proposal-class-properties/-/plugin-proposal-class-properties-7.18.6.tgz 21996ms (cache miss)
4992 http fetch GET 200 https://registry.npmjs.org/@babel/plugin-bugfix-safari-class-field-initializer-scope/-/plugin-bugfix-safari-class-field-initializer-scope-7.27.1.tgz 22012ms (cache miss)
4993 http fetch GET 200 https://registry.npmjs.org/@babel/helper-skip-transparent-expression-wrappers/-/helper-skip-transparent-expression-wrappers-7.27.1.tgz 22017ms (cache miss)
4994 http fetch GET 200 https://registry.npmjs.org/@babel/helper-validator-identifier/-/helper-validator-identifier-7.28.5.tgz 22021ms (cache miss)
4995 http fetch GET 200 https://registry.npmjs.org/@babel/helper-validator-option/-/helper-validator-option-7.27.1.tgz 22021ms (cache miss)
4996 http fetch GET 200 https://registry.npmjs.org/@babel/helper-wrap-function/-/helper-wrap-function-7.28.3.tgz 22025ms (cache miss)
4997 http fetch GET 200 https://registry.npmjs.org/@babel/helper-string-parser/-/helper-string-parser-7.27.1.tgz 22023ms (cache miss)
4998 http fetch GET 200 https://registry.npmjs.org/@babel/helper-remap-async-to-generator/-/helper-remap-async-to-generator-7.27.1.tgz 22023ms (cache miss)
4999 http fetch GET 200 https://registry.npmjs.org/@babel/helper-replace-supers/-/helper-replace-supers-7.27.1.tgz 22026ms (cache miss)
5000 http fetch GET 200 https://registry.npmjs.org/@babel/helper-module-imports/-/helper-module-imports-7.27.1.tgz 22055ms (cache miss)
5001 http fetch GET 200 https://registry.npmjs.org/@babel/helper-member-expression-to-functions/-/helper-member-expression-to-functions-7.28.5.tgz 22059ms (cache miss)
5002 http fetch GET 200 https://registry.npmjs.org/@babel/helper-globals/-/helper-globals-7.28.0.tgz 22140ms (cache miss)
5003 http fetch GET 200 https://registry.npmjs.org/@jest/transform/-/transform-27.5.1.tgz 22252ms (cache miss)
5004 http fetch GET 200 https://registry.npmjs.org/@jest/test-result/-/test-result-27.5.1.tgz 22254ms (cache miss)
5005 http fetch GET 200 https://registry.npmjs.org/@babel/helper-create-regexp-features-plugin/-/helper-create-regexp-features-plugin-7.28.5.tgz 22150ms (cache miss)
5006 http fetch GET 200 https://registry.npmjs.org/@babel/helper-annotate-as-pure/-/helper-annotate-as-pure-7.27.3.tgz 22168ms (cache miss)
5007 http fetch GET 200 https://registry.npmjs.org/@babel/compat-data/-/compat-data-7.28.5.tgz 22208ms (cache miss)
5008 http fetch GET 200 https://registry.npmjs.org/@babel/code-frame/-/code-frame-7.27.1.tgz 22212ms (cache miss)
5009 http fetch GET 200 https://registry.npmjs.org/pify/-/pify-4.0.1.tgz 22231ms (cache miss)
5010 http fetch GET 200 https://registry.npmjs.org/is-obj/-/is-obj-2.0.0.tgz 22233ms (cache miss)
5011 http fetch GET 200 https://registry.npmjs.org/strip-json-comments/-/strip-json-comments-2.0.1.tgz 22238ms (cache miss)
5012 http fetch GET 200 https://registry.npmjs.org/hosted-git-info/-/hosted-git-info-2.8.9.tgz 22245ms (cache miss)
5013 http fetch GET 200 https://registry.npmjs.org/emojis-list/-/emojis-list-3.0.0.tgz 22551ms (cache miss)
5014 http fetch GET 200 https://registry.npmjs.org/type-fest/-/type-fest-0.6.0.tgz 22255ms (cache miss)
5015 http fetch GET 200 https://registry.npmjs.org/ini/-/ini-2.0.0.tgz 22262ms (cache miss)
5016 http fetch GET 200 https://registry.npmjs.org/normalize-package-data/-/normalize-package-data-2.5.0.tgz 22293ms (cache miss)
5017 http fetch GET 200 https://registry.npmjs.org/json-buffer/-/json-buffer-3.0.0.tgz 22306ms (cache miss)
5018 http fetch GET 200 https://registry.npmjs.org/get-stream/-/get-stream-5.2.0.tgz 22307ms (cache miss)
5019 http fetch GET 200 https://registry.npmjs.org/get-stream/-/get-stream-4.1.0.tgz 22307ms (cache miss)
5020 http fetch GET 200 https://registry.npmjs.org/camelcase/-/camelcase-5.3.1.tgz 22306ms (cache miss)
5021 http fetch GET 200 https://registry.npmjs.org/is-plain-obj/-/is-plain-obj-1.1.0.tgz 22307ms (cache miss)
5022 http fetch GET 200 https://registry.npmjs.org/yallist/-/yallist-4.0.0.tgz 22306ms (cache miss)
5023 http fetch GET 200 https://registry.npmjs.org/map-obj/-/map-obj-1.0.1.tgz 22306ms (cache miss)
5024 http fetch GET 200 https://registry.npmjs.org/escape-string-regexp/-/escape-string-regexp-1.0.5.tgz 22310ms (cache miss)
5025 http fetch GET 200 https://registry.npmjs.org/which/-/which-1.3.1.tgz 22314ms (cache miss)
5026 http fetch GET 200 https://registry.npmjs.org/global-prefix/-/global-prefix-1.0.2.tgz 22318ms (cache miss)
5027 http fetch GET 200 https://registry.npmjs.org/global-modules/-/global-modules-1.0.0.tgz 22320ms (cache miss)
5028 http fetch GET 200 https://registry.npmjs.org/arrify/-/arrify-2.0.1.tgz 22324ms (cache miss)
5029 http fetch GET 200 https://registry.npmjs.org/@babel/plugin-bugfix-safari-id-destructuring-collision-in-function-expression/-/plugin-bugfix-safari-id-destructuring-collision-in-function-expression-7.27.1.tgz 22417ms (cache miss)
5030 http fetch GET 200 https://registry.npmjs.org/jest-message-util/-/jest-message-util-27.5.1.tgz 22849ms (cache miss)
5031 http fetch GET 200 https://registry.npmjs.org/estree-walker/-/estree-walker-2.0.2.tgz 22399ms (cache miss)
5032 http fetch GET 200 https://registry.npmjs.org/has-flag/-/has-flag-3.0.0.tgz 22404ms (cache miss)
5033 http fetch GET 200 https://registry.npmjs.org/@babel/helper-optimise-call-expression/-/helper-optimise-call-expression-7.27.1.tgz 22437ms (cache miss)
5034 http fetch GET 200 https://registry.npmjs.org/ansi-styles/-/ansi-styles-3.2.1.tgz 22420ms (cache miss)
5035 http fetch GET 200 https://registry.npmjs.org/color-name/-/color-name-1.1.3.tgz 22425ms (cache miss)
5036 http fetch GET 200 https://registry.npmjs.org/color-convert/-/color-convert-1.9.3.tgz 22446ms (cache miss)
5037 http fetch GET 200 https://registry.npmjs.org/js-tokens/-/js-tokens-3.0.2.tgz 22522ms (cache miss)
5038 http fetch GET 200 https://registry.npmjs.org/chalk/-/chalk-2.4.2.tgz 22523ms (cache miss)
5039 http fetch GET 200 https://registry.npmjs.org/strip-bom/-/strip-bom-3.0.0.tgz 22561ms (cache miss)
5040 http fetch GET 200 https://registry.npmjs.org/p-limit/-/p-limit-3.1.0.tgz 22552ms (cache miss)
5041 http fetch GET 200 https://registry.npmjs.org/locate-path/-/locate-path-6.0.0.tgz 22555ms (cache miss)
5042 http fetch GET 200 https://registry.npmjs.org/p-locate/-/p-locate-5.0.0.tgz 22581ms (cache miss)
5043 http fetch GET 200 https://registry.npmjs.org/find-up/-/find-up-5.0.0.tgz 22582ms (cache miss)
5044 http fetch GET 200 https://registry.npmjs.org/brace-expansion/-/brace-expansion-2.0.2.tgz 22583ms (cache miss)
5045 http fetch GET 200 https://registry.npmjs.org/ci-info/-/ci-info-2.0.0.tgz 22625ms (cache miss)
5046 http fetch GET 200 https://registry.npmjs.org/lowercase-keys/-/lowercase-keys-2.0.0.tgz 22668ms (cache miss)
5047 http fetch GET 200 https://registry.npmjs.org/lru-cache/-/lru-cache-6.0.0.tgz 22674ms (cache miss)
5048 http fetch GET 200 https://registry.npmjs.org/keyv/-/keyv-3.1.0.tgz 22680ms (cache miss)
5049 http fetch GET 200 https://registry.npmjs.org/dotenv-expand/-/dotenv-expand-5.1.0.tgz 23007ms (cache miss)
5050 http fetch GET 200 https://registry.npmjs.org/@types/estree/-/estree-1.0.8.tgz 22885ms (cache miss)
5051 http fetch GET 200 https://registry.npmjs.org/react-error-overlay/-/react-error-overlay-6.1.0.tgz 23337ms (cache miss)
5052 warn deprecated glob@7.2.3: Glob versions prior to v9 are no longer supported
5053 http fetch GET 200 https://registry.npmjs.org/webpack-sources/-/webpack-sources-1.4.3.tgz 22738ms (cache miss)
5054 http fetch GET 200 https://registry.npmjs.org/pkg-dir/-/pkg-dir-5.0.0.tgz 22750ms (cache miss)
5055 http fetch GET 200 https://registry.npmjs.org/webidl-conversions/-/webidl-conversions-4.0.2.tgz 22889ms (cache miss)
5056 http fetch GET 200 https://registry.npmjs.org/@apideck/better-ajv-errors/-/better-ajv-errors-0.3.6.tgz 22892ms (cache miss)
5057 http fetch GET 200 https://registry.npmjs.org/estraverse/-/estraverse-4.3.0.tgz 22889ms (cache miss)
5058 http fetch GET 200 https://registry.npmjs.org/convert-source-map/-/convert-source-map-1.9.0.tgz 22975ms (cache miss)
5059 http fetch GET 200 https://registry.npmjs.org/universalify/-/universalify-0.2.0.tgz 22976ms (cache miss)
5060 http fetch GET 200 https://registry.npmjs.org/fdir/-/fdir-6.5.0.tgz 22992ms (cache miss)
5061 warn deprecated @babel/plugin-proposal-numeric-separator@7.18.6: This proposal has been merged to the ECMAScript standard and thus this plugin is no longer maintained. Please use @babel/plugin-transform-numeric-separator instead.
5062 warn deprecated @babel/plugin-proposal-private-methods@7.18.6: This proposal has been merged to the ECMAScript standard and thus this plugin is no longer maintained. Please use @babel/plugin-transform-private-methods instead.
5063 http fetch GET 200 https://registry.npmjs.org/domutils/-/domutils-1.7.0.tgz 23021ms (cache miss)
5064 http fetch GET 200 https://registry.npmjs.org/domelementtype/-/domelementtype-1.3.1.tgz 23019ms (cache miss)
5065 http fetch GET 200 https://registry.npmjs.org/dom-serializer/-/dom-serializer-0.2.2.tgz 23024ms (cache miss)
5066 http fetch GET 200 https://registry.npmjs.org/lilconfig/-/lilconfig-3.1.3.tgz 23033ms (cache miss)
5067 http fetch GET 200 https://registry.npmjs.org/nth-check/-/nth-check-1.0.2.tgz 23036ms (cache miss)
5068 warn deprecated @babel/plugin-proposal-class-properties@7.18.6: This proposal has been merged to the ECMAScript standard and thus this plugin is no longer maintained. Please use @babel/plugin-transform-class-properties instead.
5069 http fetch GET 200 https://registry.npmjs.org/css-what/-/css-what-3.4.2.tgz 23039ms (cache miss)
5070 warn deprecated @babel/plugin-proposal-nullish-coalescing-operator@7.18.6: This proposal has been merged to the ECMAScript standard and thus this plugin is no longer maintained. Please use @babel/plugin-transform-nullish-coalescing-operator instead.
5071 http fetch GET 200 https://registry.npmjs.org/type-check/-/type-check-0.3.2.tgz 23041ms (cache miss)
5072 http fetch GET 200 https://registry.npmjs.org/emoji-regex/-/emoji-regex-8.0.0.tgz 23041ms (cache miss)
5073 http fetch GET 200 https://registry.npmjs.org/supports-color/-/supports-color-5.5.0.tgz 23120ms (cache miss)
5074 http fetch GET 200 https://registry.npmjs.org/encodeurl/-/encodeurl-1.0.2.tgz 23070ms (cache miss)
5075 http fetch GET 200 https://registry.npmjs.org/escape-string-regexp/-/escape-string-regexp-2.0.0.tgz 23079ms (cache miss)
5076 http fetch GET 200 https://registry.npmjs.org/send/-/send-0.19.0.tgz 23077ms (cache miss)
5077 http fetch GET 200 https://registry.npmjs.org/statuses/-/statuses-2.0.1.tgz 23079ms (cache miss)
5078 http fetch GET 200 https://registry.npmjs.org/prelude-ls/-/prelude-ls-1.1.2.tgz 23085ms (cache miss)
5079 http fetch GET 200 https://registry.npmjs.org/source-map-loader/-/source-map-loader-3.0.2.tgz 23801ms (cache miss)
5080 http fetch GET 200 https://registry.npmjs.org/levn/-/levn-0.3.0.tgz 23086ms (cache miss)
5081 http fetch GET 200 https://registry.npmjs.org/setprototypeof/-/setprototypeof-1.1.0.tgz 23085ms (cache miss)
5082 http fetch GET 200 https://registry.npmjs.org/optionator/-/optionator-0.8.3.tgz 23098ms (cache miss)
5083 http fetch GET 200 https://registry.npmjs.org/statuses/-/statuses-1.5.0.tgz 23089ms (cache miss)
5084 http fetch GET 200 https://registry.npmjs.org/ms/-/ms-2.0.0.tgz 23090ms (cache miss)
5085 http fetch GET 200 https://registry.npmjs.org/json-schema-traverse/-/json-schema-traverse-1.0.0.tgz 23090ms (cache miss)
5086 http fetch GET 200 https://registry.npmjs.org/he/-/he-1.2.0.tgz 23570ms (cache miss)
5087 http fetch GET 200 https://registry.npmjs.org/http-errors/-/http-errors-1.6.3.tgz 23098ms (cache miss)
5088 http fetch GET 200 https://registry.npmjs.org/depd/-/depd-1.1.2.tgz 23097ms (cache miss)
5089 http fetch GET 200 https://registry.npmjs.org/inherits/-/inherits-2.0.3.tgz 23106ms (cache miss)
5090 http fetch GET 200 https://registry.npmjs.org/picocolors/-/picocolors-0.2.1.tgz 23108ms (cache miss)
5091 http fetch GET 200 https://registry.npmjs.org/@types/babel__traverse/-/babel__traverse-7.28.0.tgz 23352ms (cache miss)
5092 http fetch GET 200 https://registry.npmjs.org/serialize-javascript/-/serialize-javascript-4.0.0.tgz 23111ms (cache miss)
5093 warn deprecated @humanwhocodes/config-array@0.13.0: Use @eslint/config-array instead
5094 http fetch GET 200 https://registry.npmjs.org/react-is/-/react-is-16.13.1.tgz 23164ms (cache miss)
5095 http fetch GET 200 https://registry.npmjs.org/loader-utils/-/loader-utils-3.3.1.tgz 23168ms (cache miss)
5096 http fetch GET 200 https://registry.npmjs.org/ipaddr.js/-/ipaddr.js-1.9.1.tgz 23193ms (cache miss)
5097 http fetch GET 200 https://registry.npmjs.org/@csstools/normalize.css/-/normalize.css-12.1.1.tgz 23390ms (cache miss)
5098 http fetch GET 200 https://registry.npmjs.org/path-exists/-/path-exists-3.0.0.tgz 23319ms (cache miss)
5099 http fetch GET 200 https://registry.npmjs.org/p-locate/-/p-locate-3.0.0.tgz 23323ms (cache miss)
5100 http fetch GET 200 https://registry.npmjs.org/supports-color/-/supports-color-8.1.1.tgz 23332ms (cache miss)
5101 http fetch GET 200 https://registry.npmjs.org/slash/-/slash-4.0.0.tgz 23354ms (cache miss)
5102 http fetch GET 200 https://registry.npmjs.org/ansi-regex/-/ansi-regex-6.2.2.tgz 23355ms (cache miss)
5103 http fetch GET 200 https://registry.npmjs.org/locate-path/-/locate-path-3.0.0.tgz 23359ms (cache miss)
5104 http fetch GET 200 https://registry.npmjs.org/react-is/-/react-is-18.3.1.tgz 23356ms (cache miss)
5105 http fetch GET 200 https://registry.npmjs.org/char-regex/-/char-regex-2.0.2.tgz 23360ms (cache miss)
5106 http fetch GET 200 https://registry.npmjs.org/string-length/-/string-length-5.0.1.tgz 23359ms (cache miss)
5107 http fetch GET 200 https://registry.npmjs.org/strip-ansi/-/strip-ansi-7.1.2.tgz 23361ms (cache miss)
5108 http fetch GET 200 https://registry.npmjs.org/jest-watcher/-/jest-watcher-28.1.3.tgz 23360ms (cache miss)
5109 http fetch GET 200 https://registry.npmjs.org/iterator.prototype/-/iterator.prototype-1.1.5.tgz 23914ms (cache miss)
5110 http fetch GET 200 https://registry.npmjs.org/string-length/-/string-length-4.0.2.tgz 23368ms (cache miss)
5111 http fetch GET 200 https://registry.npmjs.org/find-up/-/find-up-3.0.0.tgz 23377ms (cache miss)
5112 http fetch GET 200 https://registry.npmjs.org/jest-util/-/jest-util-28.1.3.tgz 23369ms (cache miss)
5113 http fetch GET 200 https://registry.npmjs.org/strip-ansi/-/strip-ansi-6.0.1.tgz 23372ms (cache miss)
5114 http fetch GET 200 https://registry.npmjs.org/slash/-/slash-3.0.0.tgz 23372ms (cache miss)
5115 http fetch GET 200 https://registry.npmjs.org/ansi-styles/-/ansi-styles-5.2.0.tgz 23372ms (cache miss)
5116 http fetch GET 200 https://registry.npmjs.org/slash/-/slash-3.0.0.tgz 23373ms (cache miss)
5117 http fetch GET 200 https://registry.npmjs.org/jest-regex-util/-/jest-regex-util-28.0.2.tgz 23403ms (cache miss)
5118 http fetch GET 200 https://registry.npmjs.org/resolve-from/-/resolve-from-4.0.0.tgz 23402ms (cache miss)
5119 http fetch GET 200 https://registry.npmjs.org/make-dir/-/make-dir-4.0.0.tgz 23406ms (cache miss)
5120 http fetch GET 200 https://registry.npmjs.org/tapable/-/tapable-1.1.3.tgz 23406ms (cache miss)
5121 http fetch GET 200 https://registry.npmjs.org/@jest/console/-/console-28.1.3.tgz 23407ms (cache miss)
5122 http fetch GET 200 https://registry.npmjs.org/safe-buffer/-/safe-buffer-5.1.2.tgz 23408ms (cache miss)
5123 http fetch GET 200 https://registry.npmjs.org/@types/yargs/-/yargs-17.0.35.tgz 23417ms (cache miss)
5124 http fetch GET 200 https://registry.npmjs.org/string_decoder/-/string_decoder-1.1.1.tgz 23414ms (cache miss)
5125 http fetch GET 200 https://registry.npmjs.org/isarray/-/isarray-1.0.0.tgz 23414ms (cache miss)
5126 http fetch GET 200 https://registry.npmjs.org/@jest/test-result/-/test-result-28.1.3.tgz 23426ms (cache miss)
5127 http fetch GET 200 https://registry.npmjs.org/glob-parent/-/glob-parent-5.1.2.tgz 23446ms (cache miss)
5128 http fetch GET 200 https://registry.npmjs.org/minimatch/-/minimatch-5.1.6.tgz 23450ms (cache miss)
5129 http fetch GET 200 https://registry.npmjs.org/camelcase/-/camelcase-5.3.1.tgz 23477ms (cache miss)
5130 http fetch GET 200 https://registry.npmjs.org/escape-string-regexp/-/escape-string-regexp-1.0.5.tgz 23625ms (cache miss)
5131 http fetch GET 200 https://registry.npmjs.org/escape-string-regexp/-/escape-string-regexp-1.0.5.tgz 23637ms (cache miss)
5132 http fetch GET 200 https://registry.npmjs.org/escape-string-regexp/-/escape-string-regexp-1.0.5.tgz 23630ms (cache miss)
5133 http fetch GET 200 https://registry.npmjs.org/escape-string-regexp/-/escape-string-regexp-1.0.5.tgz 23501ms (cache miss)
5134 http fetch GET 200 https://registry.npmjs.org/escape-string-regexp/-/escape-string-regexp-1.0.5.tgz 23632ms (cache miss)
5135 http fetch GET 200 https://registry.npmjs.org/which/-/which-1.3.1.tgz 23528ms (cache miss)
5136 http fetch GET 200 https://registry.npmjs.org/normalize-url/-/normalize-url-4.5.1.tgz 23656ms (cache miss)
5137 http fetch GET 200 https://registry.npmjs.org/escape-string-regexp/-/escape-string-regexp-1.0.5.tgz 23597ms (cache miss)
5138 http fetch GET 200 https://registry.npmjs.org/react-refresh/-/react-refresh-0.11.0.tgz 24325ms (cache miss)
5139 http fetch GET 200 https://registry.npmjs.org/has-flag/-/has-flag-3.0.0.tgz 23733ms (cache miss)
5140 http fetch GET 200 https://registry.npmjs.org/has-flag/-/has-flag-3.0.0.tgz 23603ms (cache miss)
5141 http fetch GET 200 https://registry.npmjs.org/has-flag/-/has-flag-3.0.0.tgz 23705ms (cache miss)
5142 http fetch GET 200 https://registry.npmjs.org/ansi-styles/-/ansi-styles-3.2.1.tgz 23758ms (cache miss)
5143 http fetch GET 200 https://registry.npmjs.org/ansi-styles/-/ansi-styles-3.2.1.tgz 23628ms (cache miss)
5144 http fetch GET 200 https://registry.npmjs.org/ansi-styles/-/ansi-styles-3.2.1.tgz 23716ms (cache miss)
5145 http fetch GET 200 https://registry.npmjs.org/color-name/-/color-name-1.1.3.tgz 23766ms (cache miss)
5146 http fetch GET 200 https://registry.npmjs.org/color-name/-/color-name-1.1.3.tgz 23729ms (cache miss)
5147 http fetch GET 200 https://registry.npmjs.org/color-name/-/color-name-1.1.3.tgz 23643ms (cache miss)
5148 http fetch GET 200 https://registry.npmjs.org/color-convert/-/color-convert-1.9.3.tgz 23753ms (cache miss)
5149 http fetch GET 200 https://registry.npmjs.org/color-convert/-/color-convert-1.9.3.tgz 23666ms (cache miss)
5150 http fetch GET 200 https://registry.npmjs.org/color-convert/-/color-convert-1.9.3.tgz 23803ms (cache miss)
5151 http fetch GET 200 https://registry.npmjs.org/@webassemblyjs/wast-printer/-/wast-printer-1.14.1.tgz 24059ms (cache miss)
5152 http fetch GET 200 https://registry.npmjs.org/chalk/-/chalk-2.4.2.tgz 23886ms (cache miss)
5153 http fetch GET 200 https://registry.npmjs.org/chalk/-/chalk-2.4.2.tgz 23850ms (cache miss)
5154 http fetch GET 200 https://registry.npmjs.org/chalk/-/chalk-2.4.2.tgz 23766ms (cache miss)
5155 http fetch GET 200 https://registry.npmjs.org/strip-bom/-/strip-bom-3.0.0.tgz 23886ms (cache miss)
5156 http fetch GET 200 https://registry.npmjs.org/jest-worker/-/jest-worker-26.6.2.tgz 23842ms (cache miss)
5157 http fetch GET 200 https://registry.npmjs.org/p-limit/-/p-limit-3.1.0.tgz 23919ms (cache miss)
5158 http fetch GET 200 https://registry.npmjs.org/p-limit/-/p-limit-3.1.0.tgz 23852ms (cache miss)
5159 http fetch GET 200 https://registry.npmjs.org/locate-path/-/locate-path-6.0.0.tgz 23918ms (cache miss)
5160 http fetch GET 200 https://registry.npmjs.org/p-limit/-/p-limit-3.1.0.tgz 23807ms (cache miss)
5161 http fetch GET 200 https://registry.npmjs.org/locate-path/-/locate-path-6.0.0.tgz 23856ms (cache miss)
5162 http fetch GET 200 https://registry.npmjs.org/@alloc/quick-lru/-/quick-lru-5.2.0.tgz 23956ms (cache miss)
5163 http fetch GET 200 https://registry.npmjs.org/locate-path/-/locate-path-6.0.0.tgz 23808ms (cache miss)
5164 http fetch GET 200 https://registry.npmjs.org/p-locate/-/p-locate-5.0.0.tgz 23879ms (cache miss)
5165 http fetch GET 200 https://registry.npmjs.org/p-locate/-/p-locate-5.0.0.tgz 23832ms (cache miss)
5166 http fetch GET 200 https://registry.npmjs.org/find-up/-/find-up-5.0.0.tgz 23947ms (cache miss)
5167 http fetch GET 200 https://registry.npmjs.org/find-up/-/find-up-5.0.0.tgz 23833ms (cache miss)
5168 http fetch GET 200 https://registry.npmjs.org/p-locate/-/p-locate-5.0.0.tgz 23949ms (cache miss)
5169 http fetch GET 200 https://registry.npmjs.org/find-up/-/find-up-5.0.0.tgz 23883ms (cache miss)
5170 http fetch GET 200 https://registry.npmjs.org/brace-expansion/-/brace-expansion-2.0.2.tgz 23846ms (cache miss)
5171 http fetch GET 200 https://registry.npmjs.org/set-function-length/-/set-function-length-1.2.2.tgz 24636ms (cache miss)
5172 http fetch GET 200 https://registry.npmjs.org/webidl-conversions/-/webidl-conversions-5.0.0.tgz 23872ms (cache miss)
5173 http fetch GET 200 https://registry.npmjs.org/mime-db/-/mime-db-1.52.0.tgz 24514ms (cache miss)
5174 http fetch GET 200 https://registry.npmjs.org/tslib/-/tslib-1.14.1.tgz 23987ms (cache miss)
5175 warn deprecated sourcemap-codec@1.4.8: Please use @jridgewell/sourcemap-codec instead
5176 http fetch GET 200 https://registry.npmjs.org/@babel/plugin-proposal-private-property-in-object/-/plugin-proposal-private-property-in-object-7.21.11.tgz 23915ms (cache miss)
5177 http fetch GET 200 https://registry.npmjs.org/negotiator/-/negotiator-0.6.3.tgz 23979ms (cache miss)
5178 http fetch GET 200 https://registry.npmjs.org/@babel/plugin-transform-private-property-in-object/-/plugin-transform-private-property-in-object-7.27.1.tgz 24224ms (cache miss)
5179 http fetch GET 200 https://registry.npmjs.org/@types/send/-/send-0.17.6.tgz 24067ms (cache miss)
5180 http fetch GET 200 https://registry.npmjs.org/@types/express-serve-static-core/-/express-serve-static-core-4.19.7.tgz 24083ms (cache miss)
5181 http fetch GET 200 https://registry.npmjs.org/estraverse/-/estraverse-4.3.0.tgz 24182ms (cache miss)
5182 http fetch GET 200 https://registry.npmjs.org/estraverse/-/estraverse-4.3.0.tgz 24098ms (cache miss)
5183 http fetch GET 200 https://registry.npmjs.org/@types/estree/-/estree-0.0.39.tgz 24096ms (cache miss)
5184 http fetch GET 200 https://registry.npmjs.org/estraverse/-/estraverse-4.3.0.tgz 24101ms (cache miss)
5185 http fetch GET 200 https://registry.npmjs.org/@babel/plugin-transform-class-static-block/-/plugin-transform-class-static-block-7.28.3.tgz 24351ms (cache miss)
5186 http fetch GET 200 https://registry.npmjs.org/@babel/preset-react/-/preset-react-7.28.5.tgz 24419ms (cache miss)
5187 http fetch GET 200 https://registry.npmjs.org/convert-source-map/-/convert-source-map-1.9.0.tgz 24245ms (cache miss)
5188 http fetch GET 200 https://registry.npmjs.org/convert-source-map/-/convert-source-map-1.9.0.tgz 24174ms (cache miss)
5189 http fetch GET 200 https://registry.npmjs.org/@sinonjs/fake-timers/-/fake-timers-8.1.0.tgz 24513ms (cache miss)
5190 http fetch GET 200 https://registry.npmjs.org/nth-check 23699ms (cache miss)
5191 silly packumentCache corgi:https://registry.npmjs.org/nth-check set size:undefined disposed:false
5192 http fetch GET 200 https://registry.npmjs.org/eslint-visitor-keys/-/eslint-visitor-keys-2.1.0.tgz 24232ms (cache miss)
5193 http fetch GET 200 https://registry.npmjs.org/supports-color/-/supports-color-5.5.0.tgz 24364ms (cache miss)
5194 http fetch GET 200 https://registry.npmjs.org/supports-color/-/supports-color-5.5.0.tgz 24399ms (cache miss)
5195 http fetch GET 200 https://registry.npmjs.org/supports-color/-/supports-color-5.5.0.tgz 24274ms (cache miss)
5196 http fetch GET 200 https://registry.npmjs.org/statuses/-/statuses-2.0.1.tgz 24363ms (cache miss)
5197 http fetch GET 200 https://registry.npmjs.org/@babel/helper-plugin-utils/-/helper-plugin-utils-7.27.1.tgz 24469ms (cache miss)
5198 http fetch GET 200 https://registry.npmjs.org/ms/-/ms-2.0.0.tgz 24386ms (cache miss)
5199 http fetch GET 200 https://registry.npmjs.org/ms/-/ms-2.0.0.tgz 24339ms (cache miss)
5200 http fetch GET 200 https://registry.npmjs.org/ms/-/ms-2.0.0.tgz 24335ms (cache miss)
5201 http fetch GET 200 https://registry.npmjs.org/ms/-/ms-2.0.0.tgz 24324ms (cache miss)
5202 http fetch GET 200 https://registry.npmjs.org/ms/-/ms-2.0.0.tgz 24318ms (cache miss)
5203 http fetch GET 200 https://registry.npmjs.org/ms/-/ms-2.0.0.tgz 24314ms (cache miss)
5204 http fetch GET 200 https://registry.npmjs.org/ms/-/ms-2.0.0.tgz 24384ms (cache miss)
5205 http fetch GET 200 https://registry.npmjs.org/json-schema-traverse/-/json-schema-traverse-1.0.0.tgz 24317ms (cache miss)
5206 http fetch GET 200 https://registry.npmjs.org/http-errors/-/http-errors-2.0.0.tgz 24400ms (cache miss)
5207 http fetch GET 200 https://registry.npmjs.org/email-addresses/-/email-addresses-5.0.0.tgz 25264ms (cache miss)
5208 http fetch GET 200 https://registry.npmjs.org/emittery/-/emittery-0.10.2.tgz 24389ms (cache miss)
5209 http fetch GET 200 https://registry.npmjs.org/flat-cache/-/flat-cache-3.2.0.tgz 24938ms (cache miss)
5210 http fetch GET 200 https://registry.npmjs.org/nwsapi/-/nwsapi-2.2.23.tgz 25111ms (cache miss)
5211 http fetch GET 200 https://registry.npmjs.org/cssdb/-/cssdb-7.11.2.tgz 24879ms (cache miss)
5212 http fetch GET 200 https://registry.npmjs.org/@babel/plugin-bugfix-firefox-class-in-computed-class-key/-/plugin-bugfix-firefox-class-in-computed-class-key-7.28.5.tgz 24684ms (cache miss)
5213 http fetch GET 200 https://registry.npmjs.org/supports-color/-/supports-color-8.1.1.tgz 24635ms (cache miss)
5214 http fetch GET 200 https://registry.npmjs.org/http-errors/-/http-errors-2.0.0.tgz 24698ms (cache miss)
5215 http fetch GET 200 https://registry.npmjs.org/ansi-styles/-/ansi-styles-5.2.0.tgz 24716ms (cache miss)
5216 http fetch GET 200 https://registry.npmjs.org/glob-parent/-/glob-parent-5.1.2.tgz 24728ms (cache miss)
5217 http fetch GET 200 https://registry.npmjs.org/node-emoji/-/node-emoji-1.11.0.tgz 25683ms (cache miss)
5218 http fetch GET 200 https://registry.npmjs.org/big.js/-/big.js-5.2.2.tgz 25167ms (cache miss)
5219 http fetch GET 200 https://registry.npmjs.org/eslint-plugin-react-hooks/-/eslint-plugin-react-hooks-4.6.2.tgz 25324ms (cache miss)
5220 http fetch GET 200 https://registry.npmjs.org/escodegen/-/escodegen-2.1.0.tgz 25456ms (cache miss)
5221 http fetch GET 200 https://registry.npmjs.org/terser-webpack-plugin/-/terser-webpack-plugin-5.3.16.tgz 25805ms (cache miss)
5222 http fetch GET 200 https://registry.npmjs.org/is-core-module/-/is-core-module-2.16.1.tgz 25686ms (cache miss)
5223 http fetch GET 200 https://registry.npmjs.org/tmp 24570ms (cache miss)
5224 silly packumentCache corgi:https://registry.npmjs.org/tmp set size:undefined disposed:false
5225 http fetch GET 200 https://registry.npmjs.org/@babel/plugin-transform-object-rest-spread/-/plugin-transform-object-rest-spread-7.28.4.tgz 25424ms (cache miss)
5226 http fetch GET 200 https://registry.npmjs.org/@babel/plugin-transform-destructuring/-/plugin-transform-destructuring-7.28.5.tgz 25439ms (cache miss)
5227 warn deprecated @babel/plugin-proposal-optional-chaining@7.21.0: This proposal has been merged to the ECMAScript standard and thus this plugin is no longer maintained. Please use @babel/plugin-transform-optional-chaining instead.
5228 http fetch GET 200 https://registry.npmjs.org/asap/-/asap-2.0.6.tgz 25867ms (cache miss)
5229 http fetch GET 200 https://registry.npmjs.org/diff-sequences/-/diff-sequences-27.5.1.tgz 25949ms (cache miss)
5230 http fetch GET 200 https://registry.npmjs.org/get-intrinsic/-/get-intrinsic-1.3.0.tgz 26049ms (cache miss)
5231 http fetch GET 200 https://registry.npmjs.org/mime/-/mime-1.6.0.tgz 26181ms (cache miss)
5232 warn deprecated abab@2.0.6: Use your platform's native atob() and btoa() methods instead
5233 http fetch GET 200 https://registry.npmjs.org/yargs-parser/-/yargs-parser-20.2.9.tgz 26687ms (cache miss)
5234 http fetch GET 200 https://registry.npmjs.org/jest-message-util/-/jest-message-util-28.1.3.tgz 25841ms (cache miss)
5235 http fetch GET 200 https://registry.npmjs.org/object-keys/-/object-keys-1.1.1.tgz 26528ms (cache miss)
5236 http fetch GET 200 https://registry.npmjs.org/semver/-/semver-5.7.2.tgz 26033ms (cache miss)
5237 http fetch GET 200 https://registry.npmjs.org/sass-loader/-/sass-loader-12.6.0.tgz 26678ms (cache miss)
5238 http fetch GET 200 https://registry.npmjs.org/is-callable/-/is-callable-1.2.7.tgz 26539ms (cache miss)
5239 http fetch GET 200 https://registry.npmjs.org/regexpu-core/-/regexpu-core-6.4.0.tgz 26734ms (cache miss)
5240 http fetch GET 200 https://registry.npmjs.org/define-properties/-/define-properties-1.2.1.tgz 26424ms (cache miss)
5241 http fetch GET 200 https://registry.npmjs.org/semver/-/semver-6.3.1.tgz 26152ms (cache miss)
5242 http fetch GET 200 https://registry.npmjs.org/semver/-/semver-6.3.1.tgz 26175ms (cache miss)
5243 http fetch GET 200 https://registry.npmjs.org/form-data/-/form-data-3.0.4.tgz 26587ms (cache miss)
5244 http fetch GET 200 https://registry.npmjs.org/commander/-/commander-2.20.3.tgz 26200ms (cache miss)
5245 http fetch GET 200 https://registry.npmjs.org/file-loader/-/file-loader-6.2.0.tgz 26611ms (cache miss)
5246 http fetch GET 200 https://registry.npmjs.org/prelude-ls/-/prelude-ls-1.2.1.tgz 26883ms (cache miss)
5247 http fetch GET 200 https://registry.npmjs.org/tslib/-/tslib-2.8.1.tgz 27024ms (cache miss)
5248 http fetch GET 200 https://registry.npmjs.org/postcss-loader/-/postcss-loader-6.2.1.tgz 26927ms (cache miss)
5249 http fetch GET 200 https://registry.npmjs.org/jest-runtime/-/jest-runtime-27.5.1.tgz 26846ms (cache miss)
5250 warn deprecated @babel/plugin-proposal-private-property-in-object@7.21.11: This proposal has been merged to the ECMAScript standard and thus this plugin is no longer maintained. Please use @babel/plugin-transform-private-property-in-object instead.
5251 http fetch GET 200 https://registry.npmjs.org/commander/-/commander-4.1.1.tgz 26350ms (cache miss)
5252 http fetch GET 200 https://registry.npmjs.org/is-shared-array-buffer/-/is-shared-array-buffer-1.0.4.tgz 26957ms (cache miss)
5253 http fetch GET 200 https://registry.npmjs.org/cookie/-/cookie-1.1.1.tgz 26537ms (cache miss)
5254 http fetch GET 200 https://registry.npmjs.org/is-array-buffer/-/is-array-buffer-3.0.5.tgz 27025ms (cache miss)
5255 http fetch GET 200 https://registry.npmjs.org/semver/-/semver-6.3.1.tgz 26515ms (cache miss)
5256 http fetch GET 200 https://registry.npmjs.org/@rollup/plugin-babel/-/plugin-babel-5.3.1.tgz 26757ms (cache miss)
5257 http fetch GET 200 https://registry.npmjs.org/semver/-/semver-6.3.1.tgz 26544ms (cache miss)
5258 http fetch GET 200 https://registry.npmjs.org/prop-types/-/prop-types-15.8.1.tgz 27261ms (cache miss)
5259 http fetch GET 200 https://registry.npmjs.org/cjs-module-lexer/-/cjs-module-lexer-1.4.3.tgz 26937ms (cache miss)
5260 http fetch GET 200 https://registry.npmjs.org/semver/-/semver-6.3.1.tgz 26613ms (cache miss)
5261 http fetch GET 200 https://registry.npmjs.org/semver/-/semver-6.3.1.tgz 26619ms (cache miss)
5262 http fetch GET 200 https://registry.npmjs.org/@babel/plugin-transform-async-generator-functions/-/plugin-transform-async-generator-functions-7.28.0.tgz 26896ms (cache miss)
5263 http fetch GET 200 https://registry.npmjs.org/semver/-/semver-6.3.1.tgz 26746ms (cache miss)
5264 http fetch GET 200 https://registry.npmjs.org/postcss-initial/-/postcss-initial-4.0.1.tgz 27463ms (cache miss)
5265 http fetch GET 200 https://registry.npmjs.org/@rollup/plugin-replace/-/plugin-replace-2.4.2.tgz 27070ms (cache miss)
5266 http fetch GET 200 https://registry.npmjs.org/escodegen/-/escodegen-1.14.3.tgz 26868ms (cache miss)
5267 http fetch GET 200 https://registry.npmjs.org/es-module-lexer/-/es-module-lexer-1.7.0.tgz 27271ms (cache miss)
5268 http fetch GET 200 https://registry.npmjs.org/domexception/-/domexception-2.0.1.tgz 27344ms (cache miss)
5269 http fetch GET 200 https://registry.npmjs.org/semver/-/semver-6.3.1.tgz 26872ms (cache miss)
5270 http fetch GET 200 https://registry.npmjs.org/semver/-/semver-6.3.1.tgz 26875ms (cache miss)
5271 http fetch GET 200 https://registry.npmjs.org/semver/-/semver-6.3.1.tgz 26881ms (cache miss)
5272 http fetch GET 200 https://registry.npmjs.org/@babel/plugin-proposal-decorators/-/plugin-proposal-decorators-7.28.0.tgz 27094ms (cache miss)
5273 http fetch GET 200 https://registry.npmjs.org/semver/-/semver-6.3.1.tgz 26905ms (cache miss)
5274 http fetch GET 200 https://registry.npmjs.org/semver/-/semver-6.3.1.tgz 26921ms (cache miss)
5275 http fetch GET 200 https://registry.npmjs.org/semver/-/semver-6.3.1.tgz 26929ms (cache miss)
5276 http fetch GET 200 https://registry.npmjs.org/picomatch/-/picomatch-2.3.1.tgz 27645ms (cache miss)
5277 http fetch GET 200 https://registry.npmjs.org/semver/-/semver-6.3.1.tgz 26944ms (cache miss)
5278 http fetch GET 200 https://registry.npmjs.org/@vue/compiler-core/-/compiler-core-3.5.25.tgz 27932ms (cache miss)
5279 http fetch GET 200 https://registry.npmjs.org/eslint-visitor-keys/-/eslint-visitor-keys-3.4.3.tgz 27500ms (cache miss)
5280 http fetch GET 200 https://registry.npmjs.org/html-minifier-terser/-/html-minifier-terser-6.1.0.tgz 27630ms (cache miss)
5281 http fetch GET 200 https://registry.npmjs.org/@csstools/postcss-ic-unit/-/postcss-ic-unit-1.0.1.tgz 27373ms (cache miss)
5282 http fetch GET 200 https://registry.npmjs.org/reusify/-/reusify-1.1.0.tgz 27957ms (cache miss)
5283 http fetch GET 200 https://registry.npmjs.org/doctrine/-/doctrine-3.0.0.tgz 27645ms (cache miss)
5284 http fetch GET 200 https://registry.npmjs.org/is-boolean-object/-/is-boolean-object-1.2.2.tgz 27798ms (cache miss)
5285 http fetch GET 200 https://registry.npmjs.org/tough-cookie/-/tough-cookie-4.1.4.tgz 28107ms (cache miss)
5286 http fetch GET 200 https://registry.npmjs.org/chokidar/-/chokidar-3.6.0.tgz 27713ms (cache miss)
5287 warn deprecated domexception@2.0.1: Use your platform's native DOMException instead
5288 http fetch GET 200 https://registry.npmjs.org/websocket-extensions/-/websocket-extensions-0.1.4.tgz 28243ms (cache miss)
5289 http fetch GET 200 https://registry.npmjs.org/utila/-/utila-0.4.0.tgz 28239ms (cache miss)
5290 http fetch GET 200 https://registry.npmjs.org/decimal.js/-/decimal.js-10.6.0.tgz 27931ms (cache miss)
5291 http fetch GET 200 https://registry.npmjs.org/@rollup/pluginutils/-/pluginutils-3.1.0.tgz 27942ms (cache miss)
5292 warn deprecated @humanwhocodes/object-schema@2.0.3: Use @eslint/object-schema instead
5293 http fetch GET 200 https://registry.npmjs.org/esprima/-/esprima-4.0.1.tgz 28260ms (cache miss)
5294 http fetch GET 200 https://registry.npmjs.org/string.prototype.trimstart/-/string.prototype.trimstart-1.0.8.tgz 28593ms (cache miss)
5295 http fetch GET 200 https://registry.npmjs.org/browserslist/-/browserslist-4.28.1.tgz 28183ms (cache miss)
5296 http fetch GET 200 https://registry.npmjs.org/internal-slot/-/internal-slot-1.1.0.tgz 28398ms (cache miss)
5297 http fetch GET 200 https://registry.npmjs.org/argparse/-/argparse-2.0.1.tgz 28003ms (cache miss)
5298 http fetch GET 200 https://registry.npmjs.org/istanbul-lib-instrument/-/istanbul-lib-instrument-5.2.1.tgz 28469ms (cache miss)
5299 http fetch GET 200 https://registry.npmjs.org/@jest/fake-timers/-/fake-timers-27.5.1.tgz 28316ms (cache miss)
5300 http fetch GET 200 https://registry.npmjs.org/babel-plugin-polyfill-corejs2/-/babel-plugin-polyfill-corejs2-0.4.14.tgz 28517ms (cache miss)
5301 http fetch GET 200 https://registry.npmjs.org/@rollup/plugin-node-resolve/-/plugin-node-resolve-11.2.1.tgz 28444ms (cache miss)
5302 http fetch GET 200 https://registry.npmjs.org/ejs/-/ejs-3.1.10.tgz 28652ms (cache miss)
5303 http fetch GET 200 https://registry.npmjs.org/@xtuc/long/-/long-4.2.2.tgz 28581ms (cache miss)
5304 http fetch GET 200 https://registry.npmjs.org/string.prototype.trim/-/string.prototype.trim-1.2.10.tgz 29035ms (cache miss)
5305 http fetch GET 200 https://registry.npmjs.org/es-shim-unscopables/-/es-shim-unscopables-1.1.0.tgz 28699ms (cache miss)
5306 http fetch GET 200 https://registry.npmjs.org/postcss-load-config/-/postcss-load-config-6.0.1.tgz 28451ms (cache miss)
5307 http fetch GET 200 https://registry.npmjs.org/espree/-/espree-9.6.1.tgz 28860ms (cache miss)
5308 http fetch GET 200 https://registry.npmjs.org/commander/-/commander-7.2.0.tgz 28483ms (cache miss)
5309 http fetch GET 200 https://registry.npmjs.org/acorn-walk/-/acorn-walk-7.2.0.tgz 28801ms (cache miss)
5310 http fetch GET 200 https://registry.npmjs.org/call-bind/-/call-bind-1.0.8.tgz 28982ms (cache miss)
5311 http fetch GET 200 https://registry.npmjs.org/argparse/-/argparse-2.0.1.tgz 28591ms (cache miss)
5312 http fetch GET 200 https://registry.npmjs.org/argparse/-/argparse-2.0.1.tgz 28569ms (cache miss)
5313 http fetch GET 200 https://registry.npmjs.org/postcss-import/-/postcss-import-15.1.0.tgz 29327ms (cache miss)
5314 http fetch GET 200 https://registry.npmjs.org/babel-loader/-/babel-loader-8.4.1.tgz 29021ms (cache miss)
5315 http fetch GET 200 https://registry.npmjs.org/baseline-browser-mapping/-/baseline-browser-mapping-2.9.6.tgz 29163ms (cache miss)
5316 http fetch GET 200 https://registry.npmjs.org/execa/-/execa-5.1.1.tgz 29285ms (cache miss)
5317 http fetch GET 200 https://registry.npmjs.org/css-minimizer-webpack-plugin/-/css-minimizer-webpack-plugin-3.4.1.tgz 29294ms (cache miss)
5318 http fetch GET 200 https://registry.npmjs.org/postcss 28370ms (cache miss)
5319 silly packumentCache corgi:https://registry.npmjs.org/postcss set size:undefined disposed:false
5320 http fetch GET 200 https://registry.npmjs.org/got 28379ms (cache miss)
5321 silly packumentCache corgi:https://registry.npmjs.org/got set size:undefined disposed:false
5322 http fetch GET 200 https://registry.npmjs.org/@babel/plugin-transform-classes/-/plugin-transform-classes-7.28.4.tgz 29200ms (cache miss)
5323 http fetch GET 200 https://registry.npmjs.org/@webassemblyjs/wasm-parser/-/wasm-parser-1.14.1.tgz 29383ms (cache miss)
5324 http fetch GET 200 https://registry.npmjs.org/detect-port-alt/-/detect-port-alt-1.1.6.tgz 29499ms (cache miss)
5325 http fetch GET 200 https://registry.npmjs.org/debug/-/debug-3.2.7.tgz 29075ms (cache miss)
5326 http fetch GET 200 https://registry.npmjs.org/debug/-/debug-3.2.7.tgz 29079ms (cache miss)
5327 http fetch GET 200 https://registry.npmjs.org/debug/-/debug-3.2.7.tgz 29083ms (cache miss)
5328 http fetch GET 200 https://registry.npmjs.org/string.prototype.matchall/-/string.prototype.matchall-4.0.12.tgz 29881ms (cache miss)
5329 http fetch GET 200 https://registry.npmjs.org/electron-to-chromium/-/electron-to-chromium-1.5.267.tgz 29737ms (cache miss)
5330 http fetch GET 200 https://registry.npmjs.org/doctrine/-/doctrine-2.1.0.tgz 29347ms (cache miss)
5331 http fetch GET 200 https://registry.npmjs.org/doctrine/-/doctrine-2.1.0.tgz 29354ms (cache miss)
5332 http fetch GET 200 https://registry.npmjs.org/get-proto/-/get-proto-1.0.1.tgz 29871ms (cache miss)
5333 http fetch GET 200 https://registry.npmjs.org/sprintf-js/-/sprintf-js-1.0.3.tgz 30204ms (cache miss)
5334 http fetch GET 200 https://registry.npmjs.org/@babel/plugin-transform-react-jsx/-/plugin-transform-react-jsx-7.27.1.tgz 29640ms (cache miss)
5335 http fetch GET 200 https://registry.npmjs.org/tr46/-/tr46-1.0.1.tgz 29547ms (cache miss)
5336 http fetch GET 200 https://registry.npmjs.org/postcss-image-set-function/-/postcss-image-set-function-4.0.7.tgz 30212ms (cache miss)
5337 http fetch GET 200 https://registry.npmjs.org/istanbul-lib-report/-/istanbul-lib-report-3.0.1.tgz 30135ms (cache miss)
5338 http fetch GET 200 https://registry.npmjs.org/body-parser/-/body-parser-1.20.4.tgz 29983ms (cache miss)
5339 http fetch GET 200 https://registry.npmjs.org/dotenv/-/dotenv-10.0.0.tgz 30054ms (cache miss)
5340 http fetch GET 200 https://registry.npmjs.org/webpack-dev-server 29057ms (cache miss)
5341 silly packumentCache corgi:https://registry.npmjs.org/webpack-dev-server set size:undefined disposed:false
5342 http fetch GET 200 https://registry.npmjs.org/@csstools/postcss-stepped-value-functions/-/postcss-stepped-value-functions-1.0.1.tgz 30026ms (cache miss)
5343 http fetch GET 200 https://registry.npmjs.org/object.getownpropertydescriptors/-/object.getownpropertydescriptors-2.1.9.tgz 30459ms (cache miss)
5344 http fetch GET 200 https://registry.npmjs.org/picomatch/-/picomatch-4.0.3.tgz 29918ms (cache miss)
5345 http fetch GET 200 https://registry.npmjs.org/ws/-/ws-7.5.10.tgz 30728ms (cache miss)
5346 http fetch GET 200 https://registry.npmjs.org/spdy/-/spdy-4.0.2.tgz 30619ms (cache miss)
5347 http fetch GET 200 https://registry.npmjs.org/async-function/-/async-function-1.0.0.tgz 30214ms (cache miss)
5348 http fetch GET 200 https://registry.npmjs.org/dunder-proto/-/dunder-proto-1.0.1.tgz 30474ms (cache miss)
5349 http fetch GET 200 https://registry.npmjs.org/whatwg-url/-/whatwg-url-8.7.0.tgz 30983ms (cache miss)
5350 http fetch GET 200 https://registry.npmjs.org/babel-plugin-transform-react-remove-prop-types/-/babel-plugin-transform-react-remove-prop-types-0.4.24.tgz 30534ms (cache miss)
5351 http fetch GET 200 https://registry.npmjs.org/magic-string/-/magic-string-0.25.9.tgz 30799ms (cache miss)
5352 http fetch GET 200 https://registry.npmjs.org/@eslint-community/regexpp/-/regexpp-4.12.2.tgz 30553ms (cache miss)
5353 http fetch GET 200 https://registry.npmjs.org/html-webpack-plugin/-/html-webpack-plugin-5.6.5.tgz 30927ms (cache miss)
5354 http fetch GET 200 https://registry.npmjs.org/@jest/types/-/types-28.1.3.tgz 30425ms (cache miss)
5355 http fetch GET 200 https://registry.npmjs.org/tslib/-/tslib-1.14.1.tgz 30601ms (cache miss)
5356 http fetch GET 200 https://registry.npmjs.org/css-select/-/css-select-2.1.0.tgz 30564ms (cache miss)
5357 http fetch GET 200 https://registry.npmjs.org/object.values/-/object.values-1.2.1.tgz 31155ms (cache miss)
5358 http fetch GET 200 https://registry.npmjs.org/@babel/plugin-transform-parameters/-/plugin-transform-parameters-7.27.7.tgz 30710ms (cache miss)
5359 http fetch GET 200 https://registry.npmjs.org/@jridgewell/source-map/-/source-map-0.3.11.tgz 30772ms (cache miss)
5360 http fetch GET 200 https://registry.npmjs.org/@babel/plugin-transform-block-scoping/-/plugin-transform-block-scoping-7.28.5.tgz 30859ms (cache miss)
5361 http fetch GET 200 https://registry.npmjs.org/@svgr/hast-util-to-babel-ast/-/hast-util-to-babel-ast-5.5.0.tgz 30963ms (cache miss)
5362 http fetch GET 200 https://registry.npmjs.org/regexp.prototype.flags/-/regexp.prototype.flags-1.5.4.tgz 31562ms (cache miss)
5363 http fetch GET 200 https://registry.npmjs.org/faye-websocket/-/faye-websocket-0.11.4.tgz 31322ms (cache miss)
5364 http fetch GET 200 https://registry.npmjs.org/@vue/compiler-dom/-/compiler-dom-3.5.25.tgz 31771ms (cache miss)
5365 http fetch GET 200 https://registry.npmjs.org/globalthis/-/globalthis-1.0.4.tgz 31431ms (cache miss)
5366 http fetch GET 200 https://registry.npmjs.org/json-schema-traverse/-/json-schema-traverse-1.0.0.tgz 31082ms (cache miss)
5367 http fetch GET 200 https://registry.npmjs.org/@eslint-community/eslint-utils/-/eslint-utils-4.9.0.tgz 31230ms (cache miss)
5368 http fetch GET 200 https://registry.npmjs.org/sockjs/-/sockjs-0.3.24.tgz 31835ms (cache miss)
5369 http fetch GET 200 https://registry.npmjs.org/commander/-/commander-8.3.0.tgz 31580ms (cache miss)
5370 http fetch GET 200 https://registry.npmjs.org/json-stable-stringify-without-jsonify/-/json-stable-stringify-without-jsonify-1.0.1.tgz 31848ms (cache miss)
5371 http fetch GET 200 https://registry.npmjs.org/array.prototype.tosorted/-/array.prototype.tosorted-1.1.4.tgz 31624ms (cache miss)
5372 http fetch GET 200 https://registry.npmjs.org/got/-/got-9.6.0.tgz 32245ms (cache miss)
5373 http fetch GET 200 https://registry.npmjs.org/array.prototype.findlastindex/-/array.prototype.findlastindex-1.2.6.tgz 31633ms (cache miss)
5374 http fetch GET 200 https://registry.npmjs.org/emoji-regex/-/emoji-regex-9.2.2.tgz 31717ms (cache miss)
5375 http fetch GET 200 https://registry.npmjs.org/@types/prettier/-/prettier-2.7.3.tgz 31733ms (cache miss)
5376 http fetch GET 200 https://registry.npmjs.org/json5/-/json5-1.0.2.tgz 31544ms (cache miss)
5377 http fetch GET 200 https://registry.npmjs.org/eslint-scope/-/eslint-scope-7.2.2.tgz 31928ms (cache miss)
5378 silly packumentCache corgi:https://registry.npmjs.org/css-select cache-miss
5379 http fetch GET 200 https://registry.npmjs.org/array-includes/-/array-includes-3.1.9.tgz 31857ms (cache miss)
5380 http fetch GET 200 https://registry.npmjs.org/eslint-scope/-/eslint-scope-5.1.1.tgz 31676ms (cache miss)
5381 http fetch GET 200 https://registry.npmjs.org/whatwg-url/-/whatwg-url-7.1.0.tgz 31707ms (cache miss)
5382 http fetch GET 200 https://registry.npmjs.org/array.prototype.flatmap/-/array.prototype.flatmap-1.3.3.tgz 32091ms (cache miss)
5383 http fetch GET 200 https://registry.npmjs.org/eslint-scope/-/eslint-scope-5.1.1.tgz 31736ms (cache miss)
5384 http fetch GET 200 https://registry.npmjs.org/css-blank-pseudo/-/css-blank-pseudo-3.0.3.tgz 32194ms (cache miss)
5385 http fetch GET 200 https://registry.npmjs.org/@csstools/postcss-is-pseudo-class/-/postcss-is-pseudo-class-2.0.7.tgz 32207ms (cache miss)
5386 http fetch GET 200 https://registry.npmjs.org/eslint-scope/-/eslint-scope-5.1.1.tgz 31953ms (cache miss)
5387 http fetch GET 200 https://registry.npmjs.org/coa/-/coa-2.0.2.tgz 32433ms (cache miss)
5388 http fetch GET 200 https://registry.npmjs.org/human-signals/-/human-signals-2.1.0.tgz 32587ms (cache miss)
5389 http fetch GET 200 https://registry.npmjs.org/css-has-pseudo/-/css-has-pseudo-3.0.4.tgz 32473ms (cache miss)
5390 http fetch GET 200 https://registry.npmjs.org/camel-case/-/camel-case-4.1.2.tgz 32480ms (cache miss)
5391 http fetch GET 200 https://registry.npmjs.org/source-map-js/-/source-map-js-1.2.1.tgz 32918ms (cache miss)
5392 http fetch GET 200 https://registry.npmjs.org/@jest/types/-/types-27.5.1.tgz 32416ms (cache miss)
5393 http fetch GET 200 https://registry.npmjs.org/css-prefers-color-scheme/-/css-prefers-color-scheme-6.0.3.tgz 32641ms (cache miss)
5394 http fetch GET 200 https://registry.npmjs.org/@babel/plugin-transform-typescript/-/plugin-transform-typescript-7.28.5.tgz 32449ms (cache miss)
5395 http fetch GET 200 https://registry.npmjs.org/workbox-cacheable-response/-/workbox-cacheable-response-6.6.0.tgz 33122ms (cache miss)
5396 warn deprecated workbox-cacheable-response@6.6.0: workbox-background-sync@6.6.0
5397 http fetch GET 200 https://registry.npmjs.org/acorn/-/acorn-8.15.0.tgz 32853ms (cache miss)
5398 http fetch GET 200 https://registry.npmjs.org/debug/-/debug-2.6.9.tgz 32578ms (cache miss)
5399 http fetch GET 200 https://registry.npmjs.org/debug/-/debug-2.6.9.tgz 32586ms (cache miss)
5400 http fetch GET 200 https://registry.npmjs.org/object.assign/-/object.assign-4.1.7.tgz 33213ms (cache miss)
5401 http fetch GET 200 https://registry.npmjs.org/@ungap/structured-clone/-/structured-clone-1.3.0.tgz 32918ms (cache miss)
5402 http fetch GET 200 https://registry.npmjs.org/es-errors/-/es-errors-1.3.0.tgz 33044ms (cache miss)
5403 http fetch GET 200 https://registry.npmjs.org/string.prototype.includes/-/string.prototype.includes-2.0.1.tgz 33393ms (cache miss)
5404 http fetch GET 200 https://registry.npmjs.org/debug/-/debug-2.6.9.tgz 32661ms (cache miss)
5405 http fetch GET 200 https://registry.npmjs.org/debug/-/debug-2.6.9.tgz 32679ms (cache miss)
5406 http fetch GET 200 https://registry.npmjs.org/debug/-/debug-2.6.9.tgz 32697ms (cache miss)
5407 http fetch GET 200 https://registry.npmjs.org/@types/eslint/-/eslint-8.56.12.tgz 32992ms (cache miss)
5408 http fetch GET 200 https://registry.npmjs.org/commander/-/commander-13.1.0.tgz 32818ms (cache miss)
5409 http fetch GET 200 https://registry.npmjs.org/workbox-google-analytics/-/workbox-google-analytics-6.6.0.tgz 33608ms (cache miss)
5410 http fetch GET 200 https://registry.npmjs.org/source-map/-/source-map-0.7.6.tgz 33514ms (cache miss)
5411 http fetch GET 200 https://registry.npmjs.org/qs/-/qs-6.14.0.tgz 33500ms (cache miss)
5412 http fetch GET 200 https://registry.npmjs.org/debug/-/debug-2.6.9.tgz 32764ms (cache miss)
5413 http fetch GET 200 https://registry.npmjs.org/debug/-/debug-2.6.9.tgz 32765ms (cache miss)
5414 http fetch GET 200 https://registry.npmjs.org/debug/-/debug-2.6.9.tgz 32762ms (cache miss)
5415 http fetch GET 200 https://registry.npmjs.org/magic-string/-/magic-string-0.30.21.tgz 32941ms (cache miss)
5416 warn deprecated workbox-google-analytics@6.6.0: It is not compatible with newer versions of GA starting with v4, as long as you are using GAv3 it should be ok, but the package is not longer being maintained
5417 http fetch GET 200 https://registry.npmjs.org/mini-css-extract-plugin/-/mini-css-extract-plugin-2.9.4.tgz 33629ms (cache miss)
5418 http fetch GET 200 https://registry.npmjs.org/css-select 1637ms (cache miss)
5419 silly packumentCache corgi:https://registry.npmjs.org/css-select set size:undefined disposed:false
5420 http fetch GET 200 https://registry.npmjs.org/babel-plugin-polyfill-corejs3/-/babel-plugin-polyfill-corejs3-0.13.0.tgz 33513ms (cache miss)
5421 http fetch GET 200 https://registry.npmjs.org/psl/-/psl-1.15.0.tgz 33889ms (cache miss)
5422 http fetch GET 200 https://registry.npmjs.org/eslint-webpack-plugin/-/eslint-webpack-plugin-3.2.0.tgz 33710ms (cache miss)
5423 http fetch GET 200 https://registry.npmjs.org/http-proxy/-/http-proxy-1.18.1.tgz 33783ms (cache miss)
5424 http fetch GET 200 https://registry.npmjs.org/lz-string/-/lz-string-1.5.0.tgz 33938ms (cache miss)
5425 http fetch GET 200 https://registry.npmjs.org/webpack-sources/-/webpack-sources-2.3.1.tgz 33492ms (cache miss)
5426 http fetch GET 200 https://registry.npmjs.org/workbox-navigation-preload/-/workbox-navigation-preload-6.6.0.tgz 34281ms (cache miss)
5427 http fetch GET 200 https://registry.npmjs.org/es-to-primitive/-/es-to-primitive-1.3.0.tgz 33925ms (cache miss)
5428 http fetch GET 200 https://registry.npmjs.org/@babel/helper-compilation-targets/-/helper-compilation-targets-7.27.2.tgz 33659ms (cache miss)
5429 http fetch GET 200 https://registry.npmjs.org/estree-walker/-/estree-walker-2.0.2.tgz 33720ms (cache miss)
5430 http fetch GET 200 https://registry.npmjs.org/css-loader/-/css-loader-6.11.0.tgz 34057ms (cache miss)
5431 http fetch GET 200 https://registry.npmjs.org/express/-/express-4.22.1.tgz 34252ms (cache miss)
5432 http fetch GET 200 https://registry.npmjs.org/postcss-lab-function/-/postcss-lab-function-4.2.1.tgz 34505ms (cache miss)
5433 http fetch GET 200 https://registry.npmjs.org/schema-utils/-/schema-utils-2.7.0.tgz 33848ms (cache miss)
5434 http fetch GET 200 https://registry.npmjs.org/idb/-/idb-7.1.1.tgz 34404ms (cache miss)
5435 http fetch GET 200 https://registry.npmjs.org/schema-utils/-/schema-utils-2.7.1.tgz 33959ms (cache miss)
5436 http fetch GET 200 https://registry.npmjs.org/@babel/helper-module-transforms/-/helper-module-transforms-7.28.3.tgz 34169ms (cache miss)
5437 silly packumentCache corgi:https://registry.npmjs.org/resolve-url-loader cache-miss
5438 http fetch GET 200 https://registry.npmjs.org/@babel/template/-/template-7.27.2.tgz 34308ms (cache miss)
5439 http fetch GET 200 https://registry.npmjs.org/fraction.js/-/fraction.js-5.3.4.tgz 34583ms (cache miss)
5440 http fetch GET 200 https://registry.npmjs.org/type-fest/-/type-fest-0.8.1.tgz 34306ms (cache miss)
5441 http fetch GET 200 https://registry.npmjs.org/entities/-/entities-2.2.0.tgz 34619ms (cache miss)
5442 http fetch GET 200 https://registry.npmjs.org/jest-worker/-/jest-worker-28.1.3.tgz 34173ms (cache miss)
5443 http fetch GET 200 https://registry.npmjs.org/style-loader/-/style-loader-3.3.4.tgz 34973ms (cache miss)
5444 http fetch GET 200 https://registry.npmjs.org/json5/-/json5-2.2.3.tgz 34877ms (cache miss)
5445 http fetch GET 200 https://registry.npmjs.org/postcss-calc/-/postcss-calc-8.2.4.tgz 34973ms (cache miss)
5446 http fetch GET 200 https://registry.npmjs.org/@adobe/css-tools/-/css-tools-4.4.4.tgz 34442ms (cache miss)
5447 http fetch GET 200 https://registry.npmjs.org/workbox-expiration/-/workbox-expiration-6.6.0.tgz 35197ms (cache miss)
5448 http fetch GET 200 https://registry.npmjs.org/resolve-url-loader/-/resolve-url-loader-4.0.0.tgz 35106ms (cache miss)
5449 http fetch GET 200 https://registry.npmjs.org/ws/-/ws-8.18.3.tgz 34453ms (cache miss)
5450 http fetch GET 200 https://registry.npmjs.org/minimist/-/minimist-1.2.8.tgz 35099ms (cache miss)
5451 http fetch GET 200 https://registry.npmjs.org/core-js-compat/-/core-js-compat-3.47.0.tgz 34924ms (cache miss)
5452 http fetch GET 200 https://registry.npmjs.org/schema-utils/-/schema-utils-4.3.3.tgz 35298ms (cache miss)
5453 http fetch GET 200 https://registry.npmjs.org/pretty-format/-/pretty-format-28.1.3.tgz 34610ms (cache miss)
5454 http fetch GET 200 https://registry.npmjs.org/@csstools/postcss-cascade-layers/-/postcss-cascade-layers-1.1.1.tgz 34845ms (cache miss)
5455 http fetch GET 200 https://registry.npmjs.org/websocket-driver/-/websocket-driver-0.7.4.tgz 35551ms (cache miss)
5456 http fetch GET 200 https://registry.npmjs.org/webpack-dev-middleware/-/webpack-dev-middleware-5.3.4.tgz 35559ms (cache miss)
5457 http fetch GET 200 https://registry.npmjs.org/schema-utils/-/schema-utils-3.3.0.tgz 34893ms (cache miss)
5458 http fetch GET 200 https://registry.npmjs.org/esprima/-/esprima-1.2.2.tgz 34937ms (cache miss)
5459 http fetch GET 200 https://registry.npmjs.org/jest-diff/-/jest-diff-27.5.1.tgz 35506ms (cache miss)
5460 http fetch GET 200 https://registry.npmjs.org/@babel/helper-create-class-features-plugin/-/helper-create-class-features-plugin-7.28.5.tgz 35104ms (cache miss)
5461 http fetch GET 200 https://registry.npmjs.org/@csstools/postcss-oklab-function/-/postcss-oklab-function-1.1.1.tgz 35251ms (cache miss)
5462 http fetch GET 200 https://registry.npmjs.org/workbox-broadcast-update/-/workbox-broadcast-update-6.6.0.tgz 35972ms (cache miss)
5463 http fetch GET 200 https://registry.npmjs.org/exit/-/exit-0.1.2.tgz 35622ms (cache miss)
5464 http fetch GET 200 https://registry.npmjs.org/source-map/-/source-map-0.8.0-beta.0.tgz 35382ms (cache miss)
5465 http fetch GET 200 https://registry.npmjs.org/react-scripts/-/react-scripts-5.0.1.tgz 36029ms (cache miss)
5466 http fetch GET 200 https://registry.npmjs.org/resolve-url-loader 1339ms (cache miss)
5467 silly packumentCache corgi:https://registry.npmjs.org/resolve-url-loader set size:undefined disposed:false
5468 http fetch GET 200 https://registry.npmjs.org/workbox-range-requests/-/workbox-range-requests-6.6.0.tgz 36260ms (cache miss)
5469 warn deprecated source-map@0.8.0-beta.0: The work that was done in this beta branch won't be included in future versions
5470 http fetch GET 200 https://registry.npmjs.org/esquery/-/esquery-1.6.0.tgz 35879ms (cache miss)
5471 http fetch GET 200 https://registry.npmjs.org/hpack.js/-/hpack.js-2.1.6.tgz 35939ms (cache miss)
5472 http fetch GET 200 https://registry.npmjs.org/eslint-module-utils/-/eslint-module-utils-2.12.1.tgz 35889ms (cache miss)
5473 http fetch GET 200 https://registry.npmjs.org/htmlparser2/-/htmlparser2-6.1.0.tgz 35975ms (cache miss)
5474 http fetch GET 200 https://registry.npmjs.org/jest-snapshot/-/jest-snapshot-27.5.1.tgz 36048ms (cache miss)
5475 http fetch GET 200 https://registry.npmjs.org/react-dev-utils/-/react-dev-utils-12.0.1.tgz 36230ms (cache miss)
5476 http fetch GET 200 https://registry.npmjs.org/react/-/react-19.2.3.tgz 36242ms (cache miss)
5477 http fetch GET 200 https://registry.npmjs.org/@babel/helper-define-polyfill-provider/-/helper-define-polyfill-provider-0.6.5.tgz 35955ms (cache miss)
5478 http fetch GET 200 https://registry.npmjs.org/readable-stream/-/readable-stream-2.3.8.tgz 35932ms (cache miss)
5479 http fetch GET 200 https://registry.npmjs.org/expect/-/expect-27.5.1.tgz 36593ms (cache miss)
5480 http fetch GET 200 https://registry.npmjs.org/graphemer/-/graphemer-1.4.0.tgz 36740ms (cache miss)
5481 http fetch GET 200 https://registry.npmjs.org/@babel/plugin-transform-regenerator/-/plugin-transform-regenerator-7.28.4.tgz 36493ms (cache miss)
5482 silly packumentCache corgi:https://registry.npmjs.org/@pmmmwh%2freact-refresh-webpack-plugin cache-miss
5483 silly packumentCache corgi:https://registry.npmjs.org/react-scripts cache-miss
5484 http fetch GET 200 https://registry.npmjs.org/cssom/-/cssom-0.3.8.tgz 36404ms (cache miss)
5485 http fetch GET 200 https://registry.npmjs.org/acorn/-/acorn-7.4.1.tgz 36408ms (cache miss)
5486 http fetch GET 200 https://registry.npmjs.org/@babel/preset-modules/-/preset-modules-0.1.6-no-external-plugins.tgz 36779ms (cache miss)
5487 http fetch GET 200 https://registry.npmjs.org/domutils/-/domutils-2.8.0.tgz 37006ms (cache miss)
5488 http fetch GET 200 https://registry.npmjs.org/undici-types/-/undici-types-7.16.0.tgz 37413ms (cache miss)
5489 http fetch GET 200 https://registry.npmjs.org/math-intrinsics/-/math-intrinsics-1.1.0.tgz 37246ms (cache miss)
5490 http fetch GET 200 https://registry.npmjs.org/readable-stream/-/readable-stream-3.6.2.tgz 37413ms (cache miss)
5491 http fetch GET 200 https://registry.npmjs.org/inquirer/-/inquirer-7.3.3.tgz 37585ms (cache miss)
5492 http fetch GET 200 https://registry.npmjs.org/workbox-recipes/-/workbox-recipes-6.6.0.tgz 37647ms (cache miss)
5493 http fetch GET 200 https://registry.npmjs.org/mdn-data/-/mdn-data-2.0.4.tgz 37391ms (cache miss)
5494 http fetch GET 200 https://registry.npmjs.org/@nodelib/fs.scandir/-/fs.scandir-2.1.5.tgz 37046ms (cache miss)
5495 http fetch GET 200 https://registry.npmjs.org/@vue/compiler-sfc/-/compiler-sfc-3.5.25.tgz 37721ms (cache miss)
5496 http fetch GET 200 https://registry.npmjs.org/workbox-streams/-/workbox-streams-6.6.0.tgz 37773ms (cache miss)
5497 http fetch GET 200 https://registry.npmjs.org/postcss-nesting/-/postcss-nesting-10.2.0.tgz 37615ms (cache miss)
5498 http fetch GET 200 https://registry.npmjs.org/@jridgewell/sourcemap-codec/-/sourcemap-codec-1.5.5.tgz 37248ms (cache miss)
5499 http fetch GET 200 https://registry.npmjs.org/jest-circus/-/jest-circus-27.5.1.tgz 37613ms (cache miss)
5500 http fetch GET 200 https://registry.npmjs.org/webpack-sources/-/webpack-sources-3.3.3.tgz 37981ms (cache miss)
5501 http fetch GET 200 https://registry.npmjs.org/jest-worker/-/jest-worker-27.5.1.tgz 37840ms (cache miss)
5502 http fetch GET 200 https://registry.npmjs.org/source-map/-/source-map-0.6.1.tgz 37352ms (cache miss)
5503 http fetch GET 200 https://registry.npmjs.org/jsonpath/-/jsonpath-1.1.1.tgz 37857ms (cache miss)
5504 http fetch GET 200 https://registry.npmjs.org/mdn-data/-/mdn-data-2.0.14.tgz 37345ms (cache miss)
5505 http fetch GET 200 https://registry.npmjs.org/events/-/events-3.3.0.tgz 37824ms (cache miss)
5506 http fetch GET 200 https://registry.npmjs.org/mdn-data/-/mdn-data-2.0.14.tgz 37394ms (cache miss)
5507 http fetch GET 200 https://registry.npmjs.org/source-map/-/source-map-0.6.1.tgz 37439ms (cache miss)
5508 http fetch GET 200 https://registry.npmjs.org/source-map/-/source-map-0.6.1.tgz 37460ms (cache miss)
5509 http fetch GET 200 https://registry.npmjs.org/source-map/-/source-map-0.6.1.tgz 37471ms (cache miss)
5510 http fetch GET 200 https://registry.npmjs.org/source-map/-/source-map-0.6.1.tgz 37489ms (cache miss)
5511 http fetch GET 200 https://registry.npmjs.org/source-map/-/source-map-0.6.1.tgz 37418ms (cache miss)
5512 http fetch GET 200 https://registry.npmjs.org/source-map/-/source-map-0.6.1.tgz 37422ms (cache miss)
5513 http fetch GET 200 https://registry.npmjs.org/source-map/-/source-map-0.6.1.tgz 37401ms (cache miss)
5514 http fetch GET 200 https://registry.npmjs.org/source-map/-/source-map-0.6.1.tgz 37418ms (cache miss)
5515 http fetch GET 200 https://registry.npmjs.org/source-map/-/source-map-0.6.1.tgz 37497ms (cache miss)
5516 http fetch GET 200 https://registry.npmjs.org/source-map/-/source-map-0.6.1.tgz 37420ms (cache miss)
5517 http fetch GET 200 https://registry.npmjs.org/source-map/-/source-map-0.6.1.tgz 37398ms (cache miss)
5518 http fetch GET 200 https://registry.npmjs.org/source-map/-/source-map-0.6.1.tgz 37526ms (cache miss)
5519 http fetch GET 200 https://registry.npmjs.org/any-promise/-/any-promise-1.3.0.tgz 37874ms (cache miss)
5520 http fetch GET 200 https://registry.npmjs.org/@babel/parser/-/parser-7.28.5.tgz 37679ms (cache miss)
5521 http fetch GET 200 https://registry.npmjs.org/object-inspect/-/object-inspect-1.13.4.tgz 38191ms (cache miss)
5522 http fetch GET 200 https://registry.npmjs.org/source-map/-/source-map-0.6.1.tgz 37537ms (cache miss)
5523 http fetch GET 200 https://registry.npmjs.org/source-map/-/source-map-0.6.1.tgz 37555ms (cache miss)
5524 http fetch GET 200 https://registry.npmjs.org/type-fest/-/type-fest-0.16.0.tgz 37697ms (cache miss)
5525 http fetch GET 200 https://registry.npmjs.org/@pmmmwh%2freact-refresh-webpack-plugin 1398ms (cache miss)
5526 silly packumentCache corgi:https://registry.npmjs.org/@pmmmwh%2freact-refresh-webpack-plugin set size:undefined disposed:false
5527 http fetch GET 200 https://registry.npmjs.org/pretty-format/-/pretty-format-27.5.1.tgz 38528ms (cache miss)
5528 http fetch GET 200 https://registry.npmjs.org/workbox-webpack-plugin/-/workbox-webpack-plugin-6.6.0.tgz 38843ms (cache miss)
5529 http fetch GET 200 https://registry.npmjs.org/@testing-library/react/-/react-16.3.0.tgz 38307ms (cache miss)
5530 http fetch GET 200 https://registry.npmjs.org/@jridgewell/remapping/-/remapping-2.3.5.tgz 38333ms (cache miss)
5531 http fetch GET 200 https://registry.npmjs.org/fast-uri/-/fast-uri-3.1.0.tgz 38562ms (cache miss)
5532 http fetch GET 200 https://registry.npmjs.org/react-scripts 1813ms (cache miss)
5533 silly packumentCache corgi:https://registry.npmjs.org/react-scripts set size:undefined disposed:false
5534 http fetch GET 200 https://registry.npmjs.org/http-proxy-middleware/-/http-proxy-middleware-2.0.9.tgz 38675ms (cache miss)
5535 http fetch GET 200 https://registry.npmjs.org/@typescript-eslint/types/-/types-5.62.0.tgz 38471ms (cache miss)
5536 http fetch GET 200 https://registry.npmjs.org/@jridgewell/gen-mapping/-/gen-mapping-0.3.13.tgz 38459ms (cache miss)
5537 http fetch GET 200 https://registry.npmjs.org/argparse/-/argparse-1.0.10.tgz 38578ms (cache miss)
5538 http fetch GET 200 https://registry.npmjs.org/iconv-lite/-/iconv-lite-0.4.24.tgz 38378ms (cache miss)
5539 http fetch GET 200 https://registry.npmjs.org/memfs/-/memfs-3.5.3.tgz 38900ms (cache miss)
5540 http fetch GET 200 https://registry.npmjs.org/iconv-lite/-/iconv-lite-0.4.24.tgz 38411ms (cache miss)
5541 http fetch GET 200 https://registry.npmjs.org/iconv-lite/-/iconv-lite-0.4.24.tgz 38358ms (cache miss)
5542 http fetch GET 200 https://registry.npmjs.org/jest-config/-/jest-config-27.5.1.tgz 38903ms (cache miss)
5543 http fetch GET 200 https://registry.npmjs.org/iconv-lite/-/iconv-lite-0.4.24.tgz 38414ms (cache miss)
5544 http fetch GET 200 https://registry.npmjs.org/jiti/-/jiti-1.21.7.tgz 39048ms (cache miss)
5545 http fetch GET 200 https://registry.npmjs.org/html-entities/-/html-entities-2.6.0.tgz 39105ms (cache miss)
5546 http fetch GET 200 https://registry.npmjs.org/ajv-keywords/-/ajv-keywords-3.5.2.tgz 38945ms (cache miss)
5547 http fetch GET 200 https://registry.npmjs.org/css-what/-/css-what-6.2.2.tgz 39056ms (cache miss)
5548 silly packumentCache corgi:https://registry.npmjs.org/external-editor cache-miss
5549 http fetch GET 200 https://registry.npmjs.org/type-fest/-/type-fest-0.18.1.tgz 38914ms (cache miss)
5550 http fetch GET 200 https://registry.npmjs.org/workbox-background-sync/-/workbox-background-sync-6.6.0.tgz 39736ms (cache miss)
5551 http fetch GET 200 https://registry.npmjs.org/@jest/reporters/-/reporters-27.5.1.tgz 39153ms (cache miss)
5552 http fetch GET 200 https://registry.npmjs.org/language-subtag-registry/-/language-subtag-registry-0.3.23.tgz 39628ms (cache miss)
5553 http fetch GET 200 https://registry.npmjs.org/postcss/-/postcss-7.0.39.tgz 39088ms (cache miss)
5554 http fetch GET 200 https://registry.npmjs.org/parse5/-/parse5-6.0.1.tgz 39841ms (cache miss)
5555 http fetch GET 200 https://registry.npmjs.org/type-fest/-/type-fest-0.20.2.tgz 40126ms (cache miss)
5556 http fetch GET 200 https://registry.npmjs.org/postcss-ordered-values/-/postcss-ordered-values-5.1.3.tgz 40050ms (cache miss)
5557 http fetch GET 200 https://registry.npmjs.org/fs-extra/-/fs-extra-10.1.0.tgz 39930ms (cache miss)
5558 http fetch GET 200 https://registry.npmjs.org/iconv-lite/-/iconv-lite-0.6.3.tgz 40230ms (cache miss)
5559 http fetch GET 200 https://registry.npmjs.org/@eslint/eslintrc/-/eslintrc-2.1.4.tgz 40130ms (cache miss)
5560 http fetch GET 200 https://registry.npmjs.org/external-editor 1439ms (cache miss)
5561 silly packumentCache corgi:https://registry.npmjs.org/external-editor set size:undefined disposed:false
5562 http fetch GET 200 https://registry.npmjs.org/workbox-strategies/-/workbox-strategies-6.6.0.tgz 41075ms (cache miss)
5563 http fetch GET 200 https://registry.npmjs.org/spdy-transport/-/spdy-transport-3.0.0.tgz 40991ms (cache miss)
5564 http fetch GET 200 https://registry.npmjs.org/fs-extra/-/fs-extra-11.3.2.tgz 40321ms (cache miss)
5565 http fetch GET 200 https://registry.npmjs.org/colord/-/colord-2.9.3.tgz 40652ms (cache miss)
5566 http fetch GET 200 https://registry.npmjs.org/postcss-selector-parser/-/postcss-selector-parser-6.1.2.tgz 40992ms (cache miss)
5567 http fetch GET 200 https://registry.npmjs.org/workbox-window/-/workbox-window-6.6.0.tgz 41165ms (cache miss)
5568 http fetch GET 200 https://registry.npmjs.org/@webassemblyjs/ast/-/ast-1.14.1.tgz 40652ms (cache miss)
5569 http fetch GET 200 https://registry.npmjs.org/fs-extra/-/fs-extra-9.1.0.tgz 40514ms (cache miss)
5570 http fetch GET 200 https://registry.npmjs.org/fs-extra/-/fs-extra-9.1.0.tgz 40466ms (cache miss)
5571 http fetch GET 200 https://registry.npmjs.org/@types/semver/-/semver-7.7.1.tgz 40825ms (cache miss)
5572 http fetch GET 200 https://registry.npmjs.org/js-yaml/-/js-yaml-4.1.1.tgz 40654ms (cache miss)
5573 http fetch GET 200 https://registry.npmjs.org/cosmiconfig/-/cosmiconfig-7.1.0.tgz 40990ms (cache miss)
5574 silly packumentCache corgi:https://registry.npmjs.org/package-json cache-miss
5575 http fetch GET 200 https://registry.npmjs.org/js-yaml/-/js-yaml-4.1.1.tgz 40640ms (cache miss)
5576 http fetch GET 200 https://registry.npmjs.org/npm-check/-/npm-check-6.0.1.tgz 41604ms (cache miss)
5577 http fetch GET 200 https://registry.npmjs.org/jest-haste-map/-/jest-haste-map-27.5.1.tgz 41292ms (cache miss)
5578 http fetch GET 200 https://registry.npmjs.org/css-select/-/css-select-4.3.0.tgz 41126ms (cache miss)
5579 http fetch GET 200 https://registry.npmjs.org/js-yaml/-/js-yaml-4.1.1.tgz 40708ms (cache miss)
5580 http fetch GET 200 https://registry.npmjs.org/bfj/-/bfj-7.1.0.tgz 41172ms (cache miss)
5581 http fetch GET 200 https://registry.npmjs.org/postcss-selector-parser/-/postcss-selector-parser-7.1.1.tgz 40948ms (cache miss)
5582 http fetch GET 200 https://registry.npmjs.org/postcss-selector-parser/-/postcss-selector-parser-7.1.1.tgz 40970ms (cache miss)
5583 http fetch GET 200 https://registry.npmjs.org/cosmiconfig/-/cosmiconfig-6.0.0.tgz 40956ms (cache miss)
5584 http fetch GET 200 https://registry.npmjs.org/@testing-library/jest-dom/-/jest-dom-6.9.1.tgz 41323ms (cache miss)
5585 http fetch GET 200 https://registry.npmjs.org/semver/-/semver-7.7.3.tgz 41823ms (cache miss)
5586 http fetch GET 200 https://registry.npmjs.org/eslint-plugin-testing-library/-/eslint-plugin-testing-library-5.11.1.tgz 41540ms (cache miss)
5587 http fetch GET 200 https://registry.npmjs.org/workbox-routing/-/workbox-routing-6.6.0.tgz 41991ms (cache miss)
5588 http fetch GET 200 https://registry.npmjs.org/webpack-dev-server/-/webpack-dev-server-4.15.2.tgz 42002ms (cache miss)
5589 http fetch GET 200 https://registry.npmjs.org/type-fest/-/type-fest-0.21.3.tgz 41131ms (cache miss)
5590 http fetch GET 200 https://registry.npmjs.org/@babel/preset-env/-/preset-env-7.28.5.tgz 41445ms (cache miss)
5591 http fetch GET 200 https://registry.npmjs.org/jake/-/jake-10.9.4.tgz 41873ms (cache miss)
5592 http fetch GET 200 https://registry.npmjs.org/@sinclair/typebox/-/typebox-0.24.51.tgz 41610ms (cache miss)
5593 http fetch GET 200 https://registry.npmjs.org/package-json 877ms (cache miss)
5594 silly packumentCache corgi:https://registry.npmjs.org/package-json set size:undefined disposed:false
5595 http fetch GET 200 https://registry.npmjs.org/@babel/eslint-parser/-/eslint-parser-7.28.5.tgz 41936ms (cache miss)
5596 http fetch GET 200 https://registry.npmjs.org/enhanced-resolve/-/enhanced-resolve-5.18.4.tgz 42311ms (cache miss)
5597 silly packumentCache corgi:https://registry.npmjs.org/svgo cache-miss
5598 http fetch GET 200 https://registry.npmjs.org/@jridgewell/trace-mapping/-/trace-mapping-0.3.31.tgz 42232ms (cache miss)
5599 http fetch GET 200 https://registry.npmjs.org/js-yaml/-/js-yaml-3.14.2.tgz 42633ms (cache miss)
5600 http fetch GET 200 https://registry.npmjs.org/bonjour-service/-/bonjour-service-1.3.0.tgz 42522ms (cache miss)
5601 http fetch GET 200 https://registry.npmjs.org/postcss/-/postcss-8.5.6.tgz 42855ms (cache miss)
5602 http fetch GET 200 https://registry.npmjs.org/yaml/-/yaml-1.10.2.tgz 43263ms (cache miss)
5603 http fetch GET 200 https://registry.npmjs.org/svgo 640ms (cache miss)
5604 silly packumentCache corgi:https://registry.npmjs.org/svgo set size:undefined disposed:false
5605 http fetch GET 200 https://registry.npmjs.org/minimatch/-/minimatch-7.4.6.tgz 42691ms (cache miss)
5606 http fetch GET 200 https://registry.npmjs.org/istanbul-reports/-/istanbul-reports-3.2.0.tgz 43221ms (cache miss)
5607 http fetch GET 200 https://registry.npmjs.org/axe-core/-/axe-core-4.11.0.tgz 43161ms (cache miss)
5608 http fetch GET 200 https://registry.npmjs.org/yargs/-/yargs-16.2.0.tgz 43871ms (cache miss)
5609 http fetch GET 200 https://registry.npmjs.org/@babel/generator/-/generator-7.28.5.tgz 43249ms (cache miss)
5610 silly packumentCache corgi:https://registry.npmjs.org/inquirer cache-miss
5611 http fetch GET 200 https://registry.npmjs.org/jest-jasmine2/-/jest-jasmine2-27.5.1.tgz 43800ms (cache miss)
5612 http fetch GET 200 https://registry.npmjs.org/bluebird/-/bluebird-3.7.2.tgz 43789ms (cache miss)
5613 http fetch GET 200 https://registry.npmjs.org/terser/-/terser-5.44.1.tgz 44225ms (cache miss)
5614 http fetch GET 200 https://registry.npmjs.org/uri-js/-/uri-js-4.4.1.tgz 44281ms (cache miss)
5615 http fetch GET 200 https://registry.npmjs.org/csso/-/csso-4.2.0.tgz 43938ms (cache miss)
5616 http fetch GET 200 https://registry.npmjs.org/dom-accessibility-api/-/dom-accessibility-api-0.5.16.tgz 44294ms (cache miss)
5617 http fetch GET 200 https://registry.npmjs.org/@pmmmwh/react-refresh-webpack-plugin/-/react-refresh-webpack-plugin-0.5.17.tgz 44535ms (cache miss)
5618 http fetch GET 200 https://registry.npmjs.org/inquirer 1075ms (cache miss)
5619 silly packumentCache corgi:https://registry.npmjs.org/inquirer set size:undefined disposed:false
5620 http fetch GET 200 https://registry.npmjs.org/fast-glob/-/fast-glob-3.3.3.tgz 44924ms (cache miss)
5621 http fetch GET 200 https://registry.npmjs.org/@bcoe/v8-coverage/-/v8-coverage-0.2.3.tgz 44778ms (cache miss)
5622 http fetch GET 200 https://registry.npmjs.org/uuid/-/uuid-8.3.2.tgz 45440ms (cache miss)
5623 http fetch GET 200 https://registry.npmjs.org/svgo/-/svgo-1.3.2.tgz 45397ms (cache miss)
5624 warn deprecated svgo@1.3.2: This SVGO version is no longer supported. Upgrade to v2.x.x.
5625 silly packumentCache corgi:https://registry.npmjs.org/npm-check cache-miss
5626 silly packumentCache corgi:https://registry.npmjs.org/latest-version cache-miss
5627 http fetch GET 200 https://registry.npmjs.org/node-forge/-/node-forge-1.3.3.tgz 45578ms (cache miss)
5628 http fetch GET 200 https://registry.npmjs.org/dom-accessibility-api/-/dom-accessibility-api-0.6.3.tgz 44946ms (cache miss)
5629 http fetch GET 200 https://registry.npmjs.org/web-vitals/-/web-vitals-2.1.4.tgz 46160ms (cache miss)
5630 http fetch GET 200 https://registry.npmjs.org/latest-version 707ms (cache miss)
5631 silly packumentCache corgi:https://registry.npmjs.org/latest-version set size:undefined disposed:false
5632 http fetch GET 200 https://registry.npmjs.org/npm-check 846ms (cache miss)
5633 silly packumentCache corgi:https://registry.npmjs.org/npm-check set size:undefined disposed:false
5634 http fetch GET 200 https://registry.npmjs.org/@testing-library/dom/-/dom-10.4.1.tgz 45908ms (cache miss)
5635 http fetch GET 200 https://registry.npmjs.org/neo-async/-/neo-async-2.6.2.tgz 46279ms (cache miss)
5636 http fetch GET 200 https://registry.npmjs.org/@typescript-eslint/type-utils/-/type-utils-5.62.0.tgz 46103ms (cache miss)
5637 silly packumentCache corgi:https://registry.npmjs.org/@svgr%2fplugin-svgo cache-miss
5638 http fetch GET 200 https://registry.npmjs.org/prompts/-/prompts-2.4.2.tgz 46667ms (cache miss)
5639 http fetch GET 200 https://registry.npmjs.org/tsconfig-paths/-/tsconfig-paths-3.15.0.tgz 46812ms (cache miss)
5640 http fetch GET 200 https://registry.npmjs.org/depcheck/-/depcheck-1.4.7.tgz 47100ms (cache miss)
5641 http fetch GET 200 https://registry.npmjs.org/@svgr%2fplugin-svgo 435ms (cache miss)
5642 silly packumentCache corgi:https://registry.npmjs.org/@svgr%2fplugin-svgo set size:undefined disposed:false
5643 http fetch GET 200 https://registry.npmjs.org/tsutils/-/tsutils-3.21.0.tgz 47220ms (cache miss)
5644 http fetch GET 200 https://registry.npmjs.org/rollup/-/rollup-2.79.2.tgz 47207ms (cache miss)
5645 http fetch GET 200 https://registry.npmjs.org/entities/-/entities-4.5.0.tgz 46657ms (cache miss)
5646 http fetch GET 200 https://registry.npmjs.org/@babel/traverse/-/traverse-7.28.5.tgz 46825ms (cache miss)
5647 http fetch GET 200 https://registry.npmjs.org/immer/-/immer-9.0.21.tgz 47147ms (cache miss)
5648 silly packumentCache corgi:https://registry.npmjs.org/update-notifier cache-miss
5649 http fetch GET 200 https://registry.npmjs.org/renderkid/-/renderkid-3.0.0.tgz 47454ms (cache miss)
5650 http fetch GET 200 https://registry.npmjs.org/workbox-precaching/-/workbox-precaching-6.6.0.tgz 47608ms (cache miss)
5651 http fetch GET 200 https://registry.npmjs.org/svgo/-/svgo-2.8.0.tgz 46855ms (cache miss)
5652 http fetch GET 200 https://registry.npmjs.org/@types/node/-/node-25.0.1.tgz 47275ms (cache miss)
5653 http fetch GET 200 https://registry.npmjs.org/@jest/core/-/core-27.5.1.tgz 47419ms (cache miss)
5654 http fetch GET 200 https://registry.npmjs.org/update-notifier 505ms (cache miss)
5655 silly packumentCache corgi:https://registry.npmjs.org/update-notifier set size:undefined disposed:false
5656 silly packumentCache corgi:https://registry.npmjs.org/@svgr%2fwebpack cache-miss
5657 http fetch GET 200 https://registry.npmjs.org/autoprefixer/-/autoprefixer-10.4.22.tgz 47798ms (cache miss)
5658 http fetch GET 200 https://registry.npmjs.org/@svgr%2fwebpack 300ms (cache miss)
5659 silly packumentCache corgi:https://registry.npmjs.org/@svgr%2fwebpack set size:undefined disposed:false
5660 http fetch GET 200 https://registry.npmjs.org/async/-/async-3.2.6.tgz 48158ms (cache miss)
5661 http fetch GET 200 https://registry.npmjs.org/eslint-plugin-flowtype/-/eslint-plugin-flowtype-8.0.3.tgz 48509ms (cache miss)
5662 http fetch GET 200 https://registry.npmjs.org/react-dom/-/react-dom-19.2.3.tgz 49045ms (cache miss)
5663 http fetch GET 200 https://registry.npmjs.org/serve-index/-/serve-index-1.9.1.tgz 49121ms (cache miss)
5664 http fetch GET 200 https://registry.npmjs.org/cssstyle/-/cssstyle-2.3.0.tgz 48881ms (cache miss)
5665 http fetch GET 200 https://registry.npmjs.org/workbox-core/-/workbox-core-6.6.0.tgz 49346ms (cache miss)
5666 http fetch GET 200 https://registry.npmjs.org/ajv/-/ajv-6.12.6.tgz 48896ms (cache miss)
5667 http fetch GET 200 https://registry.npmjs.org/@rushstack/eslint-patch/-/eslint-patch-1.15.0.tgz 48885ms (cache miss)
5668 http fetch GET 200 https://registry.npmjs.org/@surma/rollup-plugin-off-main-thread/-/rollup-plugin-off-main-thread-2.2.3.tgz 48947ms (cache miss)
5669 http fetch GET 200 https://registry.npmjs.org/resolve/-/resolve-1.22.11.tgz 49424ms (cache miss)
5670 http fetch GET 200 https://registry.npmjs.org/eslint-plugin-jest/-/eslint-plugin-jest-25.7.0.tgz 49420ms (cache miss)
5671 http fetch GET 200 https://registry.npmjs.org/react-router/-/react-router-7.10.1.tgz 49981ms (cache miss)
5672 http fetch GET 200 https://registry.npmjs.org/es-iterator-helpers/-/es-iterator-helpers-1.2.1.tgz 49539ms (cache miss)
5673 http fetch GET 200 https://registry.npmjs.org/resolve/-/resolve-2.0.0-next.5.tgz 49087ms (cache miss)
5674 http fetch GET 200 https://registry.npmjs.org/common-tags/-/common-tags-1.8.2.tgz 49621ms (cache miss)
5675 http fetch GET 200 https://registry.npmjs.org/jsx-ast-utils/-/jsx-ast-utils-3.3.5.tgz 49925ms (cache miss)
5676 http fetch GET 200 https://registry.npmjs.org/workbox-build/-/workbox-build-6.6.0.tgz 50633ms (cache miss)
5677 http fetch GET 200 https://registry.npmjs.org/@testing-library/user-event/-/user-event-13.5.0.tgz 50701ms (cache miss)
5678 http fetch GET 200 https://registry.npmjs.org/@babel/core/-/core-7.28.5.tgz 51103ms (cache miss)
5679 http fetch GET 200 https://registry.npmjs.org/eslint-plugin-import/-/eslint-plugin-import-2.32.0.tgz 51831ms (cache miss)
5680 http fetch GET 200 https://registry.npmjs.org/css-tree/-/css-tree-1.1.3.tgz 52216ms (cache miss)
5681 http fetch GET 200 https://registry.npmjs.org/css-tree/-/css-tree-1.1.3.tgz 52251ms (cache miss)
5682 http fetch GET 200 https://registry.npmjs.org/css-tree/-/css-tree-1.0.0-alpha.37.tgz 52693ms (cache miss)
5683 http fetch GET 200 https://registry.npmjs.org/clean-css/-/clean-css-5.3.3.tgz 53169ms (cache miss)
5684 http fetch GET 200 https://registry.npmjs.org/ajv-keywords/-/ajv-keywords-5.1.0.tgz 53296ms (cache miss)
5685 http fetch GET 200 https://registry.npmjs.org/axobject-query/-/axobject-query-4.1.0.tgz 53917ms (cache miss)
5686 http fetch GET 200 https://registry.npmjs.org/@typescript-eslint/typescript-estree/-/typescript-estree-5.62.0.tgz 54060ms (cache miss)
5687 http fetch GET 200 https://registry.npmjs.org/@babel/types/-/types-7.28.5.tgz 56028ms (cache miss)
5688 http fetch GET 200 https://registry.npmjs.org/@babel/runtime/-/runtime-7.28.4.tgz 56814ms (cache miss)
5689 http fetch GET 200 https://registry.npmjs.org/aria-query/-/aria-query-5.3.0.tgz 56612ms (cache miss)
5690 http fetch GET 200 https://registry.npmjs.org/aria-query/-/aria-query-5.3.2.tgz 57012ms (cache miss)
5691 http fetch GET 200 https://registry.npmjs.org/sucrase/-/sucrase-3.35.1.tgz 57551ms (cache miss)
5692 http fetch GET 200 https://registry.npmjs.org/@typescript-eslint/utils/-/utils-5.62.0.tgz 57452ms (cache miss)
5693 http fetch GET 200 https://registry.npmjs.org/fork-ts-checker-webpack-plugin/-/fork-ts-checker-webpack-plugin-6.5.3.tgz 57856ms (cache miss)
5694 http fetch GET 200 https://registry.npmjs.org/eslint-plugin-jsx-a11y/-/eslint-plugin-jsx-a11y-6.10.2.tgz 58293ms (cache miss)
5695 http fetch GET 200 https://registry.npmjs.org/@babel/helpers/-/helpers-7.28.4.tgz 58112ms (cache miss)
5696 http fetch GET 200 https://registry.npmjs.org/tailwindcss/-/tailwindcss-3.4.19.tgz 59353ms (cache miss)
5697 http fetch GET 200 https://registry.npmjs.org/@popperjs/core/-/core-2.11.8.tgz 59788ms (cache miss)
5698 http fetch GET 200 https://registry.npmjs.org/bootstrap/-/bootstrap-5.3.8.tgz 59991ms (cache miss)
5699 http fetch GET 200 https://registry.npmjs.org/regenerate-unicode-properties/-/regenerate-unicode-properties-10.2.2.tgz 61464ms (cache miss)
5700 http fetch GET 200 https://registry.npmjs.org/eslint-plugin-react/-/eslint-plugin-react-7.37.5.tgz 61330ms (cache miss)
5701 http fetch GET 200 https://registry.npmjs.org/underscore/-/underscore-1.12.1.tgz 61912ms (cache miss)
5702 http fetch GET 200 https://registry.npmjs.org/eslint/-/eslint-8.57.1.tgz 61629ms (cache miss)
5703 warn deprecated eslint@8.57.1: This version is no longer supported. Please see https://eslint.org/version-support for other options.
5704 http fetch GET 200 https://registry.npmjs.org/@types/lodash/-/lodash-4.17.21.tgz 62197ms (cache miss)
5705 http fetch GET 200 https://registry.npmjs.org/@typescript-eslint/eslint-plugin/-/eslint-plugin-5.62.0.tgz 62304ms (cache miss)
5706 http fetch GET 200 https://registry.npmjs.org/ajv/-/ajv-8.17.1.tgz 62187ms (cache miss)
5707 http fetch GET 200 https://registry.npmjs.org/ajv/-/ajv-8.17.1.tgz 62259ms (cache miss)
5708 http fetch GET 200 https://registry.npmjs.org/ajv/-/ajv-8.17.1.tgz 62333ms (cache miss)
5709 http fetch GET 200 https://registry.npmjs.org/@typescript-eslint/scope-manager/-/scope-manager-5.62.0.tgz 62750ms (cache miss)
5710 http fetch GET 200 https://registry.npmjs.org/typescript/-/typescript-4.9.5.tgz 63584ms (cache miss)
5711 http fetch GET 200 https://registry.npmjs.org/lodash/-/lodash-4.17.21.tgz 63969ms (cache miss)
5712 http fetch GET 200 https://registry.npmjs.org/jsdom/-/jsdom-16.7.0.tgz 64046ms (cache miss)
5713 http fetch GET 200 https://registry.npmjs.org/webpack/-/webpack-5.103.0.tgz 64583ms (cache miss)
5714 http fetch GET 200 https://registry.npmjs.org/caniuse-lite/-/caniuse-lite-1.0.30001760.tgz 64653ms (cache miss)
5715 http fetch GET 200 https://registry.npmjs.org/flow-bin/-/flow-bin-0.294.0.tgz 66060ms (cache miss)
5716 http fetch GET 200 https://registry.npmjs.org/es-abstract/-/es-abstract-1.24.0.tgz 67803ms (cache miss)
5717 http fetch GET 200 https://registry.npmjs.org/core-js-pure/-/core-js-pure-3.47.0.tgz 71290ms (cache miss)
5718 http fetch GET 200 https://registry.npmjs.org/core-js/-/core-js-3.47.0.tgz 71324ms (cache miss)
5719 http fetch GET 200 https://registry.npmjs.org/rxjs/-/rxjs-6.6.7.tgz 72497ms (cache miss)
5720 info run core-js@3.47.0 postinstall node_modules/core-js node -e "try{require('./postinstall')}catch(e){}"
5721 info run core-js-pure@3.47.0 postinstall node_modules/core-js-pure node -e "try{require('./postinstall')}catch(e){}"
5722 info run core-js@3.47.0 postinstall { code: 0, signal: null }
5723 info run core-js-pure@3.47.0 postinstall { code: 0, signal: null }
5724 silly ADD node_modules/is-windows
5725 silly ADD node_modules/end-of-stream
5726 silly ADD node_modules/pump
5727 silly ADD node_modules/load-yaml-file
5728 silly ADD node_modules/load-yaml-file/node_modules/strip-bom
5729 silly ADD node_modules/load-yaml-file/node_modules/pify
5730 silly ADD node_modules/clone
5731 silly ADD node_modules/defaults
5732 silly ADD node_modules/spdx-exceptions
5733 silly ADD node_modules/spdx-license-ids
5734 silly ADD node_modules/spdx-expression-parse
5735 silly ADD node_modules/spdx-correct
5736 silly ADD node_modules/prepend-http
5737 silly ADD node_modules/escape-goat
5738 silly ADD node_modules/global-dirs
5739 silly ADD node_modules/global-dirs/node_modules/ini
5740 silly ADD node_modules/dot-prop
5741 silly ADD node_modules/dot-prop/node_modules/is-obj
5742 silly ADD node_modules/widest-line
5743 silly ADD node_modules/cli-boxes
5744 silly ADD node_modules/ansi-align
5745 silly ADD node_modules/xdg-basedir
5746 silly ADD node_modules/pupa
5747 silly ADD node_modules/latest-version
5748 silly ADD node_modules/is-yarn-global
5749 silly ADD node_modules/is-npm
5750 silly ADD node_modules/is-installed-globally
5751 silly ADD node_modules/import-lazy
5752 silly ADD node_modules/has-yarn
5753 silly ADD node_modules/configstore
5754 silly ADD node_modules/boxen
5755 silly ADD node_modules/os-tmpdir
5756 silly ADD node_modules/parse-passwd
5757 silly ADD node_modules/homedir-polyfill
5758 silly ADD node_modules/expand-tilde
5759 silly ADD node_modules/deep-extend
5760 silly ADD node_modules/rc
5761 silly ADD node_modules/rc/node_modules/strip-json-comments
5762 silly ADD node_modules/@types/normalize-package-data
5763 silly ADD node_modules/read-pkg
5764 silly ADD node_modules/read-pkg/node_modules/semver
5765 silly ADD node_modules/read-pkg/node_modules/hosted-git-info
5766 silly ADD node_modules/read-pkg/node_modules/type-fest
5767 silly ADD node_modules/read-pkg/node_modules/normalize-package-data
5768 silly ADD node_modules/set-cookie-parser
5769 silly ADD node_modules/react-router
5770 silly ADD node_modules/react-router/node_modules/cookie
5771 silly ADD node_modules/which-pm
5772 silly ADD node_modules/find-yarn-workspace-root2
5773 silly ADD node_modules/semver-compare
5774 silly ADD node_modules/pinkie
5775 silly ADD node_modules/responselike
5776 silly ADD node_modules/http-cache-semantics
5777 silly ADD node_modules/clone-response
5778 silly ADD node_modules/defer-to-connect
5779 silly ADD node_modules/url-parse-lax
5780 silly ADD node_modules/to-readable-stream
5781 silly ADD node_modules/p-cancelable
5782 silly ADD node_modules/mimic-response
5783 silly ADD node_modules/lowercase-keys
5784 silly ADD node_modules/duplexer3
5785 silly ADD node_modules/decompress-response
5786 silly ADD node_modules/cacheable-request
5787 silly ADD node_modules/cacheable-request/node_modules/json-buffer
5788 silly ADD node_modules/cacheable-request/node_modules/normalize-url
5789 silly ADD node_modules/cacheable-request/node_modules/lowercase-keys
5790 silly ADD node_modules/cacheable-request/node_modules/keyv
5791 silly ADD node_modules/cacheable-request/node_modules/get-stream
5792 silly ADD node_modules/@szmarczak/http-timer
5793 silly ADD node_modules/@sindresorhus/is
5794 silly ADD node_modules/registry-url
5795 silly ADD node_modules/registry-auth-token
5796 silly ADD node_modules/got
5797 silly ADD node_modules/got/node_modules/get-stream
5798 silly ADD node_modules/ieee754
5799 silly ADD node_modules/base64-js
5800 silly ADD node_modules/buffer
5801 silly ADD node_modules/wcwidth
5802 silly ADD node_modules/log-symbols
5803 silly ADD node_modules/is-unicode-supported
5804 silly ADD node_modules/is-interactive
5805 silly ADD node_modules/cli-spinners
5806 silly ADD node_modules/bl
5807 silly ADD node_modules/validate-npm-package-license
5808 silly ADD node_modules/hosted-git-info
5809 silly ADD node_modules/hosted-git-info/node_modules/yallist
5810 silly ADD node_modules/hosted-git-info/node_modules/lru-cache
5811 silly ADD node_modules/array-differ
5812 silly ADD node_modules/@types/minimatch
5813 silly ADD node_modules/arrify
5814 silly ADD node_modules/quick-lru
5815 silly ADD node_modules/map-obj
5816 silly ADD node_modules/trim-newlines
5817 silly ADD node_modules/read-pkg-up
5818 silly ADD node_modules/read-pkg-up/node_modules/type-fest
5819 silly ADD node_modules/normalize-package-data
5820 silly ADD node_modules/minimist-options
5821 silly ADD node_modules/minimist-options/node_modules/is-plain-obj
5822 silly ADD node_modules/hard-rejection
5823 silly ADD node_modules/decamelize-keys
5824 silly ADD node_modules/decamelize-keys/node_modules/map-obj
5825 silly ADD node_modules/decamelize
5826 silly ADD node_modules/camelcase-keys
5827 silly ADD node_modules/camelcase-keys/node_modules/camelcase
5828 silly ADD node_modules/@types/minimist
5829 silly ADD node_modules/tmp
5830 silly ADD node_modules/chardet
5831 silly ADD node_modules/restore-cursor
5832 silly ADD node_modules/through
5833 silly ADD node_modules/rxjs
5834 silly ADD node_modules/rxjs/node_modules/tslib
5835 silly ADD node_modules/run-async
5836 silly ADD node_modules/mute-stream
5837 silly ADD node_modules/figures
5838 silly ADD node_modules/figures/node_modules/escape-string-regexp
5839 silly ADD node_modules/external-editor
5840 silly ADD node_modules/external-editor/node_modules/iconv-lite
5841 silly ADD node_modules/cli-width
5842 silly ADD node_modules/cli-cursor
5843 silly ADD node_modules/is-es2016-keyword
5844 silly ADD node_modules/resolve-dir
5845 silly ADD node_modules/resolve-dir/node_modules/which
5846 silly ADD node_modules/resolve-dir/node_modules/global-prefix
5847 silly ADD node_modules/resolve-dir/node_modules/global-modules
5848 silly ADD node_modules/detect-file
5849 silly ADD node_modules/@vue/shared
5850 silly ADD node_modules/@vue/compiler-ssr
5851 silly ADD node_modules/@vue/compiler-dom
5852 silly ADD node_modules/@vue/compiler-core
5853 silly ADD node_modules/@vue/compiler-core/node_modules/estree-walker
5854 silly ADD node_modules/@vue/compiler-core/node_modules/entities
5855 silly ADD node_modules/require-package-name
5856 silly ADD node_modules/please-upgrade-node
5857 silly ADD node_modules/multimatch
5858 silly ADD node_modules/multimatch/node_modules/arrify
5859 silly ADD node_modules/findup-sync
5860 silly ADD node_modules/deps-regex
5861 silly ADD node_modules/@vue/compiler-sfc
5862 silly ADD node_modules/@vue/compiler-sfc/node_modules/magic-string
5863 silly ADD node_modules/@vue/compiler-sfc/node_modules/estree-walker
5864 silly ADD node_modules/pinkie-promise
5865 silly ADD node_modules/highlight-es
5866 silly ADD node_modules/highlight-es/node_modules/has-flag
5867 silly ADD node_modules/highlight-es/node_modules/color-name
5868 silly ADD node_modules/highlight-es/node_modules/color-convert
5869 silly ADD node_modules/highlight-es/node_modules/supports-color
5870 silly ADD node_modules/highlight-es/node_modules/escape-string-regexp
5871 silly ADD node_modules/highlight-es/node_modules/ansi-styles
5872 silly ADD node_modules/highlight-es/node_modules/js-tokens
5873 silly ADD node_modules/highlight-es/node_modules/chalk
5874 silly ADD node_modules/callsite
5875 silly ADD node_modules/@types/lodash
5876 silly ADD node_modules/@devexpress/error-stack-parser
5877 silly ADD node_modules/xtend
5878 silly ADD node_modules/update-notifier
5879 silly ADD node_modules/semver-diff
5880 silly ADD node_modules/semver-diff/node_modules/semver
5881 silly ADD node_modules/rc-config-loader
5882 silly ADD node_modules/rc-config-loader/node_modules/argparse
5883 silly ADD node_modules/rc-config-loader/node_modules/js-yaml
5884 silly ADD node_modules/preferred-pm
5885 silly ADD node_modules/preferred-pm/node_modules/p-limit
5886 silly ADD node_modules/preferred-pm/node_modules/p-locate
5887 silly ADD node_modules/preferred-pm/node_modules/locate-path
5888 silly ADD node_modules/preferred-pm/node_modules/find-up
5889 silly ADD node_modules/package-json
5890 silly ADD node_modules/package-json/node_modules/semver
5891 silly ADD node_modules/ora
5892 silly ADD node_modules/node-emoji
5893 silly ADD node_modules/meow
5894 silly ADD node_modules/meow/node_modules/type-fest
5895 silly ADD node_modules/is-ci
5896 silly ADD node_modules/is-ci/node_modules/ci-info
5897 silly ADD node_modules/inquirer
5898 silly ADD node_modules/giturl
5899 silly ADD node_modules/depcheck
5900 silly ADD node_modules/depcheck/node_modules/brace-expansion
5901 silly ADD node_modules/depcheck/node_modules/minimatch
5902 silly ADD node_modules/callsite-record
5903 silly ADD node_modules/callsite-record/node_modules/has-flag
5904 silly ADD node_modules/callsite-record/node_modules/color-name
5905 silly ADD node_modules/callsite-record/node_modules/color-convert
5906 silly ADD node_modules/callsite-record/node_modules/supports-color
5907 silly ADD node_modules/callsite-record/node_modules/escape-string-regexp
5908 silly ADD node_modules/callsite-record/node_modules/ansi-styles
5909 silly ADD node_modules/callsite-record/node_modules/chalk
5910 silly ADD node_modules/trim-repeated
5911 silly ADD node_modules/trim-repeated/node_modules/escape-string-regexp
5912 silly ADD node_modules/strip-outer
5913 silly ADD node_modules/strip-outer/node_modules/escape-string-regexp
5914 silly ADD node_modules/filename-reserved-regex
5915 silly ADD node_modules/filenamify
5916 silly ADD node_modules/email-addresses
5917 silly ADD node_modules/react-router-dom
5918 silly ADD node_modules/react-loadable
5919 silly ADD node_modules/npm-check
5920 silly ADD node_modules/npm-check/node_modules/p-limit
5921 silly ADD node_modules/npm-check/node_modules/p-locate
5922 silly ADD node_modules/npm-check/node_modules/locate-path
5923 silly ADD node_modules/npm-check/node_modules/find-up
5924 silly ADD node_modules/npm-check/node_modules/pkg-dir
5925 silly ADD node_modules/gh-pages
5926 silly ADD node_modules/gh-pages/node_modules/fs-extra
5927 silly ADD node_modules/gh-pages/node_modules/commander
5928 silly ADD node_modules/flow-bin
5929 silly ADD node_modules/@popperjs/core
5930 silly ADD node_modules/bootstrap
5931 silly ADD node_modules/yocto-queue
5932 silly ADD node_modules/yargs-parser
5933 silly ADD node_modules/yargs
5934 silly ADD node_modules/yaml
5935 silly ADD node_modules/yallist
5936 silly ADD node_modules/y18n
5937 silly ADD node_modules/xmlchars
5938 silly ADD node_modules/xml-name-validator
5939 silly ADD node_modules/ws
5940 silly ADD node_modules/write-file-atomic
5941 silly ADD node_modules/wrappy
5942 silly ADD node_modules/wrap-ansi
5943 silly ADD node_modules/workbox-window
5944 silly ADD node_modules/workbox-webpack-plugin
5945 silly ADD node_modules/workbox-webpack-plugin/node_modules/webpack-sources
5946 silly ADD node_modules/workbox-webpack-plugin/node_modules/source-map
5947 silly ADD node_modules/workbox-sw
5948 silly ADD node_modules/workbox-streams
5949 silly ADD node_modules/workbox-strategies
5950 silly ADD node_modules/workbox-routing
5951 silly ADD node_modules/workbox-recipes
5952 silly ADD node_modules/workbox-range-requests
5953 silly ADD node_modules/workbox-precaching
5954 silly ADD node_modules/workbox-navigation-preload
5955 silly ADD node_modules/workbox-google-analytics
5956 silly ADD node_modules/workbox-expiration
5957 silly ADD node_modules/workbox-core
5958 silly ADD node_modules/workbox-cacheable-response
5959 silly ADD node_modules/workbox-build
5960 silly ADD node_modules/workbox-build/node_modules/whatwg-url
5961 silly ADD node_modules/workbox-build/node_modules/webidl-conversions
5962 silly ADD node_modules/workbox-build/node_modules/tr46
5963 silly ADD node_modules/workbox-build/node_modules/source-map
5964 silly ADD node_modules/workbox-build/node_modules/json-schema-traverse
5965 silly ADD node_modules/workbox-build/node_modules/fs-extra
5966 silly ADD node_modules/workbox-build/node_modules/ajv
5967 silly ADD node_modules/workbox-build/node_modules/@apideck/better-ajv-errors
5968 silly ADD node_modules/workbox-broadcast-update
5969 silly ADD node_modules/workbox-background-sync
5970 silly ADD node_modules/word-wrap
5971 silly ADD node_modules/which-typed-array
5972 silly ADD node_modules/which-collection
5973 silly ADD node_modules/which-builtin-type
5974 silly ADD node_modules/which-boxed-primitive
5975 silly ADD node_modules/which
5976 silly ADD node_modules/whatwg-url
5977 silly ADD node_modules/whatwg-mimetype
5978 silly ADD node_modules/whatwg-fetch
5979 silly ADD node_modules/whatwg-encoding
5980 silly ADD node_modules/whatwg-encoding/node_modules/iconv-lite
5981 silly ADD node_modules/websocket-extensions
5982 silly ADD node_modules/websocket-driver
5983 silly ADD node_modules/webpack-sources
5984 silly ADD node_modules/webpack-manifest-plugin
5985 silly ADD node_modules/webpack-manifest-plugin/node_modules/webpack-sources
5986 silly ADD node_modules/webpack-manifest-plugin/node_modules/source-map
5987 silly ADD node_modules/webpack-dev-server
5988 silly ADD node_modules/webpack-dev-server/node_modules/ws
5989 silly ADD node_modules/webpack-dev-middleware
5990 silly ADD node_modules/webpack
5991 silly ADD node_modules/webpack/node_modules/estraverse
5992 silly ADD node_modules/webpack/node_modules/eslint-scope
5993 silly ADD node_modules/webidl-conversions
5994 silly ADD node_modules/web-vitals
5995 silly ADD node_modules/wbuf
5996 silly ADD node_modules/watchpack
5997 silly ADD node_modules/walker
5998 silly ADD node_modules/w3c-xmlserializer
5999 silly ADD node_modules/w3c-hr-time
6000 silly ADD node_modules/vary
6001 silly ADD node_modules/v8-to-istanbul
6002 silly ADD node_modules/v8-to-istanbul/node_modules/convert-source-map
6003 silly ADD node_modules/uuid
6004 silly ADD node_modules/utils-merge
6005 silly ADD node_modules/utila
6006 silly ADD node_modules/util.promisify
6007 silly ADD node_modules/util-deprecate
6008 silly ADD node_modules/url-parse
6009 silly ADD node_modules/uri-js
6010 silly ADD node_modules/update-browserslist-db
6011 silly ADD node_modules/upath
6012 silly ADD node_modules/unquote
6013 silly ADD node_modules/unpipe
6014 silly ADD node_modules/universalify
6015 silly ADD node_modules/unique-string
6016 silly ADD node_modules/unicode-property-aliases-ecmascript
6017 silly ADD node_modules/unicode-match-property-value-ecmascript
6018 silly ADD node_modules/unicode-match-property-ecmascript
6019 silly ADD node_modules/unicode-canonical-property-names-ecmascript
6020 silly ADD node_modules/undici-types
6021 silly ADD node_modules/underscore
6022 silly ADD node_modules/unbox-primitive
6023 silly ADD node_modules/typescript
6024 silly ADD node_modules/typedarray-to-buffer
6025 silly ADD node_modules/typed-array-length
6026 silly ADD node_modules/typed-array-byte-offset
6027 silly ADD node_modules/typed-array-byte-length
6028 silly ADD node_modules/typed-array-buffer
6029 silly ADD node_modules/type-is
6030 silly ADD node_modules/type-fest
6031 silly ADD node_modules/type-detect
6032 silly ADD node_modules/type-check
6033 silly ADD node_modules/tsutils
6034 silly ADD node_modules/tsutils/node_modules/tslib
6035 silly ADD node_modules/tslib
6036 silly ADD node_modules/tsconfig-paths
6037 silly ADD node_modules/tsconfig-paths/node_modules/strip-bom
6038 silly ADD node_modules/tsconfig-paths/node_modules/json5
6039 silly ADD node_modules/ts-interface-checker
6040 silly ADD node_modules/tryer
6041 silly ADD node_modules/tr46
6042 silly ADD node_modules/tough-cookie
6043 silly ADD node_modules/tough-cookie/node_modules/universalify
6044 silly ADD node_modules/toidentifier
6045 silly ADD node_modules/to-regex-range
6046 silly ADD node_modules/tmpl
6047 silly ADD node_modules/tinyglobby
6048 silly ADD node_modules/tinyglobby/node_modules/picomatch
6049 silly ADD node_modules/tinyglobby/node_modules/fdir
6050 silly ADD node_modules/thunky
6051 silly ADD node_modules/throat
6052 silly ADD node_modules/thenify-all
6053 silly ADD node_modules/thenify
6054 silly ADD node_modules/text-table
6055 silly ADD node_modules/test-exclude
6056 silly ADD node_modules/terser-webpack-plugin
6057 silly ADD node_modules/terser
6058 silly ADD node_modules/terser/node_modules/commander
6059 silly ADD node_modules/terminal-link
6060 silly ADD node_modules/tempy
6061 silly ADD node_modules/tempy/node_modules/type-fest
6062 silly ADD node_modules/temp-dir
6063 silly ADD node_modules/tapable
6064 silly ADD node_modules/tailwindcss
6065 silly ADD node_modules/tailwindcss/node_modules/postcss-load-config
6066 silly ADD node_modules/tailwindcss/node_modules/lilconfig
6067 silly ADD node_modules/symbol-tree
6068 silly ADD node_modules/svgo
6069 silly ADD node_modules/svgo/node_modules/supports-color
6070 silly ADD node_modules/svgo/node_modules/nth-check
6071 silly ADD node_modules/svgo/node_modules/has-flag
6072 silly ADD node_modules/svgo/node_modules/escape-string-regexp
6073 silly ADD node_modules/svgo/node_modules/domutils
6074 silly ADD node_modules/svgo/node_modules/domutils/node_modules/domelementtype
6075 silly ADD node_modules/svgo/node_modules/dom-serializer
6076 silly ADD node_modules/svgo/node_modules/css-what
6077 silly ADD node_modules/svgo/node_modules/css-select
6078 silly ADD node_modules/svgo/node_modules/color-name
6079 silly ADD node_modules/svgo/node_modules/color-convert
6080 silly ADD node_modules/svgo/node_modules/chalk
6081 silly ADD node_modules/svgo/node_modules/ansi-styles
6082 silly ADD node_modules/svg-parser
6083 silly ADD node_modules/supports-preserve-symlinks-flag
6084 silly ADD node_modules/supports-hyperlinks
6085 silly ADD node_modules/supports-color
6086 silly ADD node_modules/sucrase
6087 silly ADD node_modules/sucrase/node_modules/commander
6088 silly ADD node_modules/stylehacks
6089 silly ADD node_modules/style-loader
6090 silly ADD node_modules/strip-json-comments
6091 silly ADD node_modules/strip-indent
6092 silly ADD node_modules/strip-final-newline
6093 silly ADD node_modules/strip-comments
6094 silly ADD node_modules/strip-bom
6095 silly ADD node_modules/strip-ansi
6096 silly ADD node_modules/stringify-object
6097 silly ADD node_modules/string.prototype.trimstart
6098 silly ADD node_modules/string.prototype.trimend
6099 silly ADD node_modules/string.prototype.trim
6100 silly ADD node_modules/string.prototype.repeat
6101 silly ADD node_modules/string.prototype.matchall
6102 silly ADD node_modules/string.prototype.includes
6103 silly ADD node_modules/string-width
6104 silly ADD node_modules/string-width/node_modules/emoji-regex
6105 silly ADD node_modules/string-natural-compare
6106 silly ADD node_modules/string-length
6107 silly ADD node_modules/string_decoder
6108 silly ADD node_modules/stop-iteration-iterator
6109 silly ADD node_modules/statuses
6110 silly ADD node_modules/static-eval
6111 silly ADD node_modules/static-eval/node_modules/type-check
6112 silly ADD node_modules/static-eval/node_modules/source-map
6113 silly ADD node_modules/static-eval/node_modules/prelude-ls
6114 silly ADD node_modules/static-eval/node_modules/optionator
6115 silly ADD node_modules/static-eval/node_modules/levn
6116 silly ADD node_modules/static-eval/node_modules/estraverse
6117 silly ADD node_modules/static-eval/node_modules/escodegen
6118 silly ADD node_modules/stackframe
6119 silly ADD node_modules/stack-utils
6120 silly ADD node_modules/stack-utils/node_modules/escape-string-regexp
6121 silly ADD node_modules/stable
6122 silly ADD node_modules/sprintf-js
6123 silly ADD node_modules/spdy-transport
6124 silly ADD node_modules/spdy
6125 silly ADD node_modules/sourcemap-codec
6126 silly ADD node_modules/source-map-support
6127 silly ADD node_modules/source-map-support/node_modules/source-map
6128 silly ADD node_modules/source-map-loader
6129 silly ADD node_modules/source-map-js
6130 silly ADD node_modules/source-map
6131 silly ADD node_modules/source-list-map
6132 silly ADD node_modules/sockjs
6133 silly ADD node_modules/slash
6134 silly ADD node_modules/sisteransi
6135 silly ADD node_modules/signal-exit
6136 silly ADD node_modules/side-channel-weakmap
6137 silly ADD node_modules/side-channel-map
6138 silly ADD node_modules/side-channel-list
6139 silly ADD node_modules/side-channel
6140 silly ADD node_modules/shell-quote
6141 silly ADD node_modules/shebang-regex
6142 silly ADD node_modules/shebang-command
6143 silly ADD node_modules/setprototypeof
6144 silly ADD node_modules/set-proto
6145 silly ADD node_modules/set-function-name
6146 silly ADD node_modules/set-function-length
6147 silly ADD node_modules/serve-static
6148 silly ADD node_modules/serve-static/node_modules/statuses
6149 silly ADD node_modules/serve-static/node_modules/send
6150 silly ADD node_modules/serve-static/node_modules/send/node_modules/encodeurl
6151 silly ADD node_modules/serve-static/node_modules/http-errors
6152 silly ADD node_modules/serve-static/node_modules/debug
6153 silly ADD node_modules/serve-static/node_modules/debug/node_modules/ms
6154 silly ADD node_modules/serve-index
6155 silly ADD node_modules/serve-index/node_modules/statuses
6156 silly ADD node_modules/serve-index/node_modules/setprototypeof
6157 silly ADD node_modules/serve-index/node_modules/ms
6158 silly ADD node_modules/serve-index/node_modules/inherits
6159 silly ADD node_modules/serve-index/node_modules/http-errors
6160 silly ADD node_modules/serve-index/node_modules/depd
6161 silly ADD node_modules/serve-index/node_modules/debug
6162 silly ADD node_modules/serialize-javascript
6163 silly ADD node_modules/send
6164 silly ADD node_modules/send/node_modules/statuses
6165 silly ADD node_modules/send/node_modules/http-errors
6166 silly ADD node_modules/send/node_modules/debug
6167 silly ADD node_modules/send/node_modules/debug/node_modules/ms
6168 silly ADD node_modules/semver
6169 silly ADD node_modules/selfsigned
6170 silly ADD node_modules/select-hose
6171 silly ADD node_modules/schema-utils
6172 silly ADD node_modules/schema-utils/node_modules/json-schema-traverse
6173 silly ADD node_modules/schema-utils/node_modules/ajv-keywords
6174 silly ADD node_modules/schema-utils/node_modules/ajv
6175 silly ADD node_modules/scheduler
6176 silly ADD node_modules/saxes
6177 silly ADD node_modules/sax
6178 silly ADD node_modules/sass-loader
6179 silly ADD node_modules/sanitize.css
6180 silly ADD node_modules/safer-buffer
6181 silly ADD node_modules/safe-regex-test
6182 silly ADD node_modules/safe-push-apply
6183 silly ADD node_modules/safe-buffer
6184 silly ADD node_modules/safe-array-concat
6185 silly ADD node_modules/run-parallel
6186 silly ADD node_modules/rollup-plugin-terser
6187 silly ADD node_modules/rollup-plugin-terser/node_modules/serialize-javascript
6188 silly ADD node_modules/rollup-plugin-terser/node_modules/jest-worker
6189 silly ADD node_modules/rollup
6190 silly ADD node_modules/rimraf
6191 silly ADD node_modules/reusify
6192 silly ADD node_modules/retry
6193 silly ADD node_modules/resolve.exports
6194 silly ADD node_modules/resolve-url-loader
6195 silly ADD node_modules/resolve-url-loader/node_modules/source-map
6196 silly ADD node_modules/resolve-url-loader/node_modules/postcss
6197 silly ADD node_modules/resolve-url-loader/node_modules/picocolors
6198 silly ADD node_modules/resolve-url-loader/node_modules/convert-source-map
6199 silly ADD node_modules/resolve-from
6200 silly ADD node_modules/resolve-cwd
6201 silly ADD node_modules/resolve
6202 silly ADD node_modules/requires-port
6203 silly ADD node_modules/require-from-string
6204 silly ADD node_modules/require-directory
6205 silly ADD node_modules/renderkid
6206 silly ADD node_modules/relateurl
6207 silly ADD node_modules/regjsparser
6208 silly ADD node_modules/regjsgen
6209 silly ADD node_modules/regexpu-core
6210 silly ADD node_modules/regexp.prototype.flags
6211 silly ADD node_modules/regex-parser
6212 silly ADD node_modules/regenerator-runtime
6213 silly ADD node_modules/regenerate-unicode-properties
6214 silly ADD node_modules/regenerate
6215 silly ADD node_modules/reflect.getprototypeof
6216 silly ADD node_modules/redent
6217 silly ADD node_modules/recursive-readdir
6218 silly ADD node_modules/readdirp
6219 silly ADD node_modules/readable-stream
6220 silly ADD node_modules/read-cache
6221 silly ADD node_modules/react-scripts
6222 silly ADD node_modules/react-refresh
6223 silly ADD node_modules/react-is
6224 silly ADD node_modules/react-error-overlay
6225 silly ADD node_modules/react-dom
6226 silly ADD node_modules/react-dev-utils
6227 silly ADD node_modules/react-dev-utils/node_modules/p-locate
6228 silly ADD node_modules/react-dev-utils/node_modules/p-limit
6229 silly ADD node_modules/react-dev-utils/node_modules/locate-path
6230 silly ADD node_modules/react-dev-utils/node_modules/loader-utils
6231 silly ADD node_modules/react-dev-utils/node_modules/find-up
6232 silly ADD node_modules/react-app-polyfill
6233 silly ADD node_modules/react
6234 silly ADD node_modules/raw-body
6235 silly ADD node_modules/raw-body/node_modules/iconv-lite
6236 silly ADD node_modules/range-parser
6237 silly ADD node_modules/randombytes
6238 silly ADD node_modules/raf
6239 silly ADD node_modules/queue-microtask
6240 silly ADD node_modules/querystringify
6241 silly ADD node_modules/qs
6242 silly ADD node_modules/q
6243 silly ADD node_modules/punycode
6244 silly ADD node_modules/psl
6245 silly ADD node_modules/proxy-addr
6246 silly ADD node_modules/proxy-addr/node_modules/ipaddr.js
6247 silly ADD node_modules/prop-types
6248 silly ADD node_modules/prop-types/node_modules/react-is
6249 silly ADD node_modules/prompts
6250 silly ADD node_modules/promise
6251 silly ADD node_modules/process-nextick-args
6252 silly ADD node_modules/pretty-format
6253 silly ADD node_modules/pretty-format/node_modules/ansi-styles
6254 silly ADD node_modules/pretty-error
6255 silly ADD node_modules/pretty-bytes
6256 silly ADD node_modules/prelude-ls
6257 silly ADD node_modules/postcss-value-parser
6258 silly ADD node_modules/postcss-unique-selectors
6259 silly ADD node_modules/postcss-svgo
6260 silly ADD node_modules/postcss-svgo/node_modules/svgo
6261 silly ADD node_modules/postcss-svgo/node_modules/source-map
6262 silly ADD node_modules/postcss-svgo/node_modules/mdn-data
6263 silly ADD node_modules/postcss-svgo/node_modules/css-tree
6264 silly ADD node_modules/postcss-svgo/node_modules/commander
6265 silly ADD node_modules/postcss-selector-parser
6266 silly ADD node_modules/postcss-selector-not
6267 silly ADD node_modules/postcss-replace-overflow-wrap
6268 silly ADD node_modules/postcss-reduce-transforms
6269 silly ADD node_modules/postcss-reduce-initial
6270 silly ADD node_modules/postcss-pseudo-class-any-link
6271 silly ADD node_modules/postcss-preset-env
6272 silly ADD node_modules/postcss-place
6273 silly ADD node_modules/postcss-page-break
6274 silly ADD node_modules/postcss-overflow-shorthand
6275 silly ADD node_modules/postcss-ordered-values
6276 silly ADD node_modules/postcss-opacity-percentage
6277 silly ADD node_modules/postcss-normalize-whitespace
6278 silly ADD node_modules/postcss-normalize-url
6279 silly ADD node_modules/postcss-normalize-unicode
6280 silly ADD node_modules/postcss-normalize-timing-functions
6281 silly ADD node_modules/postcss-normalize-string
6282 silly ADD node_modules/postcss-normalize-repeat-style
6283 silly ADD node_modules/postcss-normalize-positions
6284 silly ADD node_modules/postcss-normalize-display-values
6285 silly ADD node_modules/postcss-normalize-charset
6286 silly ADD node_modules/postcss-normalize
6287 silly ADD node_modules/postcss-nesting
6288 silly ADD node_modules/postcss-nested
6289 silly ADD node_modules/postcss-modules-values
6290 silly ADD node_modules/postcss-modules-scope
6291 silly ADD node_modules/postcss-modules-scope/node_modules/postcss-selector-parser
6292 silly ADD node_modules/postcss-modules-local-by-default
6293 silly ADD node_modules/postcss-modules-local-by-default/node_modules/postcss-selector-parser
6294 silly ADD node_modules/postcss-modules-extract-imports
6295 silly ADD node_modules/postcss-minify-selectors
6296 silly ADD node_modules/postcss-minify-params
6297 silly ADD node_modules/postcss-minify-gradients
6298 silly ADD node_modules/postcss-minify-font-values
6299 silly ADD node_modules/postcss-merge-rules
6300 silly ADD node_modules/postcss-merge-longhand
6301 silly ADD node_modules/postcss-media-minmax
6302 silly ADD node_modules/postcss-logical
6303 silly ADD node_modules/postcss-loader
6304 silly ADD node_modules/postcss-lab-function
6305 silly ADD node_modules/postcss-js
6306 silly ADD node_modules/postcss-initial
6307 silly ADD node_modules/postcss-import
6308 silly ADD node_modules/postcss-image-set-function
6309 silly ADD node_modules/postcss-gap-properties
6310 silly ADD node_modules/postcss-font-variant
6311 silly ADD node_modules/postcss-focus-within
6312 silly ADD node_modules/postcss-focus-visible
6313 silly ADD node_modules/postcss-flexbugs-fixes
6314 silly ADD node_modules/postcss-env-function
6315 silly ADD node_modules/postcss-double-position-gradients
6316 silly ADD node_modules/postcss-discard-overridden
6317 silly ADD node_modules/postcss-discard-empty
6318 silly ADD node_modules/postcss-discard-duplicates
6319 silly ADD node_modules/postcss-discard-comments
6320 silly ADD node_modules/postcss-dir-pseudo-class
6321 silly ADD node_modules/postcss-custom-selectors
6322 silly ADD node_modules/postcss-custom-properties
6323 silly ADD node_modules/postcss-custom-media
6324 silly ADD node_modules/postcss-convert-values
6325 silly ADD node_modules/postcss-colormin
6326 silly ADD node_modules/postcss-color-rebeccapurple
6327 silly ADD node_modules/postcss-color-hex-alpha
6328 silly ADD node_modules/postcss-color-functional-notation
6329 silly ADD node_modules/postcss-clamp
6330 silly ADD node_modules/postcss-calc
6331 silly ADD node_modules/postcss-browser-comments
6332 silly ADD node_modules/postcss-attribute-case-insensitive
6333 silly ADD node_modules/postcss
6334 silly ADD node_modules/possible-typed-array-names
6335 silly ADD node_modules/pkg-up
6336 silly ADD node_modules/pkg-up/node_modules/path-exists
6337 silly ADD node_modules/pkg-up/node_modules/p-locate
6338 silly ADD node_modules/pkg-up/node_modules/locate-path
6339 silly ADD node_modules/pkg-up/node_modules/find-up
6340 silly ADD node_modules/pkg-dir
6341 silly ADD node_modules/pirates
6342 silly ADD node_modules/pify
6343 silly ADD node_modules/picomatch
6344 silly ADD node_modules/picocolors
6345 silly ADD node_modules/performance-now
6346 silly ADD node_modules/path-type
6347 silly ADD node_modules/path-to-regexp
6348 silly ADD node_modules/path-parse
6349 silly ADD node_modules/path-key
6350 silly ADD node_modules/path-is-absolute
6351 silly ADD node_modules/path-exists
6352 silly ADD node_modules/pascal-case
6353 silly ADD node_modules/parseurl
6354 silly ADD node_modules/parse5
6355 silly ADD node_modules/parse-json
6356 silly ADD node_modules/parent-module
6357 silly ADD node_modules/param-case
6358 silly ADD node_modules/p-try
6359 silly ADD node_modules/p-retry
6360 silly ADD node_modules/p-locate
6361 silly ADD node_modules/p-limit
6362 silly ADD node_modules/own-keys
6363 silly ADD node_modules/optionator
6364 silly ADD node_modules/open
6365 silly ADD node_modules/onetime
6366 silly ADD node_modules/once
6367 silly ADD node_modules/on-headers
6368 silly ADD node_modules/on-finished
6369 silly ADD node_modules/obuf
6370 silly ADD node_modules/object.values
6371 silly ADD node_modules/object.groupby
6372 silly ADD node_modules/object.getownpropertydescriptors
6373 silly ADD node_modules/object.fromentries
6374 silly ADD node_modules/object.entries
6375 silly ADD node_modules/object.assign
6376 silly ADD node_modules/object-keys
6377 silly ADD node_modules/object-inspect
6378 silly ADD node_modules/object-hash
6379 silly ADD node_modules/object-assign
6380 silly ADD node_modules/nwsapi
6381 silly ADD node_modules/nth-check
6382 silly ADD node_modules/npm-run-path
6383 silly ADD node_modules/normalize-url
6384 silly ADD node_modules/normalize-range
6385 silly ADD node_modules/normalize-path
6386 silly ADD node_modules/node-releases
6387 silly ADD node_modules/node-int64
6388 silly ADD node_modules/node-forge
6389 silly ADD node_modules/no-case
6390 silly ADD node_modules/neo-async
6391 silly ADD node_modules/negotiator
6392 silly ADD node_modules/natural-compare-lite
6393 silly ADD node_modules/natural-compare
6394 silly ADD node_modules/nanoid
6395 silly ADD node_modules/mz
6396 silly ADD node_modules/multicast-dns
6397 silly ADD node_modules/ms
6398 silly ADD node_modules/mkdirp
6399 silly ADD node_modules/minimist
6400 silly ADD node_modules/minimatch
6401 silly ADD node_modules/minimalistic-assert
6402 silly ADD node_modules/mini-css-extract-plugin
6403 silly ADD node_modules/min-indent
6404 silly ADD node_modules/mimic-fn
6405 silly ADD node_modules/mime-types
6406 silly ADD node_modules/mime-db
6407 silly ADD node_modules/mime
6408 silly ADD node_modules/micromatch
6409 silly ADD node_modules/methods
6410 silly ADD node_modules/merge2
6411 silly ADD node_modules/merge-stream
6412 silly ADD node_modules/merge-descriptors
6413 silly ADD node_modules/memfs
6414 silly ADD node_modules/media-typer
6415 silly ADD node_modules/mdn-data
6416 silly ADD node_modules/math-intrinsics
6417 silly ADD node_modules/makeerror
6418 silly ADD node_modules/make-dir
6419 silly ADD node_modules/make-dir/node_modules/semver
6420 silly ADD node_modules/magic-string
6421 silly ADD node_modules/lz-string
6422 silly ADD node_modules/lru-cache
6423 silly ADD node_modules/lower-case
6424 silly ADD node_modules/loose-envify
6425 silly ADD node_modules/lodash.uniq
6426 silly ADD node_modules/lodash.sortby
6427 silly ADD node_modules/lodash.merge
6428 silly ADD node_modules/lodash.memoize
6429 silly ADD node_modules/lodash.debounce
6430 silly ADD node_modules/lodash
6431 silly ADD node_modules/locate-path
6432 silly ADD node_modules/loader-utils
6433 silly ADD node_modules/loader-runner
6434 silly ADD node_modules/lines-and-columns
6435 silly ADD node_modules/lilconfig
6436 silly ADD node_modules/levn
6437 silly ADD node_modules/leven
6438 silly ADD node_modules/launch-editor
6439 silly ADD node_modules/language-tags
6440 silly ADD node_modules/language-subtag-registry
6441 silly ADD node_modules/klona
6442 silly ADD node_modules/kleur
6443 silly ADD node_modules/kind-of
6444 silly ADD node_modules/keyv
6445 silly ADD node_modules/jsx-ast-utils
6446 silly ADD node_modules/jsonpointer
6447 silly ADD node_modules/jsonpath
6448 silly ADD node_modules/jsonpath/node_modules/esprima
6449 silly ADD node_modules/jsonfile
6450 silly ADD node_modules/json5
6451 silly ADD node_modules/json-stable-stringify-without-jsonify
6452 silly ADD node_modules/json-schema-traverse
6453 silly ADD node_modules/json-schema
6454 silly ADD node_modules/json-parse-even-better-errors
6455 silly ADD node_modules/json-buffer
6456 silly ADD node_modules/jsesc
6457 silly ADD node_modules/jsdom
6458 silly ADD node_modules/js-yaml
6459 silly ADD node_modules/js-tokens
6460 silly ADD node_modules/jiti
6461 silly ADD node_modules/jest-worker
6462 silly ADD node_modules/jest-worker/node_modules/supports-color
6463 silly ADD node_modules/jest-watcher
6464 silly ADD node_modules/jest-watch-typeahead
6465 silly ADD node_modules/jest-watch-typeahead/node_modules/strip-ansi
6466 silly ADD node_modules/jest-watch-typeahead/node_modules/strip-ansi/node_modules/ansi-regex
6467 silly ADD node_modules/jest-watch-typeahead/node_modules/string-length
6468 silly ADD node_modules/jest-watch-typeahead/node_modules/string-length/node_modules/char-regex
6469 silly ADD node_modules/jest-watch-typeahead/node_modules/slash
6470 silly ADD node_modules/jest-watch-typeahead/node_modules/react-is
6471 silly ADD node_modules/jest-watch-typeahead/node_modules/pretty-format
6472 silly ADD node_modules/jest-watch-typeahead/node_modules/jest-watcher
6473 silly ADD node_modules/jest-watch-typeahead/node_modules/jest-watcher/node_modules/strip-ansi
6474 silly ADD node_modules/jest-watch-typeahead/node_modules/jest-watcher/node_modules/string-length
6475 silly ADD node_modules/jest-watch-typeahead/node_modules/jest-util
6476 silly ADD node_modules/jest-watch-typeahead/node_modules/jest-regex-util
6477 silly ADD node_modules/jest-watch-typeahead/node_modules/jest-message-util
6478 silly ADD node_modules/jest-watch-typeahead/node_modules/jest-message-util/node_modules/slash
6479 silly ADD node_modules/jest-watch-typeahead/node_modules/emittery
6480 silly ADD node_modules/jest-watch-typeahead/node_modules/ansi-styles
6481 silly ADD node_modules/jest-watch-typeahead/node_modules/@types/yargs
6482 silly ADD node_modules/jest-watch-typeahead/node_modules/@jest/types
6483 silly ADD node_modules/jest-watch-typeahead/node_modules/@jest/test-result
6484 silly ADD node_modules/jest-watch-typeahead/node_modules/@jest/console
6485 silly ADD node_modules/jest-watch-typeahead/node_modules/@jest/console/node_modules/slash
6486 silly ADD node_modules/jest-validate
6487 silly ADD node_modules/jest-util
6488 silly ADD node_modules/jest-snapshot
6489 silly ADD node_modules/jest-serializer
6490 silly ADD node_modules/jest-runtime
6491 silly ADD node_modules/jest-runner
6492 silly ADD node_modules/jest-resolve-dependencies
6493 silly ADD node_modules/jest-resolve
6494 silly ADD node_modules/jest-regex-util
6495 silly ADD node_modules/jest-pnp-resolver
6496 silly ADD node_modules/jest-mock
6497 silly ADD node_modules/jest-message-util
6498 silly ADD node_modules/jest-matcher-utils
6499 silly ADD node_modules/jest-leak-detector
6500 silly ADD node_modules/jest-jasmine2
6501 silly ADD node_modules/jest-haste-map
6502 silly ADD node_modules/jest-get-type
6503 silly ADD node_modules/jest-environment-node
6504 silly ADD node_modules/jest-environment-jsdom
6505 silly ADD node_modules/jest-each
6506 silly ADD node_modules/jest-docblock
6507 silly ADD node_modules/jest-diff
6508 silly ADD node_modules/jest-config
6509 silly ADD node_modules/jest-cli
6510 silly ADD node_modules/jest-circus
6511 silly ADD node_modules/jest-changed-files
6512 silly ADD node_modules/jest
6513 silly ADD node_modules/jake
6514 silly ADD node_modules/iterator.prototype
6515 silly ADD node_modules/istanbul-reports
6516 silly ADD node_modules/istanbul-lib-source-maps
6517 silly ADD node_modules/istanbul-lib-source-maps/node_modules/source-map
6518 silly ADD node_modules/istanbul-lib-report
6519 silly ADD node_modules/istanbul-lib-report/node_modules/make-dir
6520 silly ADD node_modules/istanbul-lib-instrument
6521 silly ADD node_modules/istanbul-lib-instrument/node_modules/semver
6522 silly ADD node_modules/istanbul-lib-coverage
6523 silly ADD node_modules/isexe
6524 silly ADD node_modules/isarray
6525 silly ADD node_modules/is-wsl
6526 silly ADD node_modules/is-weakset
6527 silly ADD node_modules/is-weakref
6528 silly ADD node_modules/is-weakmap
6529 silly ADD node_modules/is-typedarray
6530 silly ADD node_modules/is-typed-array
6531 silly ADD node_modules/is-symbol
6532 silly ADD node_modules/is-string
6533 silly ADD node_modules/is-stream
6534 silly ADD node_modules/is-shared-array-buffer
6535 silly ADD node_modules/is-set
6536 silly ADD node_modules/is-root
6537 silly ADD node_modules/is-regexp
6538 silly ADD node_modules/is-regex
6539 silly ADD node_modules/is-potential-custom-element-name
6540 silly ADD node_modules/is-plain-obj
6541 silly ADD node_modules/is-path-inside
6542 silly ADD node_modules/is-obj
6543 silly ADD node_modules/is-number-object
6544 silly ADD node_modules/is-number
6545 silly ADD node_modules/is-negative-zero
6546 silly ADD node_modules/is-module
6547 silly ADD node_modules/is-map
6548 silly ADD node_modules/is-glob
6549 silly ADD node_modules/is-generator-function
6550 silly ADD node_modules/is-generator-fn
6551 silly ADD node_modules/is-fullwidth-code-point
6552 silly ADD node_modules/is-finalizationregistry
6553 silly ADD node_modules/is-extglob
6554 silly ADD node_modules/is-docker
6555 silly ADD node_modules/is-date-object
6556 silly ADD node_modules/is-data-view
6557 silly ADD node_modules/is-core-module
6558 silly ADD node_modules/is-callable
6559 silly ADD node_modules/is-boolean-object
6560 silly ADD node_modules/is-binary-path
6561 silly ADD node_modules/is-bigint
6562 silly ADD node_modules/is-async-function
6563 silly ADD node_modules/is-arrayish
6564 silly ADD node_modules/is-array-buffer
6565 silly ADD node_modules/ipaddr.js
6566 silly ADD node_modules/internal-slot
6567 silly ADD node_modules/ini
6568 silly ADD node_modules/inherits
6569 silly ADD node_modules/inflight
6570 silly ADD node_modules/indent-string
6571 silly ADD node_modules/imurmurhash
6572 silly ADD node_modules/import-local
6573 silly ADD node_modules/import-fresh
6574 silly ADD node_modules/import-fresh/node_modules/resolve-from
6575 silly ADD node_modules/immer
6576 silly ADD node_modules/ignore
6577 silly ADD node_modules/identity-obj-proxy
6578 silly ADD node_modules/idb
6579 silly ADD node_modules/icss-utils
6580 silly ADD node_modules/iconv-lite
6581 silly ADD node_modules/human-signals
6582 silly ADD node_modules/https-proxy-agent
6583 silly ADD node_modules/http-proxy-middleware
6584 silly ADD node_modules/http-proxy-agent
6585 silly ADD node_modules/http-proxy
6586 silly ADD node_modules/http-parser-js
6587 silly ADD node_modules/http-errors
6588 silly ADD node_modules/http-deceiver
6589 silly ADD node_modules/htmlparser2
6590 silly ADD node_modules/html-webpack-plugin
6591 silly ADD node_modules/html-minifier-terser
6592 silly ADD node_modules/html-escaper
6593 silly ADD node_modules/html-entities
6594 silly ADD node_modules/html-encoding-sniffer
6595 silly ADD node_modules/hpack.js
6596 silly ADD node_modules/hpack.js/node_modules/string_decoder
6597 silly ADD node_modules/hpack.js/node_modules/safe-buffer
6598 silly ADD node_modules/hpack.js/node_modules/readable-stream
6599 silly ADD node_modules/hpack.js/node_modules/isarray
6600 silly ADD node_modules/hoopy
6601 silly ADD node_modules/he
6602 silly ADD node_modules/hasown
6603 silly ADD node_modules/has-tostringtag
6604 silly ADD node_modules/has-symbols
6605 silly ADD node_modules/has-proto
6606 silly ADD node_modules/has-property-descriptors
6607 silly ADD node_modules/has-flag
6608 silly ADD node_modules/has-bigints
6609 silly ADD node_modules/harmony-reflect
6610 silly ADD node_modules/handle-thing
6611 silly ADD node_modules/gzip-size
6612 silly ADD node_modules/graphemer
6613 silly ADD node_modules/graceful-fs
6614 silly ADD node_modules/gopd
6615 silly ADD node_modules/globby
6616 silly ADD node_modules/globalthis
6617 silly ADD node_modules/globals
6618 silly ADD node_modules/global-prefix
6619 silly ADD node_modules/global-prefix/node_modules/which
6620 silly ADD node_modules/global-modules
6621 silly ADD node_modules/glob-to-regexp
6622 silly ADD node_modules/glob-parent
6623 silly ADD node_modules/glob
6624 silly ADD node_modules/get-symbol-description
6625 silly ADD node_modules/get-stream
6626 silly ADD node_modules/get-proto
6627 silly ADD node_modules/get-package-type
6628 silly ADD node_modules/get-own-enumerable-property-symbols
6629 silly ADD node_modules/get-intrinsic
6630 silly ADD node_modules/get-caller-file
6631 silly ADD node_modules/gensync
6632 silly ADD node_modules/generator-function
6633 silly ADD node_modules/functions-have-names
6634 silly ADD node_modules/function.prototype.name
6635 silly ADD node_modules/function-bind
6636 silly ADD node_modules/fs.realpath
6637 silly ADD node_modules/fs-monkey
6638 silly ADD node_modules/fs-extra
6639 silly ADD node_modules/fresh
6640 silly ADD node_modules/fraction.js
6641 silly ADD node_modules/forwarded
6642 silly ADD node_modules/form-data
6643 silly ADD node_modules/fork-ts-checker-webpack-plugin
6644 silly ADD node_modules/fork-ts-checker-webpack-plugin/node_modules/tapable
6645 silly ADD node_modules/fork-ts-checker-webpack-plugin/node_modules/schema-utils
6646 silly ADD node_modules/fork-ts-checker-webpack-plugin/node_modules/fs-extra
6647 silly ADD node_modules/fork-ts-checker-webpack-plugin/node_modules/cosmiconfig
6648 silly ADD node_modules/for-each
6649 silly ADD node_modules/follow-redirects
6650 silly ADD node_modules/flatted
6651 silly ADD node_modules/flat-cache
6652 silly ADD node_modules/find-up
6653 silly ADD node_modules/find-cache-dir
6654 silly ADD node_modules/finalhandler
6655 silly ADD node_modules/finalhandler/node_modules/ms
6656 silly ADD node_modules/finalhandler/node_modules/debug
6657 silly ADD node_modules/fill-range
6658 silly ADD node_modules/filesize
6659 silly ADD node_modules/filelist
6660 silly ADD node_modules/filelist/node_modules/minimatch
6661 silly ADD node_modules/filelist/node_modules/brace-expansion
6662 silly ADD node_modules/file-loader
6663 silly ADD node_modules/file-loader/node_modules/schema-utils
6664 silly ADD node_modules/file-entry-cache
6665 silly ADD node_modules/fb-watchman
6666 silly ADD node_modules/faye-websocket
6667 silly ADD node_modules/fastq
6668 silly ADD node_modules/fast-uri
6669 silly ADD node_modules/fast-levenshtein
6670 silly ADD node_modules/fast-json-stable-stringify
6671 silly ADD node_modules/fast-glob
6672 silly ADD node_modules/fast-glob/node_modules/glob-parent
6673 silly ADD node_modules/fast-deep-equal
6674 silly ADD node_modules/express
6675 silly ADD node_modules/express/node_modules/ms
6676 silly ADD node_modules/express/node_modules/debug
6677 silly ADD node_modules/expect
6678 silly ADD node_modules/exit
6679 silly ADD node_modules/execa
6680 silly ADD node_modules/events
6681 silly ADD node_modules/eventemitter3
6682 silly ADD node_modules/etag
6683 silly ADD node_modules/esutils
6684 silly ADD node_modules/estree-walker
6685 silly ADD node_modules/estraverse
6686 silly ADD node_modules/esrecurse
6687 silly ADD node_modules/esquery
6688 silly ADD node_modules/esprima
6689 silly ADD node_modules/espree
6690 silly ADD node_modules/eslint-webpack-plugin
6691 silly ADD node_modules/eslint-webpack-plugin/node_modules/supports-color
6692 silly ADD node_modules/eslint-webpack-plugin/node_modules/jest-worker
6693 silly ADD node_modules/eslint-visitor-keys
6694 silly ADD node_modules/eslint-scope
6695 silly ADD node_modules/eslint-plugin-testing-library
6696 silly ADD node_modules/eslint-plugin-react-hooks
6697 silly ADD node_modules/eslint-plugin-react
6698 silly ADD node_modules/eslint-plugin-react/node_modules/semver
6699 silly ADD node_modules/eslint-plugin-react/node_modules/resolve
6700 silly ADD node_modules/eslint-plugin-react/node_modules/doctrine
6701 silly ADD node_modules/eslint-plugin-jsx-a11y
6702 silly ADD node_modules/eslint-plugin-jest
6703 silly ADD node_modules/eslint-plugin-import
6704 silly ADD node_modules/eslint-plugin-import/node_modules/semver
6705 silly ADD node_modules/eslint-plugin-import/node_modules/doctrine
6706 silly ADD node_modules/eslint-plugin-import/node_modules/debug
6707 silly ADD node_modules/eslint-plugin-flowtype
6708 silly ADD node_modules/eslint-module-utils
6709 silly ADD node_modules/eslint-module-utils/node_modules/debug
6710 silly ADD node_modules/eslint-import-resolver-node
6711 silly ADD node_modules/eslint-import-resolver-node/node_modules/debug
6712 silly ADD node_modules/eslint-config-react-app
6713 silly ADD node_modules/eslint
6714 silly ADD node_modules/eslint/node_modules/p-locate
6715 silly ADD node_modules/eslint/node_modules/p-limit
6716 silly ADD node_modules/eslint/node_modules/locate-path
6717 silly ADD node_modules/eslint/node_modules/js-yaml
6718 silly ADD node_modules/eslint/node_modules/find-up
6719 silly ADD node_modules/eslint/node_modules/argparse
6720 silly ADD node_modules/escodegen
6721 silly ADD node_modules/escodegen/node_modules/source-map
6722 silly ADD node_modules/escape-string-regexp
6723 silly ADD node_modules/escape-html
6724 silly ADD node_modules/escalade
6725 silly ADD node_modules/es-to-primitive
6726 silly ADD node_modules/es-shim-unscopables
6727 silly ADD node_modules/es-set-tostringtag
6728 silly ADD node_modules/es-object-atoms
6729 silly ADD node_modules/es-module-lexer
6730 silly ADD node_modules/es-iterator-helpers
6731 silly ADD node_modules/es-errors
6732 silly ADD node_modules/es-define-property
6733 silly ADD node_modules/es-array-method-boxes-properly
6734 silly ADD node_modules/es-abstract
6735 silly ADD node_modules/error-stack-parser
6736 silly ADD node_modules/error-ex
6737 silly ADD node_modules/entities
6738 silly ADD node_modules/enhanced-resolve
6739 silly ADD node_modules/encodeurl
6740 silly ADD node_modules/emojis-list
6741 silly ADD node_modules/emoji-regex
6742 silly ADD node_modules/emittery
6743 silly ADD node_modules/electron-to-chromium
6744 silly ADD node_modules/ejs
6745 silly ADD node_modules/ee-first
6746 silly ADD node_modules/duplexer
6747 silly ADD node_modules/dunder-proto
6748 silly ADD node_modules/dotenv-expand
6749 silly ADD node_modules/dotenv
6750 silly ADD node_modules/dot-case
6751 silly ADD node_modules/domutils
6752 silly ADD node_modules/domhandler
6753 silly ADD node_modules/domexception
6754 silly ADD node_modules/domexception/node_modules/webidl-conversions
6755 silly ADD node_modules/domelementtype
6756 silly ADD node_modules/dom-serializer
6757 silly ADD node_modules/dom-converter
6758 silly ADD node_modules/dom-accessibility-api
6759 silly ADD node_modules/doctrine
6760 silly ADD node_modules/dns-packet
6761 silly ADD node_modules/dlv
6762 silly ADD node_modules/dir-glob
6763 silly ADD node_modules/diff-sequences
6764 silly ADD node_modules/didyoumean
6765 silly ADD node_modules/detect-port-alt
6766 silly ADD node_modules/detect-port-alt/node_modules/ms
6767 silly ADD node_modules/detect-port-alt/node_modules/debug
6768 silly ADD node_modules/detect-node
6769 silly ADD node_modules/detect-newline
6770 silly ADD node_modules/destroy
6771 silly ADD node_modules/dequal
6772 silly ADD node_modules/depd
6773 silly ADD node_modules/delayed-stream
6774 silly ADD node_modules/define-properties
6775 silly ADD node_modules/define-lazy-prop
6776 silly ADD node_modules/define-data-property
6777 silly ADD node_modules/default-gateway
6778 silly ADD node_modules/deepmerge
6779 silly ADD node_modules/deep-is
6780 silly ADD node_modules/dedent
6781 silly ADD node_modules/decimal.js
6782 silly ADD node_modules/debug
6783 silly ADD node_modules/data-view-byte-offset
6784 silly ADD node_modules/data-view-byte-length
6785 silly ADD node_modules/data-view-buffer
6786 silly ADD node_modules/data-urls
6787 silly ADD node_modules/damerau-levenshtein
6788 silly ADD node_modules/cssstyle
6789 silly ADD node_modules/cssstyle/node_modules/cssom
6790 silly ADD node_modules/cssom
6791 silly ADD node_modules/csso
6792 silly ADD node_modules/csso/node_modules/source-map
6793 silly ADD node_modules/csso/node_modules/mdn-data
6794 silly ADD node_modules/csso/node_modules/css-tree
6795 silly ADD node_modules/cssnano-utils
6796 silly ADD node_modules/cssnano-preset-default
6797 silly ADD node_modules/cssnano
6798 silly ADD node_modules/cssesc
6799 silly ADD node_modules/cssdb
6800 silly ADD node_modules/css.escape
6801 silly ADD node_modules/css-what
6802 silly ADD node_modules/css-tree
6803 silly ADD node_modules/css-tree/node_modules/source-map
6804 silly ADD node_modules/css-select-base-adapter
6805 silly ADD node_modules/css-select
6806 silly ADD node_modules/css-prefers-color-scheme
6807 silly ADD node_modules/css-minimizer-webpack-plugin
6808 silly ADD node_modules/css-minimizer-webpack-plugin/node_modules/source-map
6809 silly ADD node_modules/css-loader
6810 silly ADD node_modules/css-has-pseudo
6811 silly ADD node_modules/css-declaration-sorter
6812 silly ADD node_modules/css-blank-pseudo
6813 silly ADD node_modules/crypto-random-string
6814 silly ADD node_modules/cross-spawn
6815 silly ADD node_modules/cosmiconfig
6816 silly ADD node_modules/core-util-is
6817 silly ADD node_modules/core-js-pure
6818 silly ADD node_modules/core-js-compat
6819 silly ADD node_modules/core-js
6820 silly ADD node_modules/cookie-signature
6821 silly ADD node_modules/cookie
6822 silly ADD node_modules/convert-source-map
6823 silly ADD node_modules/content-type
6824 silly ADD node_modules/content-disposition
6825 silly ADD node_modules/connect-history-api-fallback
6826 silly ADD node_modules/confusing-browser-globals
6827 silly ADD node_modules/concat-map
6828 silly ADD node_modules/compression
6829 silly ADD node_modules/compression/node_modules/ms
6830 silly ADD node_modules/compression/node_modules/debug
6831 silly ADD node_modules/compressible
6832 silly ADD node_modules/commondir
6833 silly ADD node_modules/common-tags
6834 silly ADD node_modules/commander
6835 silly ADD node_modules/combined-stream
6836 silly ADD node_modules/colorette
6837 silly ADD node_modules/colord
6838 silly ADD node_modules/color-name
6839 silly ADD node_modules/color-convert
6840 silly ADD node_modules/collect-v8-coverage
6841 silly ADD node_modules/coa
6842 silly ADD node_modules/coa/node_modules/supports-color
6843 silly ADD node_modules/coa/node_modules/has-flag
6844 silly ADD node_modules/coa/node_modules/escape-string-regexp
6845 silly ADD node_modules/coa/node_modules/color-name
6846 silly ADD node_modules/coa/node_modules/color-convert
6847 silly ADD node_modules/coa/node_modules/chalk
6848 silly ADD node_modules/coa/node_modules/ansi-styles
6849 silly ADD node_modules/co
6850 silly ADD node_modules/cliui
6851 silly ADD node_modules/clean-css
6852 silly ADD node_modules/clean-css/node_modules/source-map
6853 silly ADD node_modules/cjs-module-lexer
6854 silly ADD node_modules/ci-info
6855 silly ADD node_modules/chrome-trace-event
6856 silly ADD node_modules/chokidar
6857 silly ADD node_modules/chokidar/node_modules/glob-parent
6858 silly ADD node_modules/check-types
6859 silly ADD node_modules/char-regex
6860 silly ADD node_modules/chalk
6861 silly ADD node_modules/case-sensitive-paths-webpack-plugin
6862 silly ADD node_modules/caniuse-lite
6863 silly ADD node_modules/caniuse-api
6864 silly ADD node_modules/camelcase-css
6865 silly ADD node_modules/camelcase
6866 silly ADD node_modules/camel-case
6867 silly ADD node_modules/callsites
6868 silly ADD node_modules/call-bound
6869 silly ADD node_modules/call-bind-apply-helpers
6870 silly ADD node_modules/call-bind
6871 silly ADD node_modules/bytes
6872 silly ADD node_modules/builtin-modules
6873 silly ADD node_modules/buffer-from
6874 silly ADD node_modules/bser
6875 silly ADD node_modules/browserslist
6876 silly ADD node_modules/browser-process-hrtime
6877 silly ADD node_modules/braces
6878 silly ADD node_modules/brace-expansion
6879 silly ADD node_modules/boolbase
6880 silly ADD node_modules/bonjour-service
6881 silly ADD node_modules/body-parser
6882 silly ADD node_modules/body-parser/node_modules/ms
6883 silly ADD node_modules/body-parser/node_modules/iconv-lite
6884 silly ADD node_modules/body-parser/node_modules/debug
6885 silly ADD node_modules/bluebird
6886 silly ADD node_modules/binary-extensions
6887 silly ADD node_modules/big.js
6888 silly ADD node_modules/bfj
6889 silly ADD node_modules/batch
6890 silly ADD node_modules/baseline-browser-mapping
6891 silly ADD node_modules/balanced-match
6892 silly ADD node_modules/babel-preset-react-app
6893 silly ADD node_modules/babel-preset-react-app/node_modules/@babel/plugin-proposal-private-property-in-object
6894 silly ADD node_modules/babel-preset-jest
6895 silly ADD node_modules/babel-preset-current-node-syntax
6896 silly ADD node_modules/babel-plugin-transform-react-remove-prop-types
6897 silly ADD node_modules/babel-plugin-polyfill-regenerator
6898 silly ADD node_modules/babel-plugin-polyfill-corejs3
6899 silly ADD node_modules/babel-plugin-polyfill-corejs2
6900 silly ADD node_modules/babel-plugin-polyfill-corejs2/node_modules/semver
6901 silly ADD node_modules/babel-plugin-named-asset-import
6902 silly ADD node_modules/babel-plugin-macros
6903 silly ADD node_modules/babel-plugin-jest-hoist
6904 silly ADD node_modules/babel-plugin-istanbul
6905 silly ADD node_modules/babel-loader
6906 silly ADD node_modules/babel-loader/node_modules/schema-utils
6907 silly ADD node_modules/babel-jest
6908 silly ADD node_modules/axobject-query
6909 silly ADD node_modules/axe-core
6910 silly ADD node_modules/available-typed-arrays
6911 silly ADD node_modules/autoprefixer
6912 silly ADD node_modules/at-least-node
6913 silly ADD node_modules/asynckit
6914 silly ADD node_modules/async-function
6915 silly ADD node_modules/async
6916 silly ADD node_modules/ast-types-flow
6917 silly ADD node_modules/asap
6918 silly ADD node_modules/arraybuffer.prototype.slice
6919 silly ADD node_modules/array.prototype.tosorted
6920 silly ADD node_modules/array.prototype.reduce
6921 silly ADD node_modules/array.prototype.flatmap
6922 silly ADD node_modules/array.prototype.flat
6923 silly ADD node_modules/array.prototype.findlastindex
6924 silly ADD node_modules/array.prototype.findlast
6925 silly ADD node_modules/array-union
6926 silly ADD node_modules/array-includes
6927 silly ADD node_modules/array-flatten
6928 silly ADD node_modules/array-buffer-byte-length
6929 silly ADD node_modules/aria-query
6930 silly ADD node_modules/argparse
6931 silly ADD node_modules/arg
6932 silly ADD node_modules/anymatch
6933 silly ADD node_modules/any-promise
6934 silly ADD node_modules/ansi-styles
6935 silly ADD node_modules/ansi-regex
6936 silly ADD node_modules/ansi-html-community
6937 silly ADD node_modules/ansi-html
6938 silly ADD node_modules/ansi-escapes
6939 silly ADD node_modules/ansi-escapes/node_modules/type-fest
6940 silly ADD node_modules/ajv-keywords
6941 silly ADD node_modules/ajv-formats
6942 silly ADD node_modules/ajv-formats/node_modules/json-schema-traverse
6943 silly ADD node_modules/ajv-formats/node_modules/ajv
6944 silly ADD node_modules/ajv
6945 silly ADD node_modules/agent-base
6946 silly ADD node_modules/adjust-sourcemap-loader
6947 silly ADD node_modules/address
6948 silly ADD node_modules/acorn-walk
6949 silly ADD node_modules/acorn-jsx
6950 silly ADD node_modules/acorn-import-phases
6951 silly ADD node_modules/acorn-globals
6952 silly ADD node_modules/acorn-globals/node_modules/acorn
6953 silly ADD node_modules/acorn
6954 silly ADD node_modules/accepts
6955 silly ADD node_modules/accepts/node_modules/negotiator
6956 silly ADD node_modules/abab
6957 silly ADD node_modules/@xtuc/long
6958 silly ADD node_modules/@xtuc/ieee754
6959 silly ADD node_modules/@webassemblyjs/wast-printer
6960 silly ADD node_modules/@webassemblyjs/wasm-parser
6961 silly ADD node_modules/@webassemblyjs/wasm-opt
6962 silly ADD node_modules/@webassemblyjs/wasm-gen
6963 silly ADD node_modules/@webassemblyjs/wasm-edit
6964 silly ADD node_modules/@webassemblyjs/utf8
6965 silly ADD node_modules/@webassemblyjs/leb128
6966 silly ADD node_modules/@webassemblyjs/ieee754
6967 silly ADD node_modules/@webassemblyjs/helper-wasm-section
6968 silly ADD node_modules/@webassemblyjs/helper-wasm-bytecode
6969 silly ADD node_modules/@webassemblyjs/helper-numbers
6970 silly ADD node_modules/@webassemblyjs/helper-buffer
6971 silly ADD node_modules/@webassemblyjs/helper-api-error
6972 silly ADD node_modules/@webassemblyjs/floating-point-hex-parser
6973 silly ADD node_modules/@webassemblyjs/ast
6974 silly ADD node_modules/@ungap/structured-clone
6975 silly ADD node_modules/@typescript-eslint/visitor-keys
6976 silly ADD node_modules/@typescript-eslint/utils
6977 silly ADD node_modules/@typescript-eslint/utils/node_modules/estraverse
6978 silly ADD node_modules/@typescript-eslint/utils/node_modules/eslint-scope
6979 silly ADD node_modules/@typescript-eslint/typescript-estree
6980 silly ADD node_modules/@typescript-eslint/types
6981 silly ADD node_modules/@typescript-eslint/type-utils
6982 silly ADD node_modules/@typescript-eslint/scope-manager
6983 silly ADD node_modules/@typescript-eslint/parser
6984 silly ADD node_modules/@typescript-eslint/experimental-utils
6985 silly ADD node_modules/@typescript-eslint/eslint-plugin
6986 silly ADD node_modules/@types/yargs-parser
6987 silly ADD node_modules/@types/yargs
6988 silly ADD node_modules/@types/ws
6989 silly ADD node_modules/@types/trusted-types
6990 silly ADD node_modules/@types/stack-utils
6991 silly ADD node_modules/@types/sockjs
6992 silly ADD node_modules/@types/serve-static
6993 silly ADD node_modules/@types/serve-static/node_modules/@types/send
6994 silly ADD node_modules/@types/serve-index
6995 silly ADD node_modules/@types/send
6996 silly ADD node_modules/@types/semver
6997 silly ADD node_modules/@types/retry
6998 silly ADD node_modules/@types/resolve
6999 silly ADD node_modules/@types/range-parser
7000 silly ADD node_modules/@types/qs
7001 silly ADD node_modules/@types/q
7002 silly ADD node_modules/@types/prettier
7003 silly ADD node_modules/@types/parse-json
7004 silly ADD node_modules/@types/node-forge
7005 silly ADD node_modules/@types/node
7006 silly ADD node_modules/@types/mime
7007 silly ADD node_modules/@types/json5
7008 silly ADD node_modules/@types/json-schema
7009 silly ADD node_modules/@types/istanbul-reports
7010 silly ADD node_modules/@types/istanbul-lib-report
7011 silly ADD node_modules/@types/istanbul-lib-coverage
7012 silly ADD node_modules/@types/http-proxy
7013 silly ADD node_modules/@types/http-errors
7014 silly ADD node_modules/@types/html-minifier-terser
7015 silly ADD node_modules/@types/graceful-fs
7016 silly ADD node_modules/@types/express-serve-static-core
7017 silly ADD node_modules/@types/express
7018 silly ADD node_modules/@types/express/node_modules/@types/express-serve-static-core
7019 silly ADD node_modules/@types/estree
7020 silly ADD node_modules/@types/eslint-scope
7021 silly ADD node_modules/@types/eslint
7022 silly ADD node_modules/@types/connect-history-api-fallback
7023 silly ADD node_modules/@types/connect
7024 silly ADD node_modules/@types/bonjour
7025 silly ADD node_modules/@types/body-parser
7026 silly ADD node_modules/@types/babel__traverse
7027 silly ADD node_modules/@types/babel__template
7028 silly ADD node_modules/@types/babel__generator
7029 silly ADD node_modules/@types/babel__core
7030 silly ADD node_modules/@types/aria-query
7031 silly ADD node_modules/@trysound/sax
7032 silly ADD node_modules/@tootallnate/once
7033 silly ADD node_modules/@testing-library/user-event
7034 silly ADD node_modules/@testing-library/react
7035 silly ADD node_modules/@testing-library/jest-dom
7036 silly ADD node_modules/@testing-library/jest-dom/node_modules/dom-accessibility-api
7037 silly ADD node_modules/@testing-library/dom
7038 silly ADD node_modules/@testing-library/dom/node_modules/aria-query
7039 silly ADD node_modules/@svgr/webpack
7040 silly ADD node_modules/@svgr/plugin-svgo
7041 silly ADD node_modules/@svgr/plugin-jsx
7042 silly ADD node_modules/@svgr/hast-util-to-babel-ast
7043 silly ADD node_modules/@svgr/core
7044 silly ADD node_modules/@svgr/babel-preset
7045 silly ADD node_modules/@svgr/babel-plugin-transform-svg-component
7046 silly ADD node_modules/@svgr/babel-plugin-transform-react-native-svg
7047 silly ADD node_modules/@svgr/babel-plugin-svg-em-dimensions
7048 silly ADD node_modules/@svgr/babel-plugin-svg-dynamic-title
7049 silly ADD node_modules/@svgr/babel-plugin-replace-jsx-attribute-value
7050 silly ADD node_modules/@svgr/babel-plugin-remove-jsx-empty-expression
7051 silly ADD node_modules/@svgr/babel-plugin-remove-jsx-attribute
7052 silly ADD node_modules/@svgr/babel-plugin-add-jsx-attribute
7053 silly ADD node_modules/@surma/rollup-plugin-off-main-thread
7054 silly ADD node_modules/@sinonjs/fake-timers
7055 silly ADD node_modules/@sinonjs/commons
7056 silly ADD node_modules/@sinclair/typebox
7057 silly ADD node_modules/@rushstack/eslint-patch
7058 silly ADD node_modules/@rtsao/scc
7059 silly ADD node_modules/@rollup/pluginutils
7060 silly ADD node_modules/@rollup/pluginutils/node_modules/@types/estree
7061 silly ADD node_modules/@rollup/plugin-replace
7062 silly ADD node_modules/@rollup/plugin-node-resolve
7063 silly ADD node_modules/@rollup/plugin-babel
7064 silly ADD node_modules/@pmmmwh/react-refresh-webpack-plugin
7065 silly ADD node_modules/@nodelib/fs.walk
7066 silly ADD node_modules/@nodelib/fs.stat
7067 silly ADD node_modules/@nodelib/fs.scandir
7068 silly ADD node_modules/@nicolo-ribaudo/eslint-scope-5-internals
7069 silly ADD node_modules/@nicolo-ribaudo/eslint-scope-5-internals/node_modules/estraverse
7070 silly ADD node_modules/@nicolo-ribaudo/eslint-scope-5-internals/node_modules/eslint-scope
7071 silly ADD node_modules/@leichtgewicht/ip-codec
7072 silly ADD node_modules/@jridgewell/trace-mapping
7073 silly ADD node_modules/@jridgewell/sourcemap-codec
7074 silly ADD node_modules/@jridgewell/source-map
7075 silly ADD node_modules/@jridgewell/resolve-uri
7076 silly ADD node_modules/@jridgewell/remapping
7077 silly ADD node_modules/@jridgewell/gen-mapping
7078 silly ADD node_modules/@jest/types
7079 silly ADD node_modules/@jest/transform
7080 silly ADD node_modules/@jest/transform/node_modules/source-map
7081 silly ADD node_modules/@jest/transform/node_modules/convert-source-map
7082 silly ADD node_modules/@jest/test-sequencer
7083 silly ADD node_modules/@jest/test-result
7084 silly ADD node_modules/@jest/source-map
7085 silly ADD node_modules/@jest/source-map/node_modules/source-map
7086 silly ADD node_modules/@jest/schemas
7087 silly ADD node_modules/@jest/reporters
7088 silly ADD node_modules/@jest/reporters/node_modules/source-map
7089 silly ADD node_modules/@jest/globals
7090 silly ADD node_modules/@jest/fake-timers
7091 silly ADD node_modules/@jest/environment
7092 silly ADD node_modules/@jest/core
7093 silly ADD node_modules/@jest/console
7094 silly ADD node_modules/@istanbuljs/schema
7095 silly ADD node_modules/@istanbuljs/load-nyc-config
7096 silly ADD node_modules/@istanbuljs/load-nyc-config/node_modules/camelcase
7097 silly ADD node_modules/@humanwhocodes/object-schema
7098 silly ADD node_modules/@humanwhocodes/module-importer
7099 silly ADD node_modules/@humanwhocodes/config-array
7100 silly ADD node_modules/@eslint/js
7101 silly ADD node_modules/@eslint/eslintrc
7102 silly ADD node_modules/@eslint/eslintrc/node_modules/js-yaml
7103 silly ADD node_modules/@eslint/eslintrc/node_modules/argparse
7104 silly ADD node_modules/@eslint-community/regexpp
7105 silly ADD node_modules/@eslint-community/eslint-utils
7106 silly ADD node_modules/@csstools/selector-specificity
7107 silly ADD node_modules/@csstools/postcss-unset-value
7108 silly ADD node_modules/@csstools/postcss-trigonometric-functions
7109 silly ADD node_modules/@csstools/postcss-text-decoration-shorthand
7110 silly ADD node_modules/@csstools/postcss-stepped-value-functions
7111 silly ADD node_modules/@csstools/postcss-progressive-custom-properties
7112 silly ADD node_modules/@csstools/postcss-oklab-function
7113 silly ADD node_modules/@csstools/postcss-normalize-display-values
7114 silly ADD node_modules/@csstools/postcss-nested-calc
7115 silly ADD node_modules/@csstools/postcss-is-pseudo-class
7116 silly ADD node_modules/@csstools/postcss-ic-unit
7117 silly ADD node_modules/@csstools/postcss-hwb-function
7118 silly ADD node_modules/@csstools/postcss-font-format-keywords
7119 silly ADD node_modules/@csstools/postcss-color-function
7120 silly ADD node_modules/@csstools/postcss-cascade-layers
7121 silly ADD node_modules/@csstools/normalize.css
7122 silly ADD node_modules/@bcoe/v8-coverage
7123 silly ADD node_modules/@babel/types
7124 silly ADD node_modules/@babel/traverse
7125 silly ADD node_modules/@babel/template
7126 silly ADD node_modules/@babel/runtime
7127 silly ADD node_modules/@babel/preset-typescript
7128 silly ADD node_modules/@babel/preset-react
7129 silly ADD node_modules/@babel/preset-modules
7130 silly ADD node_modules/@babel/preset-env
7131 silly ADD node_modules/@babel/preset-env/node_modules/semver
7132 silly ADD node_modules/@babel/plugin-transform-unicode-sets-regex
7133 silly ADD node_modules/@babel/plugin-transform-unicode-regex
7134 silly ADD node_modules/@babel/plugin-transform-unicode-property-regex
7135 silly ADD node_modules/@babel/plugin-transform-unicode-escapes
7136 silly ADD node_modules/@babel/plugin-transform-typescript
7137 silly ADD node_modules/@babel/plugin-transform-typeof-symbol
7138 silly ADD node_modules/@babel/plugin-transform-template-literals
7139 silly ADD node_modules/@babel/plugin-transform-sticky-regex
7140 silly ADD node_modules/@babel/plugin-transform-spread
7141 silly ADD node_modules/@babel/plugin-transform-shorthand-properties
7142 silly ADD node_modules/@babel/plugin-transform-runtime
7143 silly ADD node_modules/@babel/plugin-transform-runtime/node_modules/semver
7144 silly ADD node_modules/@babel/plugin-transform-reserved-words
7145 silly ADD node_modules/@babel/plugin-transform-regexp-modifiers
7146 silly ADD node_modules/@babel/plugin-transform-regenerator
7147 silly ADD node_modules/@babel/plugin-transform-react-pure-annotations
7148 silly ADD node_modules/@babel/plugin-transform-react-jsx-development
7149 silly ADD node_modules/@babel/plugin-transform-react-jsx
7150 silly ADD node_modules/@babel/plugin-transform-react-display-name
7151 silly ADD node_modules/@babel/plugin-transform-react-constant-elements
7152 silly ADD node_modules/@babel/plugin-transform-property-literals
7153 silly ADD node_modules/@babel/plugin-transform-private-property-in-object
7154 silly ADD node_modules/@babel/plugin-transform-private-methods
7155 silly ADD node_modules/@babel/plugin-transform-parameters
7156 silly ADD node_modules/@babel/plugin-transform-optional-chaining
7157 silly ADD node_modules/@babel/plugin-transform-optional-catch-binding
7158 silly ADD node_modules/@babel/plugin-transform-object-super
7159 silly ADD node_modules/@babel/plugin-transform-object-rest-spread
7160 silly ADD node_modules/@babel/plugin-transform-numeric-separator
7161 silly ADD node_modules/@babel/plugin-transform-nullish-coalescing-operator
7162 silly ADD node_modules/@babel/plugin-transform-new-target
7163 silly ADD node_modules/@babel/plugin-transform-named-capturing-groups-regex
7164 silly ADD node_modules/@babel/plugin-transform-modules-umd
7165 silly ADD node_modules/@babel/plugin-transform-modules-systemjs
7166 silly ADD node_modules/@babel/plugin-transform-modules-commonjs
7167 silly ADD node_modules/@babel/plugin-transform-modules-amd
7168 silly ADD node_modules/@babel/plugin-transform-member-expression-literals
7169 silly ADD node_modules/@babel/plugin-transform-logical-assignment-operators
7170 silly ADD node_modules/@babel/plugin-transform-literals
7171 silly ADD node_modules/@babel/plugin-transform-json-strings
7172 silly ADD node_modules/@babel/plugin-transform-function-name
7173 silly ADD node_modules/@babel/plugin-transform-for-of
7174 silly ADD node_modules/@babel/plugin-transform-flow-strip-types
7175 silly ADD node_modules/@babel/plugin-transform-export-namespace-from
7176 silly ADD node_modules/@babel/plugin-transform-exponentiation-operator
7177 silly ADD node_modules/@babel/plugin-transform-explicit-resource-management
7178 silly ADD node_modules/@babel/plugin-transform-dynamic-import
7179 silly ADD node_modules/@babel/plugin-transform-duplicate-named-capturing-groups-regex
7180 silly ADD node_modules/@babel/plugin-transform-duplicate-keys
7181 silly ADD node_modules/@babel/plugin-transform-dotall-regex
7182 silly ADD node_modules/@babel/plugin-transform-destructuring
7183 silly ADD node_modules/@babel/plugin-transform-computed-properties
7184 silly ADD node_modules/@babel/plugin-transform-classes
7185 silly ADD node_modules/@babel/plugin-transform-class-static-block
7186 silly ADD node_modules/@babel/plugin-transform-class-properties
7187 silly ADD node_modules/@babel/plugin-transform-block-scoping
7188 silly ADD node_modules/@babel/plugin-transform-block-scoped-functions
7189 silly ADD node_modules/@babel/plugin-transform-async-to-generator
7190 silly ADD node_modules/@babel/plugin-transform-async-generator-functions
7191 silly ADD node_modules/@babel/plugin-transform-arrow-functions
7192 silly ADD node_modules/@babel/plugin-syntax-unicode-sets-regex
7193 silly ADD node_modules/@babel/plugin-syntax-typescript
7194 silly ADD node_modules/@babel/plugin-syntax-top-level-await
7195 silly ADD node_modules/@babel/plugin-syntax-private-property-in-object
7196 silly ADD node_modules/@babel/plugin-syntax-optional-chaining
7197 silly ADD node_modules/@babel/plugin-syntax-optional-catch-binding
7198 silly ADD node_modules/@babel/plugin-syntax-object-rest-spread
7199 silly ADD node_modules/@babel/plugin-syntax-numeric-separator
7200 silly ADD node_modules/@babel/plugin-syntax-nullish-coalescing-operator
7201 silly ADD node_modules/@babel/plugin-syntax-logical-assignment-operators
7202 silly ADD node_modules/@babel/plugin-syntax-jsx
7203 silly ADD node_modules/@babel/plugin-syntax-json-strings
7204 silly ADD node_modules/@babel/plugin-syntax-import-meta
7205 silly ADD node_modules/@babel/plugin-syntax-import-attributes
7206 silly ADD node_modules/@babel/plugin-syntax-import-assertions
7207 silly ADD node_modules/@babel/plugin-syntax-flow
7208 silly ADD node_modules/@babel/plugin-syntax-decorators
7209 silly ADD node_modules/@babel/plugin-syntax-class-static-block
7210 silly ADD node_modules/@babel/plugin-syntax-class-properties
7211 silly ADD node_modules/@babel/plugin-syntax-bigint
7212 silly ADD node_modules/@babel/plugin-syntax-async-generators
7213 silly ADD node_modules/@babel/plugin-proposal-private-property-in-object
7214 silly ADD node_modules/@babel/plugin-proposal-private-methods
7215 silly ADD node_modules/@babel/plugin-proposal-optional-chaining
7216 silly ADD node_modules/@babel/plugin-proposal-numeric-separator
7217 silly ADD node_modules/@babel/plugin-proposal-nullish-coalescing-operator
7218 silly ADD node_modules/@babel/plugin-proposal-decorators
7219 silly ADD node_modules/@babel/plugin-proposal-class-properties
7220 silly ADD node_modules/@babel/plugin-bugfix-v8-static-class-fields-redefine-readonly
7221 silly ADD node_modules/@babel/plugin-bugfix-v8-spread-parameters-in-optional-chaining
7222 silly ADD node_modules/@babel/plugin-bugfix-safari-id-destructuring-collision-in-function-expression
7223 silly ADD node_modules/@babel/plugin-bugfix-safari-class-field-initializer-scope
7224 silly ADD node_modules/@babel/plugin-bugfix-firefox-class-in-computed-class-key
7225 silly ADD node_modules/@babel/parser
7226 silly ADD node_modules/@babel/helpers
7227 silly ADD node_modules/@babel/helper-wrap-function
7228 silly ADD node_modules/@babel/helper-validator-option
7229 silly ADD node_modules/@babel/helper-validator-identifier
7230 silly ADD node_modules/@babel/helper-string-parser
7231 silly ADD node_modules/@babel/helper-skip-transparent-expression-wrappers
7232 silly ADD node_modules/@babel/helper-replace-supers
7233 silly ADD node_modules/@babel/helper-remap-async-to-generator
7234 silly ADD node_modules/@babel/helper-plugin-utils
7235 silly ADD node_modules/@babel/helper-optimise-call-expression
7236 silly ADD node_modules/@babel/helper-module-transforms
7237 silly ADD node_modules/@babel/helper-module-imports
7238 silly ADD node_modules/@babel/helper-member-expression-to-functions
7239 silly ADD node_modules/@babel/helper-globals
7240 silly ADD node_modules/@babel/helper-define-polyfill-provider
7241 silly ADD node_modules/@babel/helper-create-regexp-features-plugin
7242 silly ADD node_modules/@babel/helper-create-regexp-features-plugin/node_modules/semver
7243 silly ADD node_modules/@babel/helper-create-class-features-plugin
7244 silly ADD node_modules/@babel/helper-create-class-features-plugin/node_modules/semver
7245 silly ADD node_modules/@babel/helper-compilation-targets
7246 silly ADD node_modules/@babel/helper-compilation-targets/node_modules/semver
7247 silly ADD node_modules/@babel/helper-annotate-as-pure
7248 silly ADD node_modules/@babel/generator
7249 silly ADD node_modules/@babel/eslint-parser
7250 silly ADD node_modules/@babel/eslint-parser/node_modules/semver
7251 silly ADD node_modules/@babel/eslint-parser/node_modules/eslint-visitor-keys
7252 silly ADD node_modules/@babel/core
7253 silly ADD node_modules/@babel/core/node_modules/semver
7254 silly ADD node_modules/@babel/compat-data
7255 silly ADD node_modules/@babel/code-frame
7256 silly ADD node_modules/@alloc/quick-lru
7257 silly ADD node_modules/@adobe/css-tools
7258 verbose cwd D:\dev\workspaces\js\bbortt.github.io
7259 verbose os Windows_NT 10.0.19045
7260 verbose node v24.11.1
7261 verbose npm  v11.6.2
7262 notice
7262 notice New [33mminor[39m version of npm available! [33m11.6.2[39m -> [34m11.7.0[39m
7262 notice Changelog: [34mhttps://github.com/npm/cli/releases/tag/v11.7.0[39m
7262 notice To update run: [4mnpm install -g npm@11.7.0[24m
7262 notice  { force: true, Symbol(proc-log.meta): true }
7263 verbose exit 0
7264 info ok
